   Compiling ggml v0.1.0 (/home/jeffrey/works/personal/github/fly88oj/llama.rust/crates/ggml)
warning: unused doc comment
   --> crates/ggml/src/ops.rs:391:1
    |
391 | / /// glibc `erff` — the same libm symbol the reference build's
392 | | /// `ggml_vec_gelu_erf_f32` calls (vec.h:1010-1015 is a plain scalar loop;
393 | | /// no SIMD `ggml_v_gelu_erf` exists at this commit, and erf is not in
394 | | /// libmvec's default -O3 auto-vectorization set — the dump's kind-3 raw
395 | | /// section proves the op == raw erff). Rust std has no `erf`, so the port
396 | | /// binds the libc symbol directly: values are bit-identical by construction
397 | | /// and no new dependency is introduced (std already links libm on Linux).
    | |__________________________________________________________________________^
398 |   #[link(name = "m")]
399 | / extern "C" {
400 | |     fn erff(x: f32) -> f32;
401 | | }
    | |_- rustdoc does not generate documentation for extern blocks
    |
    = help: use `//` for a plain comment
    = note: `#[warn(unused_doc_comments)]` (part of `#[warn(unused)]`) on by default

warning: unused doc comment
   --> crates/ggml/src/simd_x86.rs:925:5
    |
925 | /     /// AVX2 body of [`vec_dot_q6_K_q8_K`] (see the module docs for why the
926 | |     /// `#[target_feature]` attribute has to live on this function).
    | |_____---------------------------------------------------------------^
    |       |
    |       rustdoc does not generate documentation for macro invocations
    |
    = help: to document an item produced by a macro, the macro must produce the documentation as part of its expansion

warning: unused doc comment
   --> crates/ggml/src/simd_x86.rs:932:5
    |
932 | /     /// Same body compiled with AVX512F/VL/BW enabled - the instruction
933 | |     /// selection the reference build gets on this machine (EVEX encodings,
934 | |     /// the xmm16-31 register file, `vpternlog`-fused AND/OR pairs). Lanes
935 | |     /// and op order identical to the AVX2 body; see
936 | |     /// [`vec_dot_q6_K_q8_K`].
    | |_____-------------------------^
    |       |
    |       rustdoc does not generate documentation for macro invocations
    |
    = help: to document an item produced by a macro, the macro must produce the documentation as part of its expansion

warning: unused doc comment
   --> crates/ggml/src/tinyblas.rs:118:1
    |
118 | / /// How many `gemm` calls each `Op` served *on this thread*, as a *wiring*
119 | | /// probe: the dump tests pin the kernel and the predicate, this pins that
120 | | /// `compute.rs`'s `mul_mat` actually routes there (and nowhere else) for a real
121 | | /// graph. Thread-local so that cargo's parallel test threads cannot pollute a
122 | | /// measurement; `Team::run` always executes shard 0 on the calling thread, so a
123 | | /// routed `mul_mat` shows up here.
    | |_----------------------------------^
    |   |
    |   rustdoc does not generate documentation for macro invocations
    |
    = help: to document an item produced by a macro, the macro must produce the documentation as part of its expansion

warning: unused import: `RN`
   --> crates/ggml/src/tinyblas.rs:461:25
    |
461 |     use super::{Op, RM, RN};
    |                         ^^
    |
    = note: `#[warn(unused_imports)]` (part of `#[warn(unused)]`) on by default

warning: unused import: `crate::tensor::GgmlOp`
    --> crates/ggml/src/compute.rs:6932:9
     |
6932 |     use crate::tensor::GgmlOp;
     |         ^^^^^^^^^^^^^^^^^^^^^
     |
     = note: `#[warn(unused_imports)]` (part of `#[warn(unused)]`) on by default

warning: unnecessary parentheses around function argument
    --> crates/ggml/src/compute.rs:9340:37
     |
9340 |                 exps[r] = ggml_expf(((ref_logits[t][r] - mx) as f32));
     |                                     ^                              ^
     |
     = note: `#[warn(unused_parens)]` (part of `#[warn(unused)]`) on by default
help: remove these parentheses
     |
9340 -                 exps[r] = ggml_expf(((ref_logits[t][r] - mx) as f32));
9340 +                 exps[r] = ggml_expf((ref_logits[t][r] - mx) as f32);
     |

warning: unused import: `crate::ops`
    --> crates/ggml/src/compute.rs:9802:13
     |
9802 |         use crate::ops;
     |             ^^^^^^^^^^

warning: duplicated attribute
    --> crates/ggml/src/flash_attn.rs:1919:5
     |
1919 |     #[test]
     |     ^^^^^^^
     |
     = note: `#[warn(duplicate_macro_attributes)]` on by default

warning: unused import: `bytemuck::Zeroable`
    --> crates/ggml/src/repack.rs:6199:9
     |
6199 |     use bytemuck::Zeroable;
     |         ^^^^^^^^^^^^^^^^^^

warning: unused import: `RN`
   --> crates/ggml/src/tinyblas.rs:461:25
    |
461 |     use super::{Op, RM, RN};
    |                         ^^

warning: unused import: `super::reduce_add16`
    --> crates/ggml/src/vec_dot.rs:2228:9
     |
2228 |     use super::reduce_add16;
     |         ^^^^^^^^^^^^^^^^^^^

warning: unnecessary `unsafe` block
    --> crates/ggml/src/backend_emit.rs:1062:9
     |
1062 |         unsafe {
     |         ^^^^^^ unnecessary `unsafe` block
     |
     = note: `#[warn(unused_unsafe)]` (part of `#[warn(unused)]`) on by default

warning: unused variable: `nb0`
    --> crates/ggml/src/compute.rs:4285:14
     |
4285 |         let (nb0, nb1, nb2, nb3) = (td.nb[0] as usize, td.nb[1] as usize, td.nb[2] as usize, td.nb[3] as usize);
     |              ^^^ help: if this is intentional, prefix it with an underscore: `_nb0`
     |
     = note: `#[warn(unused_variables)]` (part of `#[warn(unused)]`) on by default

warning: unused variable: `nb3`
    --> crates/ggml/src/compute.rs:4648:29
     |
4648 |         let (nb0, nb1, nb2, nb3) = (td.nb[0] as usize, td.nb[1] as usize, td.nb[2] as usize, td.nb[3] as usize);
     |                             ^^^ help: if this is intentional, prefix it with an underscore: `_nb3`

warning: unnecessary `unsafe` block
   --> crates/ggml/src/flash_attn.rs:463:24
    |
463 |                 return unsafe {
    |                        ^^^^^^ unnecessary `unsafe` block

warning: unnecessary `unsafe` block
   --> crates/ggml/src/flash_attn.rs:596:21
    |
596 |                     unsafe {
    |                     ^^^^^^ unnecessary `unsafe` block

warning: unused variable: `t`
   --> crates/ggml/src/gguf.rs:138:26
    |
138 |             Value::Array(t, _) => GgufType::Array, // element type kept inside
    |                          ^ help: if this is intentional, prefix it with an underscore: `_t`

warning: unused variable: `ne00`
    --> crates/ggml/src/tiled.rs:1540:10
     |
1540 |     let (ne00, ne01) = (c.ne00, c.ne01);
     |          ^^^^ help: if this is intentional, prefix it with an underscore: `_ne00`

warning: field `placement` is never read
   --> crates/ggml/src/backend_emit.rs:309:5
    |
305 | struct PendingBind {
    |        ----------- field in this struct
...
309 |     placement: Placement,
    |     ^^^^^^^^^
    |
    = note: `#[warn(dead_code)]` (part of `#[warn(unused)]`) on by default

warning: fields `cpu_dev`, `gpu_backend`, and `cpu_backend` are never read
   --> crates/ggml/src/backend_emit.rs:324:5
    |
318 | pub struct ForeignExecutor {
    |            --------------- fields in this struct
...
324 |     cpu_dev: *mut GgmlBackendDevT,
    |     ^^^^^^^
325 |     gpu_backend: *mut GgmlBackendT,
    |     ^^^^^^^^^^^
326 |     cpu_backend: *mut GgmlBackendT,
    |     ^^^^^^^^^^^

warning: function `dsv4_lcg` is never used
    --> crates/ggml/src/compute.rs:9873:8
     |
9873 |     fn dsv4_lcg(seed: u32, n: usize) -> Vec<f32> {
     |        ^^^^^^^^

warning: function `dsv4_lcg_cont` is never used
    --> crates/ggml/src/compute.rs:9879:8
     |
9879 |     fn dsv4_lcg_cont(seed: u32, skip: usize, n: usize) -> Vec<f32> {
     |        ^^^^^^^^^^^^^

warning: function `dsv4_ref_dump` is never used
    --> crates/ggml/src/compute.rs:9893:8
     |
9893 |     fn dsv4_ref_dump() -> (Vec<usize>, Vec<f32>) {
     |        ^^^^^^^^^^^^^

warning: field `nth` is never read
    --> crates/ggml/src/tiled.rs:1527:9
     |
1509 | pub(crate) struct MmidArgs {
     |                   -------- field in this struct
...
1527 |     pub nth: usize,
     |         ^^^
     |
     = note: `MmidArgs` has a derived impl for the trait `Clone`, but this is intentionally ignored during dead code analysis

warning: fields `heads` and `n_seqs` are never read
   --> crates/ggml/src/wkv.rs:184:5
    |
181 | struct WkvGeom {
    |        ------- fields in this struct
...
184 |     heads: usize,   // H
    |     ^^^^^
185 |     t: usize,       // T
186 |     n_seqs: usize,  // state->ne[1]
    |     ^^^^^^
    |
    = note: `WkvGeom` has a derived impl for the trait `Clone`, but this is intentionally ignored during dead code analysis

warning: function `dequantize_row_q2_K` should have a snake case name
   --> crates/ggml/src/quants.rs:431:8
    |
431 | pub fn dequantize_row_q2_K(x: &[BlockQ2K], y: &mut [f32]) {
    |        ^^^^^^^^^^^^^^^^^^^ help: convert the identifier to snake case (notice the capitalization): `dequantize_row_q2_k`
    |
    = note: `#[warn(non_snake_case)]` (part of `#[warn(nonstandard_style)]`) on by default

warning: function `dequantize_row_q3_K` should have a snake case name
   --> crates/ggml/src/quants.rs:467:8
    |
467 | pub fn dequantize_row_q3_K(x: &[BlockQ3K], y: &mut [f32]) {
    |        ^^^^^^^^^^^^^^^^^^^ help: convert the identifier to snake case (notice the capitalization): `dequantize_row_q3_k`

warning: function `dequantize_row_q4_K` should have a snake case name
   --> crates/ggml/src/quants.rs:519:8
    |
519 | pub fn dequantize_row_q4_K(x: &[BlockQ4K], y: &mut [f32]) {
    |        ^^^^^^^^^^^^^^^^^^^ help: convert the identifier to snake case (notice the capitalization): `dequantize_row_q4_k`

warning: function `dequantize_row_q5_K` should have a snake case name
   --> crates/ggml/src/quants.rs:549:8
    |
549 | pub fn dequantize_row_q5_K(x: &[BlockQ5K], y: &mut [f32]) {
    |        ^^^^^^^^^^^^^^^^^^^ help: convert the identifier to snake case (notice the capitalization): `dequantize_row_q5_k`

warning: function `dequantize_row_q6_K` should have a snake case name
   --> crates/ggml/src/quants.rs:585:8
    |
585 | pub fn dequantize_row_q6_K(x: &[BlockQ6K], y: &mut [f32]) {
    |        ^^^^^^^^^^^^^^^^^^^ help: convert the identifier to snake case (notice the capitalization): `dequantize_row_q6_k`

warning: function `quantize_row_q8_K_ref` should have a snake case name
   --> crates/ggml/src/quants.rs:615:8
    |
615 | pub fn quantize_row_q8_K_ref(x: &[f32], y: &mut [BlockQ8K]) {
    |        ^^^^^^^^^^^^^^^^^^^^^ help: convert the identifier to snake case (notice the capitalization): `quantize_row_q8_k_ref`

warning: function `quantize_row_q8_K` should have a snake case name
   --> crates/ggml/src/quants.rs:652:8
    |
652 | pub fn quantize_row_q8_K(x: &[f32], y: &mut [BlockQ8K]) {
    |        ^^^^^^^^^^^^^^^^^ help: convert the identifier to snake case (notice the capitalization): `quantize_row_q8_k`

warning: function `quantize_row_q2_K_ref` should have a snake case name
    --> crates/ggml/src/quants_k.rs:1685:8
     |
1685 | pub fn quantize_row_q2_K_ref(x: &[f32], y: &mut [BlockQ2K]) {
     |        ^^^^^^^^^^^^^^^^^^^^^ help: convert the identifier to snake case (notice the capitalization): `quantize_row_q2_k_ref`

warning: function `quantize_row_q3_K_ref` should have a snake case name
    --> crates/ggml/src/quants_k.rs:1775:8
     |
1775 | pub fn quantize_row_q3_K_ref(x: &[f32], y: &mut [BlockQ3K]) {
     |        ^^^^^^^^^^^^^^^^^^^^^ help: convert the identifier to snake case (notice the capitalization): `quantize_row_q3_k_ref`

warning: function `quantize_row_q4_K_ref` should have a snake case name
    --> crates/ggml/src/quants_k.rs:1861:8
     |
1861 | pub fn quantize_row_q4_K_ref(x: &[f32], y: &mut [BlockQ4K]) {
     |        ^^^^^^^^^^^^^^^^^^^^^ help: convert the identifier to snake case (notice the capitalization): `quantize_row_q4_k_ref`

warning: function `quantize_row_q5_K_ref` should have a snake case name
    --> crates/ggml/src/quants_k.rs:1952:8
     |
1952 | pub fn quantize_row_q5_K_ref(x: &[f32], y: &mut [BlockQ5K]) {
     |        ^^^^^^^^^^^^^^^^^^^^^ help: convert the identifier to snake case (notice the capitalization): `quantize_row_q5_k_ref`

warning: function `quantize_row_q6_K_ref` should have a snake case name
    --> crates/ggml/src/quants_k.rs:2058:8
     |
2058 | pub fn quantize_row_q6_K_ref(x: &[f32], y: &mut [BlockQ6K]) {
     |        ^^^^^^^^^^^^^^^^^^^^^ help: convert the identifier to snake case (notice the capitalization): `quantize_row_q6_k_ref`

warning: function `quantize_row_q2_K_impl` should have a snake case name
   --> crates/ggml/src/quants_impl.rs:353:8
    |
353 | pub fn quantize_row_q2_K_impl(x: &[f32], y: &mut [BlockQ2K], quant_weights: &[f32]) {
    |        ^^^^^^^^^^^^^^^^^^^^^^ help: convert the identifier to snake case (notice the capitalization): `quantize_row_q2_k_impl`

warning: function `quantize_row_q3_K_impl` should have a snake case name
   --> crates/ggml/src/quants_impl.rs:438:8
    |
438 | pub fn quantize_row_q3_K_impl(x: &[f32], y: &mut [BlockQ3K], quant_weights: &[f32]) {
    |        ^^^^^^^^^^^^^^^^^^^^^^ help: convert the identifier to snake case (notice the capitalization): `quantize_row_q3_k_impl`

warning: function `quantize_row_q4_K_impl` should have a snake case name
   --> crates/ggml/src/quants_impl.rs:531:8
    |
531 | pub fn quantize_row_q4_K_impl(x: &[f32], y: &mut [BlockQ4K], quant_weights: &[f32]) {
    |        ^^^^^^^^^^^^^^^^^^^^^^ help: convert the identifier to snake case (notice the capitalization): `quantize_row_q4_k_impl`

warning: function `quantize_row_q5_K_impl` should have a snake case name
   --> crates/ggml/src/quants_impl.rs:625:8
    |
625 | pub fn quantize_row_q5_K_impl(x: &[f32], y: &mut [BlockQ5K], quant_weights: &[f32]) {
    |        ^^^^^^^^^^^^^^^^^^^^^^ help: convert the identifier to snake case (notice the capitalization): `quantize_row_q5_k_impl`

warning: function `quantize_row_q6_K_impl` should have a snake case name
   --> crates/ggml/src/quants_impl.rs:737:8
    |
737 | pub fn quantize_row_q6_K_impl(x: &[f32], y: &mut [BlockQ6K], quant_weights: &[f32]) {
    |        ^^^^^^^^^^^^^^^^^^^^^^ help: convert the identifier to snake case (notice the capitalization): `quantize_row_q6_k_impl`

warning: function `make_block_q4_Kx8` should have a snake case name
    --> crates/ggml/src/repack.rs:1336:8
     |
1336 | pub fn make_block_q4_Kx8(in8: &[u8], out: &mut [u8]) {
     |        ^^^^^^^^^^^^^^^^^ help: convert the identifier to snake case (notice the capitalization): `make_block_q4_kx8`

warning: function `repack_q4_K_8x8_into` should have a snake case name
    --> crates/ggml/src/repack.rs:1418:8
     |
1418 | pub fn repack_q4_K_8x8_into(src: &[u8], nrows: usize, n_per_row: usize, dst: &mut [u8]) {
     |        ^^^^^^^^^^^^^^^^^^^^ help: convert the identifier to snake case (notice the capitalization): `repack_q4_k_8x8_into`

warning: function `repack_q4_K_8x8` should have a snake case name
    --> crates/ggml/src/repack.rs:1454:8
     |
1454 | pub fn repack_q4_K_8x8(src: &[u8], nrows: usize, n_per_row: usize) -> Vec<u8> {
     |        ^^^^^^^^^^^^^^^ help: convert the identifier to snake case (notice the capitalization): `repack_q4_k_8x8`

warning: function `unrepack_q4_K_8x8` should have a snake case name
    --> crates/ggml/src/repack.rs:1469:8
     |
1469 | pub fn unrepack_q4_K_8x8(src: &[u8], nrows: usize, n_per_row: usize) -> Vec<u8> {
     |        ^^^^^^^^^^^^^^^^^ help: convert the identifier to snake case (notice the capitalization): `unrepack_q4_k_8x8`

warning: function `quantize_mat_q8_K_4x8` should have a snake case name
    --> crates/ggml/src/repack.rs:1544:8
     |
1544 | pub fn quantize_mat_q8_K_4x8(x: &[f32], k: usize, n_rows: usize, out: &mut [u8]) {
     |        ^^^^^^^^^^^^^^^^^^^^^ help: convert the identifier to snake case (notice the capitalization): `quantize_mat_q8_k_4x8`

warning: function `gemv_q4_K_8x8_q8_K_scalar` should have a snake case name
    --> crates/ggml/src/repack.rs:1621:8
     |
1621 | pub fn gemv_q4_K_8x8_q8_K_scalar(n: usize, s: &mut [f32], vx: &[u8], vy: &[u8], nc: usize) {
     |        ^^^^^^^^^^^^^^^^^^^^^^^^^ help: convert the identifier to snake case (notice the capitalization): `gemv_q4_k_8x8_q8_k_scalar`

warning: function `gemm_q4_K_8x8_q8_K_scalar` should have a snake case name
    --> crates/ggml/src/repack.rs:1675:8
     |
1675 | pub fn gemm_q4_K_8x8_q8_K_scalar(
     |        ^^^^^^^^^^^^^^^^^^^^^^^^^ help: convert the identifier to snake case (notice the capitalization): `gemm_q4_k_8x8_q8_k_scalar`

warning: function `gemv_q4_K_8x8_q8_K` should have a snake case name
    --> crates/ggml/src/repack.rs:3088:8
     |
3088 | pub fn gemv_q4_K_8x8_q8_K(n: usize, s: &mut [f32], vx: &[u8], vy: &[u8], nc: usize) {
     |        ^^^^^^^^^^^^^^^^^^ help: convert the identifier to snake case (notice the capitalization): `gemv_q4_k_8x8_q8_k`

warning: function `gemm_q4_K_8x8_q8_K` should have a snake case name
    --> crates/ggml/src/repack.rs:3113:8
     |
3113 | pub fn gemm_q4_K_8x8_q8_K(
     |        ^^^^^^^^^^^^^^^^^^ help: convert the identifier to snake case (notice the capitalization): `gemm_q4_k_8x8_q8_k`

warning: function `repack_q4_K_8x8_cached` should have a snake case name
    --> crates/ggml/src/repack.rs:4407:8
     |
4407 | pub fn repack_q4_K_8x8_cached(
     |        ^^^^^^^^^^^^^^^^^^^^^^ help: convert the identifier to snake case (notice the capitalization): `repack_q4_k_8x8_cached`

warning: variable `raw_89AB_0` should have a snake case name
    --> crates/ggml/src/repack.rs:3623:13
     |
3623 |         let raw_89AB_0 = _mm256_loadu_si256(q1 as *const __m256i);
     |             ^^^^^^^^^^ help: convert the identifier to snake case: `raw_89_ab_0`

warning: variable `raw_CDEF_0` should have a snake case name
    --> crates/ggml/src/repack.rs:3624:13
     |
3624 |         let raw_CDEF_0 = _mm256_loadu_si256(q1.add(32) as *const __m256i);
     |             ^^^^^^^^^^ help: convert the identifier to snake case: `raw_cdef_0`

warning: variable `raw_89AB_1` should have a snake case name
    --> crates/ggml/src/repack.rs:3625:13
     |
3625 |         let raw_89AB_1 = _mm256_loadu_si256(q1.add(64) as *const __m256i);
     |             ^^^^^^^^^^ help: convert the identifier to snake case: `raw_89_ab_1`

warning: variable `raw_CDEF_1` should have a snake case name
    --> crates/ggml/src/repack.rs:3626:13
     |
3626 |         let raw_CDEF_1 = _mm256_loadu_si256(q1.add(96) as *const __m256i);
     |             ^^^^^^^^^^ help: convert the identifier to snake case: `raw_cdef_1`

warning: variable `raw_89CD_0` should have a snake case name
    --> crates/ggml/src/repack.rs:3636:13
     |
3636 |         let raw_89CD_0 =
     |             ^^^^^^^^^^ help: convert the identifier to snake case: `raw_89_cd_0`

warning: variable `raw_ABEF_0` should have a snake case name
    --> crates/ggml/src/repack.rs:3638:13
     |
3638 |         let raw_ABEF_0 =
     |             ^^^^^^^^^^ help: convert the identifier to snake case: `raw_abef_0`

warning: variable `raw_89CD_1` should have a snake case name
    --> crates/ggml/src/repack.rs:3640:13
     |
3640 |         let raw_89CD_1 =
     |             ^^^^^^^^^^ help: convert the identifier to snake case: `raw_89_cd_1`

warning: variable `raw_ABEF_1` should have a snake case name
    --> crates/ggml/src/repack.rs:3642:13
     |
3642 |         let raw_ABEF_1 =
     |             ^^^^^^^^^^ help: convert the identifier to snake case: `raw_abef_1`

warning: variable `raw_014589CD_0` should have a snake case name
    --> crates/ggml/src/repack.rs:3645:13
     |
3645 |         let raw_014589CD_0 = _mm512_inserti32x8::<1>(_mm512_castsi256_si512(raw_0145_0), raw_89CD_0);
     |             ^^^^^^^^^^^^^^ help: convert the identifier to snake case: `raw_014589_cd_0`

warning: variable `raw_2367ABEF_0` should have a snake case name
    --> crates/ggml/src/repack.rs:3646:13
     |
3646 |         let raw_2367ABEF_0 = _mm512_inserti32x8::<1>(_mm512_castsi256_si512(raw_2367_0), raw_ABEF_0);
     |             ^^^^^^^^^^^^^^ help: convert the identifier to snake case: `raw_2367_abef_0`

warning: variable `raw_014589CD_1` should have a snake case name
    --> crates/ggml/src/repack.rs:3647:13
     |
3647 |         let raw_014589CD_1 = _mm512_inserti32x8::<1>(_mm512_castsi256_si512(raw_0145_1), raw_89CD_1);
     |             ^^^^^^^^^^^^^^ help: convert the identifier to snake case: `raw_014589_cd_1`

warning: variable `raw_2367ABEF_1` should have a snake case name
    --> crates/ggml/src/repack.rs:3648:13
     |
3648 |         let raw_2367ABEF_1 = _mm512_inserti32x8::<1>(_mm512_castsi256_si512(raw_2367_1), raw_ABEF_1);
     |             ^^^^^^^^^^^^^^ help: convert the identifier to snake case: `raw_2367_abef_1`

warning: variable `mat_014589CD` should have a snake case name
    --> crates/ggml/src/repack.rs:3652:13
     |
3652 |         let mat_014589CD = [lut_(raw_014589CD_0), lut_(raw_014589CD_1), srl4(raw_014589CD_0), srl4(raw_014589CD_1)];
     |             ^^^^^^^^^^^^ help: convert the identifier to snake case: `mat_014589_cd`

warning: variable `mat_2367ABEF` should have a snake case name
    --> crates/ggml/src/repack.rs:3653:13
     |
3653 |         let mat_2367ABEF = [lut_(raw_2367ABEF_0), lut_(raw_2367ABEF_1), srl4(raw_2367ABEF_0), srl4(raw_2367ABEF_1)];
     |             ^^^^^^^^^^^^ help: convert the identifier to snake case: `mat_2367_abef`

warning: unused variable: `round`
    --> crates/ggml/src/compute.rs:7111:25
     |
7111 |                     for round in 0..2 {
     |                         ^^^^^ help: if this is intentional, prefix it with an underscore: `_round`

warning: variable does not need to be mutable
    --> crates/ggml/src/flash_attn.rs:2068:13
     |
2068 |         let mut next = |o: &mut usize| -> Vec<u8> {
     |             ----^^^^
     |             |
     |             help: remove this `mut`
     |
     = note: `#[warn(unused_mut)]` (part of `#[warn(unused)]`) on by default

warning: variable does not need to be mutable
    --> crates/ggml/src/repack.rs:4826:13
     |
4826 |         let mut next = |o: &mut usize| -> Vec<u8> {
     |             ----^^^^
     |             |
     |             help: remove this `mut`

warning: variable does not need to be mutable
    --> crates/ggml/src/repack.rs:5447:13
     |
5447 |         let mut section = |c: &mut &[u8]| -> Vec<u8> {
     |             ----^^^^^^^
     |             |
     |             help: remove this `mut`

warning: variable does not need to be mutable
    --> crates/ggml/src/repack.rs:5857:13
     |
5857 |         let mut section = |c: &mut &[u8]| -> Vec<u8> {
     |             ----^^^^^^^
     |             |
     |             help: remove this `mut`

warning: unnecessary `unsafe` block
    --> crates/ggml/src/simd_x86.rs:1972:34
     |
1972 |                 let mut b = vec![unsafe { crate::blocks::BlockQ6K::zeroed() }; nbk];
     |                                  ^^^^^^ unnecessary `unsafe` block

warning: unnecessary `unsafe` block
    --> crates/ggml/src/simd_x86.rs:1980:34
     |
1980 |                 let mut b = vec![unsafe { crate::blocks::BlockQ8K::zeroed() }; nbk];
     |                                  ^^^^^^ unnecessary `unsafe` block

warning: unnecessary `unsafe` block
    --> crates/ggml/src/simd_x86.rs:2040:23
     |
2040 |             let got = unsafe { vec_dot_f16(n, x.as_ptr(), y.as_ptr()) };
     |                       ^^^^^^ unnecessary `unsafe` block

warning: unnecessary `unsafe` block
    --> crates/ggml/src/simd_x86.rs:2050:13
     |
2050 |             unsafe { vec_mad_f16(ym2.as_mut_ptr() as *mut u16, x.as_ptr(), v, n) };
     |             ^^^^^^ unnecessary `unsafe` block

warning: unnecessary `unsafe` block
    --> crates/ggml/src/simd_x86.rs:2062:13
     |
2062 |             unsafe { vec_scale_f16(ys2.as_mut_ptr() as *mut u16, vs, n) };
     |             ^^^^^^ unnecessary `unsafe` block

   Compiling llama v0.1.0 (/home/jeffrey/works/personal/github/fly88oj/llama.rust/crates/llama)
warning: variable `macc_total` is assigned to, but never used
    --> crates/ggml/src/vec_dot.rs:2623:21
     |
2623 |                 let mut macc_total = 0i64;
     |                     ^^^^^^^^^^^^^^
     |
     = note: consider using `_macc_total` instead

warning: value assigned to `macc_total` is never read
    --> crates/ggml/src/vec_dot.rs:2638:21
     |
2638 |                     macc_total += t.macc as i64;
     |                     ^^^^^^^^^^^^^^^^^^^^^^^^^^^
     |
     = help: maybe it is overwritten before being read?
     = note: `#[warn(unused_assignments)]` (part of `#[warn(unused)]`) on by default

warning: variable does not need to be mutable
    --> crates/ggml/src/vec_dot.rs:2750:13
     |
2750 |         let mut section = |c: &mut &[u8]| -> Vec<u8> {
     |             ----^^^^^^^
     |             |
     |             help: remove this `mut`

warning: variable does not need to be mutable
    --> crates/ggml/src/vec_dot.rs:3052:13
     |
3052 |         let mut next = |state: &mut u32| -> u32 {
     |             ----^^^^
     |             |
     |             help: remove this `mut`

warning: function `fill_f32` is never used
    --> crates/ggml/src/backend_emit.rs:1089:8
     |
1089 |     fn fill_f32(ctx: &mut Context, t: TensorId, f: impl Fn(usize) -> f32) {
     |        ^^^^^^^^

warning: function `graph_path_matches_ref` is never used
    --> crates/ggml/src/flash_attn.rs:1997:8
     |
1997 |     fn graph_path_matches_ref() {
     |        ^^^^^^^^^^^^^^^^^^^^^^

warning: function `lcg_bytes` is never used
    --> crates/ggml/src/repack.rs:4599:8
     |
4599 |     fn lcg_bytes(n: usize, seed: u32) -> Vec<u8> {
     |        ^^^^^^^^^

warning: field `gemm_gen` is never read
    --> crates/ggml/src/repack.rs:4817:9
     |
4804 |     struct Dump {
     |            ---- field in this struct
...
4817 |         gemm_gen: Vec<f32>,
     |         ^^^^^^^^

warning: function `ne11_of` is never used
    --> crates/ggml/src/tiled.rs:1808:8
     |
1808 |     fn ne11_of(cols: u32) -> usize {
     |        ^^^^^^^

warning: function `ref_input` is never used
    --> crates/ggml/src/vec_dot.rs:2125:8
     |
2125 |     fn ref_input(n: usize) -> Vec<f32> {
     |        ^^^^^^^^^

warning: unused import: `ggml::types::GgmlType`
  --> crates/llama/src/graph.rs:11:5
   |
11 | use ggml::types::GgmlType;
   |     ^^^^^^^^^^^^^^^^^^^^^
   |
   = note: `#[warn(unused_imports)]` (part of `#[warn(unused)]`) on by default

warning: unnecessary parentheses around assigned value
    --> crates/llama/src/mtmd_audio.rs:1851:13
     |
1851 |             ((samples_padded.len() as i64 - frame_size as i64) / frame_step as i64 + 1);
     |             ^                                                                         ^
     |
     = note: `#[warn(unused_parens)]` (part of `#[warn(unused)]`) on by default
help: remove these parentheses
     |
1851 -             ((samples_padded.len() as i64 - frame_size as i64) / frame_step as i64 + 1);
1851 +             (samples_padded.len() as i64 - frame_size as i64) / frame_step as i64 + 1;
     |

warning: unused variable: `mmap`
    --> crates/llama/src/clip.rs:2561:9
     |
2561 |     let mmap =
     |         ^^^^ help: if this is intentional, prefix it with an underscore: `_mmap`
     |
     = note: `#[warn(unused_variables)]` (part of `#[warn(unused)]`) on by default

warning: variable does not need to be mutable
    --> crates/llama/src/clip.rs:3847:5
     |
3847 |     mut inp: TensorId,
     |     ----^^^
     |     |
     |     help: remove this `mut`
     |
     = note: `#[warn(unused_mut)]` (part of `#[warn(unused)]`) on by default

warning: variable does not need to be mutable
    --> crates/llama/src/clip.rs:4327:9
     |
4327 |     let mut cur = cx.transpose(inp_raw);
     |         ----^^^
     |         |
     |         help: remove this `mut`

warning: variable does not need to be mutable
    --> crates/llama/src/clip.rs:5273:17
     |
5273 |             let mut vcur = cx.reshape_3d(vcur, d_head, n_head, n_pos);
     |                 ----^^^^
     |                 |
     |                 help: remove this `mut`

warning: variable does not need to be mutable
    --> crates/llama/src/clip.rs:8774:9
     |
8774 |     let mut cur = cx.mul_mat(model.gen_quant_out_w.unwrap(), cur);
     |         ----^^^
     |         |
     |         help: remove this `mut`

warning: variable does not need to be mutable
     --> crates/llama/src/clip.rs:10760:13
      |
10760 |         let mut out = GenOut::default();
      |             ----^^^
      |             |
      |             help: remove this `mut`

warning: unused variable: `out`
     --> crates/llama/src/clip.rs:10760:13
      |
10760 |         let mut out = GenOut::default();
      |             ^^^^^^^ help: if this is intentional, prefix it with an underscore: `_out`

warning: value assigned to `code` is never read
   --> crates/llama/src/console.rs:796:36
    |
796 |                     let mut code = 0u32;
    |                                    ^^^^ this value is reassigned later and never used
797 |                     loop {
798 |                         code = self.getchar32().unwrap_or(0xFFFF_FFFF);
    |                         ---------------------------------------------- `code` is overwritten here before the previous value is read
    |
    = note: `#[warn(unused_assignments)]` (part of `#[warn(unused)]`) on by default

warning: unused variable: `sinfo`
   --> crates/llama/src/graph.rs:130:5
    |
130 |     sinfo: SlotInfo,
    |     ^^^^^ help: if this is intentional, prefix it with an underscore: `_sinfo`

warning: unused variable: `n_tokens`
     --> crates/llama/src/graph_arch.rs:11665:5
      |
11665 |     n_tokens: usize,
      |     ^^^^^^^^ help: if this is intentional, prefix it with an underscore: `_n_tokens`

warning: unused variable: `il`
     --> crates/llama/src/graph_arch.rs:14250:9
      |
14250 |     let il = -1i32;
      |         ^^ help: if this is intentional, prefix it with an underscore: `_il`

warning: variable does not need to be mutable
     --> crates/llama/src/graph_arch.rs:14805:17
      |
14805 |             let mut csa_state_kv =
      |                 ----^^^^^^^^^^^^
      |                 |
      |                 help: remove this `mut`

warning: variable does not need to be mutable
     --> crates/llama/src/graph_arch.rs:14856:17
      |
14856 |             let mut lid_state_kv =
      |                 ----^^^^^^^^^^^^
      |                 |
      |                 help: remove this `mut`

warning: variable does not need to be mutable
     --> crates/llama/src/graph_arch.rs:14912:17
      |
14912 |             let mut hca_state_kv =
      |                 ----^^^^^^^^^^^^
      |                 |
      |                 help: remove this `mut`

warning: variable does not need to be mutable
     --> crates/llama/src/graph_arch.rs:17358:9
      |
17358 |     let mut inp_l = ctx.get_rows(w.tok_embd, inp.tokens);
      |         ----^^^^^
      |         |
      |         help: remove this `mut`

warning: variable does not need to be mutable
     --> crates/llama/src/graph_arch.rs:20733:9
      |
20733 |     let mut mk_i32 = |v: &[i32], ctx: &mut Context| -> TensorId {
      |         ----^^^^^^
      |         |
      |         help: remove this `mut`

warning: variable does not need to be mutable
     --> crates/llama/src/graph_arch.rs:20739:9
      |
20739 |     let mut mk_f32 = |v: &[f32], ctx: &mut Context| -> TensorId {
      |         ----^^^^^^
      |         |
      |         help: remove this `mut`

warning: unused variable: `nb1`
     --> crates/llama/src/graph_arch.rs:21660:9
      |
21660 |     let nb1 = ctx.nb(q_full)[1] as usize;
      |         ^^^ help: if this is intentional, prefix it with an underscore: `_nb1`

warning: variable does not need to be mutable
     --> crates/llama/src/graph_arch.rs:22260:13
      |
22260 |         let mut cur = if use_attn_res {
      |             ----^^^
      |             |
      |             help: remove this `mut`

warning: unused variable: `nb1`
     --> crates/llama/src/graph_arch.rs:24393:9
      |
24393 |     let nb1 = ctx.nb(q_full)[1] as usize;
      |         ^^^ help: if this is intentional, prefix it with an underscore: `_nb1`

warning: unused variable: `sinfo`
     --> crates/llama/src/graph_arch.rs:26800:5
      |
26800 |     sinfo: SlotInfo,
      |     ^^^^^ help: if this is intentional, prefix it with an underscore: `_sinfo`

warning: variable does not need to be mutable
     --> crates/llama/src/graph_arch.rs:27142:9
      |
27142 |     let mut inp_l = ctx.get_rows(w.tok_embd, inp.tokens);
      |         ----^^^^^
      |         |
      |         help: remove this `mut`

warning: variable does not need to be mutable
     --> crates/llama/src/graph_arch.rs:27284:9
      |
27284 |     let mut inp_l = ctx.get_rows(w.tok_embd, inp.tokens);
      |         ----^^^^^
      |         |
      |         help: remove this `mut`

warning: variable does not need to be mutable
     --> crates/llama/src/graph_arch.rs:27410:9
      |
27410 |     let mut inp_l = ctx.get_rows(w.tok_embd, inp.tokens);
      |         ----^^^^^
      |         |
      |         help: remove this `mut`

warning: variable does not need to be mutable
     --> crates/llama/src/graph_arch.rs:27527:9
      |
27527 |     let mut inp_l = ctx.get_rows(w.tok_embd, inp.tokens);
      |         ----^^^^^
      |         |
      |         help: remove this `mut`

warning: variable does not need to be mutable
     --> crates/llama/src/graph_arch.rs:27686:9
      |
27686 |     let mut inp_l = ctx.get_rows(w.tok_embd, inp.tokens);
      |         ----^^^^^
      |         |
      |         help: remove this `mut`

warning: variable does not need to be mutable
     --> crates/llama/src/graph_arch.rs:27896:9
      |
27896 |     let mut inp_l = ctx.get_rows(w.tok_embd, inp.tokens);
      |         ----^^^^^
      |         |
      |         help: remove this `mut`

warning: variable does not need to be mutable
     --> crates/llama/src/graph_arch.rs:27897:9
      |
27897 |     let mut inp_l = crate::adapter::lora_embd(ctx, w.tok_embd, inp_l, inp.tokens);
      |         ----^^^^^
      |         |
      |         help: remove this `mut`

warning: variable does not need to be mutable
     --> crates/llama/src/graph_arch.rs:28118:9
      |
28118 |     let mut inp_l = ctx.get_rows(w.tok_embd, inp.tokens);
      |         ----^^^^^
      |         |
      |         help: remove this `mut`

warning: variable does not need to be mutable
     --> crates/llama/src/graph_arch.rs:28281:9
      |
28281 |     let mut inp_l = ctx.get_rows(w.tok_embd, inp.tokens);
      |         ----^^^^^
      |         |
      |         help: remove this `mut`

warning: variable does not need to be mutable
     --> crates/llama/src/graph_arch.rs:28480:9
      |
28480 |     let mut inp_l = ctx.get_rows(w.tok_embd, inp.tokens);
      |         ----^^^^^
      |         |
      |         help: remove this `mut`

warning: variable does not need to be mutable
     --> crates/llama/src/graph_arch.rs:28723:9
      |
28723 |     let mut inp_l = ctx.get_rows(w.tok_embd, inp.tokens);
      |         ----^^^^^
      |         |
      |         help: remove this `mut`

warning: unused variable: `cur`
     --> crates/llama/src/graph_arch.rs:34195:13
      |
34195 |         let cur = ctx.reshape_2d(cur, n_embd, t);
      |             ^^^ help: if this is intentional, prefix it with an underscore: `_cur`

warning: unused variable: `cur`
     --> crates/llama/src/graph_arch.rs:34691:13
      |
34691 |         let cur = ctx.reshape_2d(cur, n_embd, t);
      |             ^^^ help: if this is intentional, prefix it with an underscore: `_cur`

warning: unused variable: `il`
     --> crates/llama/src/graph_arch.rs:34863:5
      |
34863 |     il: usize,
      |     ^^ help: if this is intentional, prefix it with an underscore: `_il`

warning: variable does not need to be mutable
     --> crates/llama/src/graph_arch.rs:35179:13
      |
35179 |         let mut cur = build_norm_rms(ctx, attn_laurel, lw.ffn_norm, p.norm_eps);
      |             ----^^^
      |             |
      |             help: remove this `mut`

warning: variable does not need to be mutable
     --> crates/llama/src/graph_arch.rs:38950:9
      |
38950 |     let mut kq = ctx.soft_max_ext(kq, Some(kq_mask), kq_scale, 0.0);
      |         ----^^
      |         |
      |         help: remove this `mut`

warning: variable does not need to be mutable
     --> crates/llama/src/graph_arch.rs:39129:13
      |
39129 |         let mut k_pe = ctx.view_3d(
      |             ----^^^^
      |             |
      |             help: remove this `mut`

warning: variable does not need to be mutable
     --> crates/llama/src/graph_arch.rs:40413:10
      |
40413 |     let (mut q, mut k, v) = if let Some(wqkv) = lw.wqkv {
      |          ----^
      |          |
      |          help: remove this `mut`

warning: variable does not need to be mutable
     --> crates/llama/src/graph_arch.rs:40413:17
      |
40413 |     let (mut q, mut k, v) = if let Some(wqkv) = lw.wqkv {
      |                 ----^
      |                 |
      |                 help: remove this `mut`

warning: variable does not need to be mutable
     --> crates/llama/src/graph_arch.rs:41004:10
      |
41004 |     let (mut q, mut k, v) = if let Some(wqkv) = lw.wqkv {
      |          ----^
      |          |
      |          help: remove this `mut`

warning: variable does not need to be mutable
     --> crates/llama/src/graph_arch.rs:41004:17
      |
41004 |     let (mut q, mut k, v) = if let Some(wqkv) = lw.wqkv {
      |                 ----^
      |                 |
      |                 help: remove this `mut`

warning: unused variable: `v`
     --> crates/llama/src/graph_arch.rs:41524:9
      |
41524 |     let v = ctx.reshape_4d(v, s_v, cs, n_chunks, h_v * n_seqs);
      |         ^ help: if this is intentional, prefix it with an underscore: `_v`

warning: unused variable: `b`
     --> crates/llama/src/graph_arch.rs:41529:9
      |
41529 |     let b = ctx.reshape_4d(b, 1, cs, n_chunks, h_v * n_seqs);
      |         ^ help: if this is intentional, prefix it with an underscore: `_b`

warning: unused variable: `i`
    --> crates/llama/src/kv_cache.rs:2075:18
     |
2075 |             for (i, &idx) in idxs.iter().enumerate() {
     |                  ^ help: if this is intentional, prefix it with an underscore: `_i`

warning: unused variable: `l`
     --> crates/llama/src/model.rs:11137:33
      |
11137 |                     let conv = |l: &mut LayerTensors,
      |                                 ^ help: if this is intentional, prefix it with an underscore: `_l`

warning: unreachable pattern
   --> crates/llama/src/mtmd.rs:412:13
    |
399 |             clip::ProjectorType::Gemma4UA => {
    |             ----------------------------- matches all the relevant values
...
412 |             clip::ProjectorType::Gemma4UA => {
    |             ^^^^^^^^^^^^^^^^^^^^^^^^^^^^^ no value can reach this
    |
    = note: `#[warn(unreachable_patterns)]` (part of `#[warn(unused)]`) on by default

warning: unused variable: `mel_size`
   --> crates/llama/src/mtmd_audio.rs:685:13
    |
685 |         let mel_size = out.data.len();
    |             ^^^^^^^^ help: if this is intentional, prefix it with an underscore: `_mel_size`

warning: unused variable: `b`
   --> crates/llama/src/regex_lite.rs:759:17
    |
759 |             let b = match self.peek() {
    |                 ^ help: if this is intentional, prefix it with an underscore: `_b`

warning: variable does not need to be mutable
    --> crates/llama/src/speculative.rs:2480:13
     |
2480 |         let mut sample_from_anchor = dflash.1.sample_from_anchor;
     |             ----^^^^^^^^^^^^^^^^^^
     |             |
     |             help: remove this `mut`

warning: unused variable: `ctx_tgt`
    --> crates/llama/src/speculative.rs:2452:9
     |
2452 |         ctx_tgt: &DecodeContext,
     |         ^^^^^^^ help: if this is intentional, prefix it with an underscore: `_ctx_tgt`

warning: unused variable: `n_tokens`
    --> crates/llama/src/speculative.rs:2637:13
     |
2637 |         let n_tokens = batch_in.token.len();
     |             ^^^^^^^^ help: if this is intentional, prefix it with an underscore: `_n_tokens`

warning: variable does not need to be mutable
    --> crates/llama/src/speculative.rs:3672:26
     |
3672 |                 let Some(mut ctx) = ctx_dft.take() else {
     |                          ----^^^
     |                          |
     |                          help: remove this `mut`

warning: constant `ANSI_COLOR_GREEN` is never used
   --> crates/llama/src/console.rs:116:7
    |
116 | const ANSI_COLOR_GREEN: &str = "\x1b[32m";
    |       ^^^^^^^^^^^^^^^^
    |
    = note: `#[warn(dead_code)]` (part of `#[warn(unused)]`) on by default

warning: constant `ANSI_COLOR_RED` is never used
   --> crates/llama/src/console.rs:117:7
    |
117 | const ANSI_COLOR_RED: &str = "\x1b[31m";
    |       ^^^^^^^^^^^^^^

warning: constant `ANSI_BOLD` is never used
   --> crates/llama/src/console.rs:118:7
    |
118 | const ANSI_BOLD: &str = "\x1b[1m";
    |       ^^^^^^^^^

warning: method `write_stdout` is never used
   --> crates/llama/src/console.rs:465:8
    |
372 | impl Console {
    | ------------ method in this implementation
...
465 |     fn write_stdout(&mut self, bytes: &[u8]) {
    |        ^^^^^^^^^^^^

warning: method `is_batch15_dense` is never used
   --> crates/llama/src/context.rs:301:8
    |
298 | impl ForwardWeights {
    | ------------------- method in this implementation
...
301 |     fn is_batch15_dense(&self) -> bool {
    |        ^^^^^^^^^^^^^^^^

warning: field `mmap` is never read
    --> crates/llama/src/model.rs:1191:5
     |
1189 | struct ModelLoader<'a> {
     |        ----------- field in this struct
1190 |     gguf: &'a Gguf,
1191 |     mmap: Arc<Mmap>,
     |     ^^^^

warning: method `initialize` is never used
   --> crates/llama/src/mtmd.rs:195:8
    |
178 | impl AudioPreproc {
    | ----------------- method in this implementation
...
195 |     fn initialize(&mut self) {
    |        ^^^^^^^^^^

warning: method `byte_aligned_pos` is never used
    --> crates/llama/src/mtmd.rs:1357:8
     |
1308 | impl<'a> FlacBits<'a> {
     | --------------------- method in this implementation
...
1357 |     fn byte_aligned_pos(&self) -> usize {
     |        ^^^^^^^^^^^^^^^^

warning: field `sample_rate` is never read
    --> crates/llama/src/mtmd.rs:1447:5
     |
1445 | struct FlacFrameHeader {
     |        --------------- field in this struct
1446 |     block_size: u32,
1447 |     sample_rate: u32,
     |     ^^^^^^^^^^^

warning: field `mrope` is never read
    --> crates/llama/src/mtmd.rs:3008:5
     |
2986 | pub struct Qwen3TtsGenPipeline<T: GenTalker> {
     |            ------------------- field in this struct
...
3008 |     mrope: bool,
     |     ^^^^^

warning: constant `LCG_FACTOR` is never used
  --> crates/llama/src/ngram_map.rs:31:7
   |
31 | const LCG_FACTOR: u32 = 2654435761;
   |       ^^^^^^^^^^

warning: function `common_ngram_map_hash` is never used
  --> crates/llama/src/ngram_map.rs:35:4
   |
35 | fn common_ngram_map_hash(tokens: &[i32], start: usize, len: usize) -> u32 {
   |    ^^^^^^^^^^^^^^^^^^^^^

warning: fields `block_size` and `causal_attn` are never read
    --> crates/llama/src/speculative.rs:2429:5
     |
2404 | pub struct CommonSpeculativeImplDraftDflash {
     |            -------------------------------- fields in this struct
...
2429 |     block_size: i32,
     |     ^^^^^^^^^^
...
2435 |     causal_attn: bool,
     |     ^^^^^^^^^^^

warning: field `n_match` is never read
    --> crates/llama/src/speculative.rs:3074:5
     |
3071 | pub struct CommonSpeculativeImplNgramMod {
     |            ----------------------------- field in this struct
...
3074 |     n_match: i32,
     |     ^^^^^^^

warning: field `tokens` is never read
   --> crates/llama/src/vocab.rs:210:5
    |
209 | struct Plamo2Tokenizer {
    |        --------------- field in this struct
210 |     tokens: Vec<String>,
    |     ^^^^^^

warning: method `ident` is never used
    --> crates/llama/src/chat.rs:2981:12
     |
2944 |     impl P {
     |     ------ method in this implementation
...
2981 |         fn ident(&mut self) -> Option<String> {
     |            ^^^^^

warning: field `inputs` is never read
    --> crates/llama/src/chat.rs:3643:9
     |
3642 |     struct Env<'a> {
     |            --- field in this struct
3643 |         inputs: &'a RenderInputs,
     |         ^^^^^^

warning: variable `inpL` should have a snake case name
    --> crates/llama/src/dflash.rs:2435:13
     |
2435 |     let mut inpL = ctx.get_rows(tok_embd, inp.tokens); // :697
     |             ^^^^ help: convert the identifier to snake case: `inp_l`
     |
     = note: `#[warn(non_snake_case)]` (part of `#[warn(nonstandard_style)]`) on by default

warning: unused `Result` that must be used
     --> crates/llama/src/model.rs:15310:17
      |
15310 | /                 create_tensor_qkv(
15311 | |                     l,
15312 | |                     ld,
15313 | |                     bid,
...     |
15318 | |                     TENSOR_NOT_REQUIRED,
15319 | |                 );
      | |_________________^
      |
      = note: this `Result` may be an `Err` variant, which should be handled
      = note: `#[warn(unused_must_use)]` (part of `#[warn(unused)]`) on by default
help: use `let _ = ...` to ignore the resulting value
      |
15310 |                 let _ = create_tensor_qkv(
      |                 +++++++

warning: `ggml` (lib) generated 60 warnings (run `cargo fix --lib -p ggml` to apply 5 suggestions)
   Compiling llama-gguf-split v0.1.0 (/home/jeffrey/works/personal/github/fly88oj/llama.rust/crates/tools/gguf-split)
   Compiling llama-gguf v0.1.0 (/home/jeffrey/works/personal/github/fly88oj/llama.rust/crates/tools/gguf)
warning: unused doc comment
    --> crates/llama/src/context.rs:9304:5
     |
9304 | /     /// deterministic toy model (LCG like the other toy tests); `use_fa`
9305 | |     /// only flips the attention branch — the weights are identical
     | |___________________________________________________________________^
9306 | /     let build_toy = |use_fa: bool| -> Toy {
9307 | |         let mut gctx = Context::new();
9308 | |         let mut rng_state = 999u32;
9309 | |         let mut rnd = move || {
...    |
9394 | |     };
     | |______- rustdoc does not generate documentation for statements
     |
     = help: use `//` for a plain comment
     = note: `#[warn(unused_doc_comments)]` (part of `#[warn(unused)]`) on by default

warning: unused doc comment
    --> crates/llama/src/context.rs:9396:5
     |
9396 | /     /// naive full forward, last-token logits. K/V go through f16 (the KV
9397 | |     /// cache) *after* rope; Q stays f32 — exactly what the FA kernel reads
9398 | |     /// (flash_attn.rs "Layouts"/"Numerics").
     | |_____________________________________________^
9399 | /     let naive = |ws: &Ws, toks: &[i32]| -> Vec<f32> {
9400 | |         let nd = n_embd_head;
9401 | |         let scale = 1.0f32 / (nd as f32).sqrt();
9402 | |         let dot = |w: &[f32], x: &[f32], n0: usize| -> Vec<f32> {
...    |
9495 | |         dot(&ws.output, &xn, n_embd)
9496 | |     };
     | |______- rustdoc does not generate documentation for statements
     |
     = help: use `//` for a plain comment

warning: unused import: `crate::graph::AttnParams`
    --> crates/llama/src/context.rs:9552:9
     |
9552 |     use crate::graph::AttnParams;
     |         ^^^^^^^^^^^^^^^^^^^^^^^^
     |
     = note: `#[warn(unused_imports)]` (part of `#[warn(unused)]`) on by default

warning: duplicated attribute
     --> crates/llama/src/graph_arch.rs:31170:5
      |
31170 |     #[test]
      |     ^^^^^^^
      |
      = note: `#[warn(duplicate_macro_attributes)]` on by default

   Compiling common v0.1.0 (/home/jeffrey/works/personal/github/fly88oj/llama.rust/crates/common)
warning: variable does not need to be mutable
    --> crates/llama/src/clip.rs:9942:13
     |
9942 |         let mut push =
     |             ----^^^^
     |             |
     |             help: remove this `mut`

warning: variable does not need to be mutable
     --> crates/llama/src/clip.rs:10210:13
      |
10210 |         let mut push =
      |             ----^^^^
      |             |
      |             help: remove this `mut`

warning: variable does not need to be mutable
     --> crates/llama/src/clip.rs:10411:16
      |
10411 |         let Ok(mut cx) = clip_init_from_file(MMPROJ_JACKRONG, &ClipContextParams::default()) else {
      |                ----^^
      |                |
      |                help: remove this `mut`

warning: variable does not need to be mutable
    --> crates/llama/src/context.rs:9130:21
     |
9130 |                 let mut v: Vec<f32> = (0..nd * n_head_kv)
     |                     ----^
     |                     |
     |                     help: remove this `mut`

warning: variable does not need to be mutable
    --> crates/llama/src/context.rs:9095:9
     |
9095 |     let mut naive_logits_of = |toks: &[i32]| -> Vec<f32> {
     |         ----^^^^^^^^^^^^^^^
     |         |
     |         help: remove this `mut`

warning: unused variable: `base`
    --> crates/llama/src/context.rs:8929:17
     |
8929 |             let base = h * nd;
     |                 ^^^^ help: if this is intentional, prefix it with an underscore: `_base`

warning: unused variable: `n`
    --> crates/llama/src/context.rs:8840:13
     |
8840 |         let n = (n0 * n1) as usize;
     |             ^ help: if this is intentional, prefix it with an underscore: `_n`

warning: variable does not need to be mutable
    --> crates/llama/src/context.rs:9432:21
     |
9432 |                 let mut rope = |buf: &mut Vec<f32>, heads: usize| {
     |                     ----^^^^
     |                     |
     |                     help: remove this `mut`

warning: variable does not need to be mutable
     --> crates/llama/src/graph_arch.rs:31184:17
      |
31184 |             let mut mk = |g: &mut Context, rng: &mut Rng, ne: [i64; 4]| {
      |                 ----^^
      |                 |
      |                 help: remove this `mut`

warning: variable does not need to be mutable
     --> crates/llama/src/graph_arch.rs:31331:13
      |
31331 |         let mut mk = |g: &mut Context, rng: &mut Rng, ne: [i64; 4]| {
      |             ----^^
      |             |
      |             help: remove this `mut`

warning: variable does not need to be mutable
     --> crates/llama/src/graph_arch.rs:31561:17
      |
31561 |             let mut mk = |g: &mut Context, rng: &mut Rng, ne: [i64; 4]| {
      |                 ----^^
      |                 |
      |                 help: remove this `mut`

warning: variable does not need to be mutable
     --> crates/llama/src/graph_arch.rs:32458:25
      |
32458 |                     let mut rope = |buf: &mut Vec<f32>, heads: usize| {
      |                         ----^^^^
      |                         |
      |                         help: remove this `mut`

warning: variable does not need to be mutable
     --> crates/llama/src/graph_arch.rs:32785:13
      |
32785 |         let mut mk = |g: &mut Context, rng: &mut Rng, n0: i64, n1: i64| -> TensorId {
      |             ----^^
      |             |
      |             help: remove this `mut`

warning: unused variable: `n_rot`
     --> crates/llama/src/graph_arch.rs:32812:37
      |
32812 |         for (li, &(is_swa, hd, kvh, n_rot, _)) in geo.iter().enumerate() {
      |                                     ^^^^^ help: if this is intentional, prefix it with an underscore: `_n_rot`

warning: variable does not need to be mutable
     --> crates/llama/src/graph_arch.rs:33145:13
      |
33145 |         let mut mk = |g: &mut Context, rng: &mut Rng, n0: i64, n1: i64| -> TensorId {
      |             ----^^
      |             |
      |             help: remove this `mut`

warning: variable does not need to be mutable
    --> crates/llama/src/kv_cache.rs:4158:13
     |
4158 |         let mut cache = KvCache::new_swa(&mut ctx, &k_row, &v_row, 2048, &spec, 24);
     |             ----^^^^^
     |             |
     |             help: remove this `mut`

warning: field `0` is never read
    --> crates/llama/src/batch.rs:1398:20
     |
1398 |         struct Mem(Vec<i32>);
     |                --- ^^^^^^^^
     |                |
     |                field in this struct
     |
     = help: consider removing this field
     = note: `#[warn(dead_code)]` (part of `#[warn(unused)]`) on by default

warning: constant `ANSI_COLOR_GREEN` is never used
   --> crates/llama/src/console.rs:116:7
    |
116 | const ANSI_COLOR_GREEN: &str = "\x1b[32m";
    |       ^^^^^^^^^^^^^^^^

warning: function `toy_gpt_oss_matches_naive` is never used
     --> crates/llama/src/graph_arch.rs:32257:8
      |
32257 |     fn toy_gpt_oss_matches_naive() {
      |        ^^^^^^^^^^^^^^^^^^^^^^^^^

warning: `llama` (lib) generated 74 warnings (run `cargo fix --lib -p llama` to apply 53 suggestions)
   Compiling llama-quantize v0.1.0 (/home/jeffrey/works/personal/github/fly88oj/llama.rust/crates/tools/quantize)
warning: variable does not need to be mutable
    --> crates/llama/tests/arch_batch10_e2e.rs:1224:13
     |
1224 |         let mut m = load_synth(&spec);
     |             ----^
     |             |
     |             help: remove this `mut`
     |
     = note: `#[warn(unused_mut)]` (part of `#[warn(unused)]`) on by default

warning: variable does not need to be mutable
    --> crates/llama/tests/arch_batch10_e2e.rs:1244:13
     |
1244 |         let mut m = load_synth(&spec);
     |             ----^
     |             |
     |             help: remove this `mut`

warning: variable does not need to be mutable
    --> crates/llama/tests/arch_batch10_e2e.rs:1266:9
     |
1266 |     let mut m = load_synth(&spec);
     |         ----^
     |         |
     |         help: remove this `mut`

warning: field `weights_scale` is never read
  --> crates/llama/tests/arch_batch10_e2e.rs:95:5
   |
78 | struct SynthSpec {
   |        --------- field in this struct
...
95 |     weights_scale: Option<f32>,
   |     ^^^^^^^^^^^^^
   |
   = note: `SynthSpec` has a derived impl for the trait `Clone`, but this is intentionally ignored during dead code analysis
   = note: `#[warn(dead_code)]` (part of `#[warn(unused)]`) on by default

warning: variant `Bias` is never constructed
   --> crates/llama/tests/arch_batch10_e2e.rs:287:5
    |
285 | enum Role {
    |      ---- variant in this enum
286 |     Norm,
287 |     Bias,
    |     ^^^^
    |
    = note: `Role` has a derived impl for the trait `Clone`, but this is intentionally ignored during dead code analysis

warning: variable does not need to be mutable
    --> crates/llama/tests/arch_batch14_e2e.rs:1422:13
     |
1422 |         let mut m = load_synth(&spec);
     |             ----^
     |             |
     |             help: remove this `mut`
     |
     = note: `#[warn(unused_mut)]` (part of `#[warn(unused)]`) on by default

warning: unused variable: `Col2im1d`
    --> crates/llama/tests/arch_batch14_e2e.rs:1592:9
     |
1592 |         Col2im1d => "COL2IM_1D",
     |         ^^^^^^^^
     |
     = note: `#[warn(unused_variables)]` (part of `#[warn(unused)]`) on by default
help: you might have meant to pattern match on the similarly named variant `Col2Im1d`
     |
1592 -         Col2im1d => "COL2IM_1D",
1592 +         ggml::GgmlOp::Col2Im1d => "COL2IM_1D",
     |
help: if this is intentional, prefix it with an underscore
     |
1592 |         _Col2im1d => "COL2IM_1D",
     |         +

warning: variable `Col2im1d` should have a snake case name
    --> crates/llama/tests/arch_batch14_e2e.rs:1592:9
     |
1592 |         Col2im1d => "COL2IM_1D",
     |         ^^^^^^^^ help: convert the identifier to snake case (notice the capitalization): `col2im1d`
     |
     = note: `#[warn(non_snake_case)]` (part of `#[warn(nonstandard_style)]`) on by default

warning: `ggml` (lib test) generated 83 warnings (56 duplicates) (run `cargo fix --lib -p ggml --tests` to apply 13 suggestions)
warning: variable does not need to be mutable
    --> crates/llama/tests/arch_e2e.rs:1541:9
     |
1541 |     let mut push = |name: String,
     |         ----^^^^
     |         |
     |         help: remove this `mut`
     |
     = note: `#[warn(unused_mut)]` (part of `#[warn(unused)]`) on by default

warning: unreachable pattern
    --> crates/llama/tests/arch_batch13_e2e.rs:1692:9
     |
1645 |         Family::Chatglm | Family::Bitnet | Family::Ernie45 | Family::Glm4 | Family::Qwen2Vl => {
     |                                                                             --------------- matches all the relevant values
...
1692 |         Family::Qwen2Vl | Family::Qwen3Vl | Family::Qwen3VlMoe => {
     |         ^^^^^^^^^^^^^^^ no value can reach this
     |
     = note: `#[warn(unreachable_patterns)]` (part of `#[warn(unused)]`) on by default

warning: unused variable: `Col2im1d`
    --> crates/llama/tests/arch_batch13_e2e.rs:2772:9
     |
2772 |         Col2im1d => "COL2IM_1D",
     |         ^^^^^^^^
     |
     = note: `#[warn(unused_variables)]` (part of `#[warn(unused)]`) on by default
help: you might have meant to pattern match on the similarly named variant `Col2Im1d`
     |
2772 -         Col2im1d => "COL2IM_1D",
2772 +         ggml::GgmlOp::Col2Im1d => "COL2IM_1D",
     |
help: if this is intentional, prefix it with an underscore
     |
2772 |         _Col2im1d => "COL2IM_1D",
     |         +

warning: variable `Col2im1d` should have a snake case name
    --> crates/llama/tests/arch_batch13_e2e.rs:2772:9
     |
2772 |         Col2im1d => "COL2IM_1D",
     |         ^^^^^^^^ help: convert the identifier to snake case (notice the capitalization): `col2im1d`
     |
     = note: `#[warn(non_snake_case)]` (part of `#[warn(nonstandard_style)]`) on by default

warning: `llama` (test "arch_batch10_e2e") generated 5 warnings (run `cargo fix --test "arch_batch10_e2e" -p llama` to apply 3 suggestions)
warning: unused variable: `Col2im1d`
   --> crates/llama/tests/arch_batch11a_dump.rs:111:9
    |
111 |         Col2im1d => "COL2IM_1D",
    |         ^^^^^^^^
    |
    = note: `#[warn(unused_variables)]` (part of `#[warn(unused)]`) on by default
help: you might have meant to pattern match on the similarly named variant `Col2Im1d`
    |
111 -         Col2im1d => "COL2IM_1D",
111 +         ggml::GgmlOp::Col2Im1d => "COL2IM_1D",
    |
help: if this is intentional, prefix it with an underscore
    |
111 |         _Col2im1d => "COL2IM_1D",
    |         +

warning: variable `Col2im1d` should have a snake case name
   --> crates/llama/tests/arch_batch11a_dump.rs:111:9
    |
111 |         Col2im1d => "COL2IM_1D",
    |         ^^^^^^^^ help: convert the identifier to snake case (notice the capitalization): `col2im1d`
    |
    = note: `#[warn(non_snake_case)]` (part of `#[warn(nonstandard_style)]`) on by default

warning: `llama` (test "arch_batch14_e2e") generated 3 warnings (run `cargo fix --test "arch_batch14_e2e" -p llama` to apply 2 suggestions)
warning: unused import: `GgufType`
  --> crates/llama/tests/t5_dec_e2e.rs:21:27
   |
21 | use ggml::{Context, Gguf, GgufType, Value};
   |                           ^^^^^^^^
   |
   = note: `#[warn(unused_imports)]` (part of `#[warn(unused)]`) on by default

warning: unexpected `cfg` condition name: `ignore_relu_variant`
  --> crates/llama/tests/t5_dec_e2e.rs:74:15
   |
74 |         #[cfg(ignore_relu_variant)]
   |               ^^^^^^^^^^^^^^^^^^^
   |
   = help: expected names are: `docsrs`, `feature`, and `test` and 32 more
   = help: consider using a Cargo feature instead
   = help: or consider adding in `Cargo.toml` the `check-cfg` lint config for the lint:
            [lints.rust]
            unexpected_cfgs = { level = "warn", check-cfg = ['cfg(ignore_relu_variant)'] }
   = help: or consider adding `println!("cargo::rustc-check-cfg=cfg(ignore_relu_variant)");` to the top of the `build.rs`
   = note: see <https://doc.rust-lang.org/nightly/rustc/check-cfg/cargo-specifics.html> for more information about checking conditional configuration
   = note: `#[warn(unexpected_cfgs)]` on by default

warning: variable does not need to be mutable
   --> crates/llama/tests/t5_dec_e2e.rs:312:9
    |
312 |     let mut cross_values: Vec<f32>;
    |         ----^^^^^^^^^^^^
    |         |
    |         help: remove this `mut`
    |
    = note: `#[warn(unused_mut)]` (part of `#[warn(unused)]`) on by default

warning: unused variable: `n_vocab`
    --> crates/llama/tests/speculative_e2e.rs:1134:9
     |
1134 |     let n_vocab = a.n_vocab();
     |         ^^^^^^^ help: if this is intentional, prefix it with an underscore: `_n_vocab`
     |
     = note: `#[warn(unused_variables)]` (part of `#[warn(unused)]`) on by default

warning: `llama` (test "arch_batch13_e2e") generated 3 warnings (run `cargo fix --test "arch_batch13_e2e" -p llama` to apply 1 suggestion)
warning: `llama` (lib test) generated 95 warnings (72 duplicates) (run `cargo fix --lib -p llama --tests` to apply 17 suggestions)
warning: `llama` (test "arch_e2e") generated 1 warning (run `cargo fix --test "arch_e2e" -p llama` to apply 1 suggestion)
warning: `llama` (test "t5_dec_e2e") generated 3 warnings (run `cargo fix --test "t5_dec_e2e" -p llama` to apply 2 suggestions)
warning: `llama` (test "arch_batch11a_dump") generated 2 warnings (run `cargo fix --test "arch_batch11a_dump" -p llama` to apply 1 suggestion)
warning: unused import: `Context`
  --> crates/llama/tests/tts_archs_e2e.rs:21:12
   |
21 | use ggml::{Context, Gguf, Value};
   |            ^^^^^^^
   |
   = note: `#[warn(unused_imports)]` (part of `#[warn(unused)]`) on by default

warning: unused import: `std::sync::Arc as _`
  --> crates/llama/tests/tts_archs_e2e.rs:26:5
   |
26 | use std::sync::Arc as _;
   |     ^^^^^^^^^^^^^^^^^^^

warning: variable does not need to be mutable
   --> crates/llama/tests/tts_archs_e2e.rs:514:14
    |
514 |     let Some(mut m) = load(&path) else {
    |              ----^
    |              |
    |              help: remove this `mut`
    |
    = note: `#[warn(unused_mut)]` (part of `#[warn(unused)]`) on by default

   Compiling llama-cli v0.1.0 (/home/jeffrey/works/personal/github/fly88oj/llama.rust/crates/tools/llama-cli)
warning: value assigned to `interactive_first` is never read
   --> crates/tools/llama-cli/src/interactive.rs:894:21
    |
894 |                     interactive_first = false;
    |                     ^^^^^^^^^^^^^^^^^^^^^^^^^
    |
    = help: maybe it is overwritten before being read?
    = note: `#[warn(unused_assignments)]` (part of `#[warn(unused)]`) on by default

warning: value assigned to `display` is never read
   --> crates/tools/llama-cli/src/interactive.rs:799:17
    |
799 |                 display = args.display_prompt;
    |                 ^^^^^^^^^^^^^^^^^^^^^^^^^^^^^ this value is reassigned later and never used
...
813 |                 display = true;
    |                 -------------- `display` is overwritten here before the previous value is read

warning: unused variable: `hp`
    --> crates/tools/llama-cli/src/main.rs:1145:9
     |
1145 |     let hp = &model.hparams;
     |         ^^ help: if this is intentional, prefix it with an underscore: `_hp`
     |
     = note: `#[warn(unused_variables)]` (part of `#[warn(unused)]`) on by default

warning: direct cast of function item into an integer
  --> crates/tools/llama-cli/src/interactive.rs:78:39
   |
78 |         signal(SIGINT, sigint_handler as usize);
   |                                       ^^^^^^^^
   |
   = note: `#[warn(function_casts_as_integer)]` on by default
help: first cast to a pointer `as *const ()`
   |
78 |         signal(SIGINT, sigint_handler as *const () as usize);
   |                                       ++++++++++++

warning: comparison is useless due to type limits
   --> crates/tools/llama-cli/src/interactive.rs:909:44
    |
909 |         if interactive && n_remain <= 0 && args.n_predict >= 0 {
    |                                            ^^^^^^^^^^^^^^^^^^^
    |
    = note: `#[warn(unused_comparisons)]` on by default

   Compiling llama-imatrix v0.1.0 (/home/jeffrey/works/personal/github/fly88oj/llama.rust/crates/tools/imatrix)
warning: `llama-cli` (bin "llama-cli" test) generated 5 warnings (run `cargo fix --bin "llama-cli" -p llama-cli --tests` to apply 2 suggestions)
warning: `llama` (test "tts_archs_e2e") generated 3 warnings (run `cargo fix --test "tts_archs_e2e" -p llama` to apply 3 suggestions)
warning: unused variable: `n_trunk`
   --> crates/llama/tests/arch_batch11b_e2e.rs:982:9
    |
982 |     let n_trunk = hp.n_layer() as usize;
    |         ^^^^^^^ help: if this is intentional, prefix it with an underscore: `_n_trunk`
    |
    = note: `#[warn(unused_variables)]` (part of `#[warn(unused)]`) on by default

warning: variable does not need to be mutable
    --> crates/llama/tests/arch_batch11b_e2e.rs:1079:13
     |
1079 |         let mut m = load_synth(&spec);
     |             ----^
     |             |
     |             help: remove this `mut`
     |
     = note: `#[warn(unused_mut)]` (part of `#[warn(unused)]`) on by default

warning: variable does not need to be mutable
    --> crates/llama/tests/arch_batch11b_e2e.rs:1103:13
     |
1103 |         let mut m = load_synth(&spec);
     |             ----^
     |             |
     |             help: remove this `mut`

warning: `llama` (test "speculative_e2e") generated 1 warning (run `cargo fix --test "speculative_e2e" -p llama` to apply 1 suggestion)
warning: unused variable: `Col2im1d`
   --> crates/llama/tests/qwen3_prefill_dump.rs:138:9
    |
138 |         Col2im1d => "COL2IM_1D",
    |         ^^^^^^^^
    |
    = note: `#[warn(unused_variables)]` (part of `#[warn(unused)]`) on by default
help: you might have meant to pattern match on the similarly named variant `Col2Im1d`
    |
138 -         Col2im1d => "COL2IM_1D",
138 +         ggml::GgmlOp::Col2Im1d => "COL2IM_1D",
    |
help: if this is intentional, prefix it with an underscore
    |
138 |         _Col2im1d => "COL2IM_1D",
    |         +

warning: variable does not need to be mutable
   --> crates/llama/tests/qwen3_prefill_dump.rs:305:9
    |
305 |     let mut gctx: Context = model.ctx;
    |         ----^^^^
    |         |
    |         help: remove this `mut`
    |
    = note: `#[warn(unused_mut)]` (part of `#[warn(unused)]`) on by default

warning: variable does not need to be mutable
   --> crates/llama/tests/qwen3_prefill_dump.rs:478:9
    |
478 |     let mut gctx: Context = model.ctx;
    |         ----^^^^
    |         |
    |         help: remove this `mut`

warning: variable `Col2im1d` should have a snake case name
   --> crates/llama/tests/qwen3_prefill_dump.rs:138:9
    |
138 |         Col2im1d => "COL2IM_1D",
    |         ^^^^^^^^ help: convert the identifier to snake case (notice the capitalization): `col2im1d`
    |
    = note: `#[warn(non_snake_case)]` (part of `#[warn(nonstandard_style)]`) on by default

warning: `llama` (test "arch_batch11b_e2e") generated 3 warnings (run `cargo fix --test "arch_batch11b_e2e" -p llama` to apply 3 suggestions)
warning: function `parse_ids` is never used
  --> crates/llama/tests/sampler_dry_parity.rs:40:4
   |
40 | fn parse_ids(s: &str) -> Vec<i32> {
   |    ^^^^^^^^^
   |
   = note: `#[warn(dead_code)]` (part of `#[warn(unused)]`) on by default

warning: unused variable: `n_rot_max`
    --> crates/llama/tests/arch_batch15_e2e.rs:1278:21
     |
1278 |                 let n_rot_max = spec.rope_dim; // the widest layer's rope
     |                     ^^^^^^^^^ help: if this is intentional, prefix it with an underscore: `_n_rot_max`
     |
     = note: `#[warn(unused_variables)]` (part of `#[warn(unused)]`) on by default

warning: unreachable pattern
    --> crates/llama/tests/arch_batch15_e2e.rs:2065:9
     |
2035 | /         Family::Spark25
2036 | |         | Family::MuseGlimmer
2037 | |         | Family::GraniteSwa
2038 | |         | Family::GraniteSwaMoe
2039 | |         | Family::Mimo2
2040 | |         | Family::Step35 => {
     | |________________________- matches all the relevant values
...
2065 |           Family::MuseGlimmer => {
     |           ^^^^^^^^^^^^^^^^^^^ no value can reach this
     |
     = note: `#[warn(unreachable_patterns)]` (part of `#[warn(unused)]`) on by default

warning: unreachable pattern
    --> crates/llama/tests/arch_batch15_e2e.rs:2072:9
     |
2035 | /         Family::Spark25
2036 | |         | Family::MuseGlimmer
2037 | |         | Family::GraniteSwa
2038 | |         | Family::GraniteSwaMoe
2039 | |         | Family::Mimo2
2040 | |         | Family::Step35 => {
     | |________________________- matches all the relevant values
...
2072 |           Family::Step35 => {}
     |           ^^^^^^^^^^^^^^ no value can reach this

warning: unreachable pattern
    --> crates/llama/tests/arch_batch15_e2e.rs:2084:9
     |
2035 | /         Family::Spark25
2036 | |         | Family::MuseGlimmer
2037 | |         | Family::GraniteSwa
2038 | |         | Family::GraniteSwaMoe
2039 | |         | Family::Mimo2
2040 | |         | Family::Step35 => {
     | |________________________- matches all the relevant values
...
2084 |           Family::GraniteSwa | Family::GraniteSwaMoe => {
     |           ^^^^^^^^^^^^^^^^^^^^^^^^^^^^^^^^^^^^^^^^^^ no value can reach this

warning: unreachable pattern
    --> crates/llama/tests/arch_batch15_e2e.rs:2089:9
     |
2047 |         Family::Afmoe => {
     |         ------------- matches all the relevant values
...
2089 |         Family::Afmoe => {
     |         ^^^^^^^^^^^^^ no value can reach this

warning: unreachable pattern
    --> crates/llama/tests/arch_batch15_e2e.rs:2103:9
     |
2035 | /         Family::Spark25
2036 | |         | Family::MuseGlimmer
2037 | |         | Family::GraniteSwa
2038 | |         | Family::GraniteSwaMoe
2039 | |         | Family::Mimo2
2040 | |         | Family::Step35 => {
     | |________________________- matches all the relevant values
...
2103 |           Family::Mimo2 => {
     |           ^^^^^^^^^^^^^ no value can reach this

warning: unreachable pattern
    --> crates/llama/tests/arch_batch15_e2e.rs:2110:9
     |
2035 | /         Family::Spark25
2036 | |         | Family::MuseGlimmer
2037 | |         | Family::GraniteSwa
2038 | |         | Family::GraniteSwaMoe
2039 | |         | Family::Mimo2
2040 | |         | Family::Step35 => {
     | |________________________- matches all the relevant values
...
2110 |           Family::Step35 => {}
     |           ^^^^^^^^^^^^^^ no value can reach this

warning: unused variable: `Col2im1d`
    --> crates/llama/tests/arch_batch15_e2e.rs:3584:9
     |
3584 |         Col2im1d => "COL2IM_1D",
     |         ^^^^^^^^
     |
help: you might have meant to pattern match on the similarly named variant `Col2Im1d`
     |
3584 -         Col2im1d => "COL2IM_1D",
3584 +         ggml::GgmlOp::Col2Im1d => "COL2IM_1D",
     |
help: if this is intentional, prefix it with an underscore
     |
3584 |         _Col2im1d => "COL2IM_1D",
     |         +

warning: variant `Decay` is never constructed
   --> crates/llama/tests/arch_batch15_e2e.rs:521:5
    |
516 | enum Role {
    |      ---- variant in this enum
...
521 |     Decay,
    |     ^^^^^
    |
    = note: `Role` has a derived impl for the trait `Clone`, but this is intentionally ignored during dead code analysis
    = note: `#[warn(dead_code)]` (part of `#[warn(unused)]`) on by default

warning: variable `Col2im1d` should have a snake case name
    --> crates/llama/tests/arch_batch15_e2e.rs:3584:9
     |
3584 |         Col2im1d => "COL2IM_1D",
     |         ^^^^^^^^ help: convert the identifier to snake case (notice the capitalization): `col2im1d`
     |
     = note: `#[warn(non_snake_case)]` (part of `#[warn(nonstandard_style)]`) on by default

warning: variable does not need to be mutable
    --> crates/llama/tests/arch_batch9_e2e.rs:1610:13
     |
1610 |         let mut m = load_synth(&spec);
     |             ----^
     |             |
     |             help: remove this `mut`
     |
     = note: `#[warn(unused_mut)]` (part of `#[warn(unused)]`) on by default

warning: variable does not need to be mutable
    --> crates/llama/tests/arch_batch9_e2e.rs:1632:13
     |
1632 |         let mut m = load_synth(&spec);
     |             ----^
     |             |
     |             help: remove this `mut`

warning: unused import: `llama::hparams::LlamaHparams`
  --> crates/llama/tests/mtp2_e2e.rs:34:5
   |
34 | use llama::hparams::LlamaHparams;
   |     ^^^^^^^^^^^^^^^^^^^^^^^^^^^^
   |
   = note: `#[warn(unused_imports)]` (part of `#[warn(unused)]`) on by default

warning: unused import: `SlotInfo`
  --> crates/llama/tests/mtp2_e2e.rs:35:43
   |
35 | use llama::kv_cache::{KvCache, KvSwaStep, SlotInfo, SwaCacheSpec};
   |                                           ^^^^^^^^

warning: unused variable: `name`
    --> crates/llama/tests/mtp2_e2e.rs:2449:20
     |
2449 |     let mut add = |name: String, ne: Vec<i64>, norm: bool| {
     |                    ^^^^ help: if this is intentional, prefix it with an underscore: `_name`
     |
     = note: `#[warn(unused_variables)]` (part of `#[warn(unused)]`) on by default

warning: variable does not need to be mutable
    --> crates/llama/tests/mtp2_e2e.rs:2910:9
     |
2910 |     let mut replay = |four: bool| -> Vec<f32> {
     |         ----^^^^^^
     |         |
     |         help: remove this `mut`
     |
     = note: `#[warn(unused_mut)]` (part of `#[warn(unused)]`) on by default

warning: value assigned to `logits` is never read
    --> crates/llama/tests/mtp2_e2e.rs:2913:26
     |
2913 |           let mut logits = d
     |  __________________________^
2914 | |             .decode(&prompt, &(0..prompt.len() as i32).collect::<Vec<_>>())
2915 | |             .unwrap()
2916 | |             .to_vec();
     | |_____________________^ this value is reassigned later and never used
...
2919 |               logits = d.decode(&[plain[k]], &[p]).unwrap().to_vec();
     |               ------ `logits` is overwritten here before the previous value is read
     |
     = note: `#[warn(unused_assignments)]` (part of `#[warn(unused)]`) on by default

warning: `llama` (test "qwen3_prefill_dump") generated 4 warnings (run `cargo fix --test "qwen3_prefill_dump" -p llama` to apply 3 suggestions)
warning: variable does not need to be mutable
   --> crates/llama/tests/ctx_shift_e2e.rs:421:9
    |
421 |     let mut l = load_real(QWEN25)?;
    |         ----^
    |         |
    |         help: remove this `mut`
    |
    = note: `#[warn(unused_mut)]` (part of `#[warn(unused)]`) on by default

warning: variable does not need to be mutable
   --> crates/llama/tests/ctx_shift_e2e.rs:555:18
    |
555 |         let Some(mut l) = load_real(QWEN25) else {
    |                  ----^
    |                  |
    |                  help: remove this `mut`

warning: variable does not need to be mutable
   --> crates/llama/tests/ctx_shift_e2e.rs:588:18
    |
588 |         let Some(mut l) = load_real(QWEN25) else {
    |                  ----^
    |                  |
    |                  help: remove this `mut`

warning: unused import: `ForwardResult`
  --> crates/llama/tests/arch_batch7_e2e.rs:36:32
   |
36 | use llama::graph::{AttnParams, ForwardResult};
   |                                ^^^^^^^^^^^^^
   |
   = note: `#[warn(unused_imports)]` (part of `#[warn(unused)]`) on by default

warning: unused import: `ForwardWeights`
    --> crates/llama/tests/arch_batch7_e2e.rs:1405:45
     |
1405 |         use llama::context::{DecodeContext, ForwardWeights};
     |                                             ^^^^^^^^^^^^^^

warning: unused variable: `pos`
    --> crates/llama/tests/arch_batch7_e2e.rs:1059:9
     |
1059 |     let pos: Vec<i32> = (0..toks0.len() as i32).collect();
     |         ^^^ help: if this is intentional, prefix it with an underscore: `_pos`
     |
     = note: `#[warn(unused_variables)]` (part of `#[warn(unused)]`) on by default

warning: `llama` (test "sampler_dry_parity") generated 1 warning
warning: variable does not need to be mutable
    --> crates/llama/tests/arch_batch12_e2e.rs:1027:13
     |
1027 |         let mut m = load_synth(&spec);
     |             ----^
     |             |
     |             help: remove this `mut`
     |
     = note: `#[warn(unused_mut)]` (part of `#[warn(unused)]`) on by default

warning: `llama` (test "arch_batch9_e2e") generated 2 warnings (run `cargo fix --test "arch_batch9_e2e" -p llama` to apply 2 suggestions)
warning: unused import: `llama::batch::LlamaBatch`
  --> crates/llama/tests/tts_pipeline_e2e.rs:48:5
   |
48 | use llama::batch::LlamaBatch;
   |     ^^^^^^^^^^^^^^^^^^^^^^^^
   |
   = note: `#[warn(unused_imports)]` (part of `#[warn(unused)]`) on by default

warning: `llama` (test "arch_batch15_e2e") generated 10 warnings (run `cargo fix --test "arch_batch15_e2e" -p llama` to apply 2 suggestions)
   Compiling llama-server v0.1.0 (/home/jeffrey/works/personal/github/fly88oj/llama.rust/crates/tools/llama-server)
warning: unused import: `BufRead`
  --> crates/tools/llama-server/src/server_mcp.rs:33:15
   |
33 | use std::io::{BufRead, Read, Write};
   |               ^^^^^^^
   |
   = note: `#[warn(unused_imports)]` (part of `#[warn(unused)]`) on by default

warning: unused variable: `vocab`
    --> crates/tools/llama-server/src/engine.rs:3202:13
     |
3202 |         let vocab = pieces(&[
     |             ^^^^^ help: if this is intentional, prefix it with an underscore: `_vocab`
     |
     = note: `#[warn(unused_variables)]` (part of `#[warn(unused)]`) on by default

warning: variable does not need to be mutable
    --> crates/tools/llama-server/src/engine.rs:3358:13
     |
3358 |         let mut flush_case = |grammar_hex: &mut Option<Vec<u8>>,
     |             ----^^^^^^^^^^
     |             |
     |             help: remove this `mut`
     |
     = note: `#[warn(unused_mut)]` (part of `#[warn(unused)]`) on by default

warning: variable does not need to be mutable
   --> crates/tools/llama-server/src/server_mcp.rs:308:13
    |
308 |         let mut stdin = proc.take_stdin();
    |             ----^^^^^
    |             |
    |             help: remove this `mut`

warning: variable does not need to be mutable
   --> crates/tools/llama-server/src/server_mcp.rs:541:21
    |
541 |                 let mut q = self.from_server.lock().unwrap();
    |                     ----^
    |                     |
    |                     help: remove this `mut`

warning: variable does not need to be mutable
   --> crates/tools/llama-server/src/server_mcp.rs:806:13
    |
806 |         let mut append = |json_str: &str, configs: &mut Vec<ServerConfig>| -> Result<(), String> {
    |             ----^^^^^^
    |             |
    |             help: remove this `mut`

warning: unused variable: `tool`
    --> crates/tools/llama-server/src/server_tools.rs:1966:30
     |
1966 |         if let Some((server, tool)) = t.split_once('_') {
     |                              ^^^^ help: if this is intentional, prefix it with an underscore: `_tool`

warning: variable does not need to be mutable
    --> crates/tools/llama-server/src/server_tools.rs:2031:9
     |
2031 |     let mut set_param = |params: &mut Json, key: &str, value: String| {
     |         ----^^^^^^^^^
     |         |
     |         help: remove this `mut`

warning: field `n_keep_default` is never read
   --> crates/tools/llama-server/src/engine.rs:706:9
    |
679 | pub struct Engine {
    |            ------ field in this struct
...
706 |     pub n_keep_default: i32,
    |         ^^^^^^^^^^^^^^
    |
    = note: `#[warn(dead_code)]` (part of `#[warn(unused)]`) on by default

warning: constant `TLSEXT_NAMETYPE_host_name` should have an upper case name
  --> crates/tools/llama-server/src/tls.rs:62:7
   |
62 | const TLSEXT_NAMETYPE_host_name: std::ffi::c_long = 0;
   |       ^^^^^^^^^^^^^^^^^^^^^^^^^
   |
   = note: `#[warn(non_upper_case_globals)]` (part of `#[warn(nonstandard_style)]`) on by default
help: convert the identifier to upper case
   |
62 - const TLSEXT_NAMETYPE_host_name: std::ffi::c_long = 0;
62 + const TLSEXT_NAMETYPE_HOST_NAME: std::ffi::c_long = 0;
   |

   Compiling llama-perplexity v0.1.0 (/home/jeffrey/works/personal/github/fly88oj/llama.rust/crates/tools/perplexity)
warning: unused variable: `j`
   --> crates/tools/perplexity/src/scorers.rs:479:21
    |
479 |                 for j in hs_data[i].common_prefix..hs_data[i].seq_tokens[s].len() - 1 {
    |                     ^ help: if this is intentional, prefix it with an underscore: `_j`
    |
    = note: `#[warn(unused_variables)]` (part of `#[warn(unused)]`) on by default

warning: constant `K_TOKEN_CHUNK` is never used
  --> crates/tools/perplexity/src/scorers.rs:32:7
   |
32 | const K_TOKEN_CHUNK: usize = 4;
   |       ^^^^^^^^^^^^^
   |
   = note: `#[warn(dead_code)]` (part of `#[warn(unused)]`) on by default

warning: field `n_batch` is never read
   --> crates/tools/perplexity/src/scorers.rs:219:9
    |
214 | pub struct ScorerParams {
    |            ------------ field in this struct
...
219 |     pub n_batch: usize,
    |         ^^^^^^^

warning: fields `context` and `ending` are never read
   --> crates/tools/perplexity/src/scorers.rs:224:5
    |
223 | struct HsData {
    |        ------ fields in this struct
224 |     context: String,
    |     ^^^^^^^
225 |     gold_ending_idx: usize,
226 |     ending: [String; 4],
    |     ^^^^^^

warning: `llama-perplexity` (bin "llama-perplexity" test) generated 4 warnings (run `cargo fix --bin "llama-perplexity" -p llama-perplexity --tests` to apply 1 suggestion)
   Compiling llama-mtmd-cli v0.1.0 (/home/jeffrey/works/personal/github/fly88oj/llama.rust/crates/tools/llama-mtmd-cli)
warning: `llama` (test "arch_batch12_e2e") generated 1 warning (run `cargo fix --test "arch_batch12_e2e" -p llama` to apply 1 suggestion)
warning: `llama` (test "mtp2_e2e") generated 5 warnings (run `cargo fix --test "mtp2_e2e" -p llama` to apply 4 suggestions)
warning: unused variable: `Col2im1d`
   --> crates/llama/tests/gemma4_assistant_e2e.rs:505:9
    |
505 |         Col2im1d => "COL2IM_1D",
    |         ^^^^^^^^
    |
    = note: `#[warn(unused_variables)]` (part of `#[warn(unused)]`) on by default
help: you might have meant to pattern match on the similarly named variant `Col2Im1d`
    |
505 -         Col2im1d => "COL2IM_1D",
505 +         ggml::GgmlOp::Col2Im1d => "COL2IM_1D",
    |
help: if this is intentional, prefix it with an underscore
    |
505 |         _Col2im1d => "COL2IM_1D",
    |         +

warning: variable `Col2im1d` should have a snake case name
   --> crates/llama/tests/gemma4_assistant_e2e.rs:505:9
    |
505 |         Col2im1d => "COL2IM_1D",
    |         ^^^^^^^^ help: convert the identifier to snake case (notice the capitalization): `col2im1d`
    |
    = note: `#[warn(non_snake_case)]` (part of `#[warn(nonstandard_style)]`) on by default

warning: `llama` (test "ctx_shift_e2e") generated 3 warnings (run `cargo fix --test "ctx_shift_e2e" -p llama` to apply 3 suggestions)
warning: unused import: `ggml::gguf::GgufType`
  --> crates/llama/tests/arch_batch6_e2e.rs:35:5
   |
35 | use ggml::gguf::GgufType;
   |     ^^^^^^^^^^^^^^^^^^^^
   |
   = note: `#[warn(unused_imports)]` (part of `#[warn(unused)]`) on by default

warning: unused import: `ForwardResult`
  --> crates/llama/tests/arch_batch6_e2e.rs:40:32
   |
40 | use llama::graph::{AttnParams, ForwardResult};
   |                                ^^^^^^^^^^^^^

warning: method `n_embd_head` is never used
   --> crates/llama/tests/arch_batch6_e2e.rs:117:8
    |
104 | impl SynthSpec {
    | -------------- method in this implementation
...
117 |     fn n_embd_head(&self) -> i64 {
    |        ^^^^^^^^^^^
    |
    = note: `#[warn(dead_code)]` (part of `#[warn(unused)]`) on by default

warning: `llama` (test "arch_batch7_e2e") generated 3 warnings (run `cargo fix --test "arch_batch7_e2e" -p llama` to apply 3 suggestions)
warning: `llama-server` (bin "llama-server" test) generated 10 warnings (run `cargo fix --bin "llama-server" -p llama-server --tests` to apply 9 suggestions)
warning: `llama` (test "tts_pipeline_e2e") generated 1 warning (run `cargo fix --test "tts_pipeline_e2e" -p llama` to apply 1 suggestion)
warning: `llama` (test "gemma4_assistant_e2e") generated 2 warnings (run `cargo fix --test "gemma4_assistant_e2e" -p llama` to apply 1 suggestion)
warning: `llama` (test "arch_batch6_e2e") generated 3 warnings (run `cargo fix --test "arch_batch6_e2e" -p llama` to apply 2 suggestions)
   Compiling llama-bench v0.1.0 (/home/jeffrey/works/personal/github/fly88oj/llama.rust/crates/tools/llama-bench)
warning: variable does not need to be mutable
    --> crates/llama/tests/arch_batch11a_e2e.rs:2494:13
     |
2494 |         let mut m = load_synth(&spec);
     |             ----^
     |             |
     |             help: remove this `mut`
     |
     = note: `#[warn(unused_mut)]` (part of `#[warn(unused)]`) on by default

warning: variable does not need to be mutable
    --> crates/llama/tests/arch_batch11a_e2e.rs:2522:9
     |
2522 |     let mut m = load_synth(&spec);
     |         ----^
     |         |
     |         help: remove this `mut`

warning: unused variable: `m`
    --> crates/llama/tests/arch_batch11a_e2e.rs:2522:9
     |
2522 |     let mut m = load_synth(&spec);
     |         ^^^^^ help: if this is intentional, prefix it with an underscore: `_m`
     |
     = note: `#[warn(unused_variables)]` (part of `#[warn(unused)]`) on by default

warning: fields `gating`, `weights_scale`, and `weights_norm` are never read
  --> crates/llama/tests/arch_batch11a_e2e.rs:93:5
   |
75 | struct SynthSpec {
   |        --------- fields in this struct
...
93 |     gating: Option<u32>,
   |     ^^^^^^
94 |     weights_scale: Option<f32>,
   |     ^^^^^^^^^^^^^
95 |     weights_norm: Option<bool>,
   |     ^^^^^^^^^^^^
   |
   = note: `SynthSpec` has a derived impl for the trait `Clone`, but this is intentionally ignored during dead code analysis
   = note: `#[warn(dead_code)]` (part of `#[warn(unused)]`) on by default

   Compiling llama-tokenize v0.1.0 (/home/jeffrey/works/personal/github/fly88oj/llama.rust/crates/tools/tokenize)
warning: method `n_embd_kv` is never used
   --> crates/llama/tests/arch_batch5_e2e.rs:106:8
    |
102 | impl SynthSpec {
    | -------------- method in this implementation
...
106 |     fn n_embd_kv(&self) -> i64 {
    |        ^^^^^^^^^
    |
    = note: `#[warn(dead_code)]` (part of `#[warn(unused)]`) on by default

warning: field `2` is never read
   --> crates/llama/tests/arch_batch5_e2e.rs:974:67
    |
974 |     Mamba(graph_arch::MambaModelWeights, graph_arch::MambaParams, bool),
    |     ----- field in this variant                                   ^^^^
    |
help: consider changing the field to be of unit type to suppress this warning while preserving the field numbering, or remove the field
    |
974 -     Mamba(graph_arch::MambaModelWeights, graph_arch::MambaParams, bool),
974 +     Mamba(graph_arch::MambaModelWeights, graph_arch::MambaParams, ()),
    |

warning: `llama` (test "arch_batch11a_e2e") generated 4 warnings (run `cargo fix --test "arch_batch11a_e2e" -p llama` to apply 3 suggestions)
warning: `llama` (test "arch_batch5_e2e") generated 2 warnings
    Finished `release` profile [optimized + debuginfo] target(s) in 6m 50s
     Running unittests src/lib.rs (target/release/deps/common-c5537a252b526946)

running 0 tests

test result: ok. 0 passed; 0 failed; 0 ignored; 0 measured; 0 filtered out; finished in 0.00s

     Running unittests src/lib.rs (target/release/deps/ggml-c87c5157cc8a9cd3)

running 188 tests
test backend::tests::backend_dl_stub ... ok
test backend::tests::buffer_from_ptr ... ok
test backend::tests::cpu_buffer_roundtrip ... ok
test backend::tests::cpu_supports_op ... ok
test backend::tests::multi_buffer ... ok
test backend::tests::registry_enumeration ... ok
test backend::tests::tensor_copy_host ... ok
test backend_emit::tests::foreign_cpu_backend_parity ... ok
test backend_emit::tests::foreign_cpu_kv_cache_persistence ... ok
test backend_sched::tests::galloc_reuses_inplace_storage ... ok
test backend_sched::tests::sched_cpu_bit_identity ... ok
test backend_sched::tests::sched_repeated_compute ... ok
test backend_sched::tests::sched_two_backend_split ... ok
test compute::dsv4_ops_match_reference_dump ... ok
test compute::mul_broadcast_dim0 ... ok
test compute::set_rows_scatters_and_converts ... ok
test compute::tests::add_id_matches_naive ... ok
test compute::tests::add_mul_broadcast_and_inplace ... ok
test compute::tests::arena_reuse_bit_identity ... ok
test compute::tests::argsort_top_k_view_strides ... ok
test compute::tests::audio_ops_bit_exact_vs_reference ... ok
test compute::tests::concat_and_cpy_views ... ok
test compute::tests::conformer_ops_bit_exact_vs_reference ... ok
test compute::tests::diag_mask_inf_values ... ok
test compute::tests::end_to_end_rms_mulmat_softmax ... ok
test compute::tests::exp_bit_exact_vs_reference ... ok
test compute::tests::exp_f16_bit_exact_vs_reference ... ok
test compute::tests::gelu_erf_bit_exact_vs_reference ... ok
test compute::tests::gelu_erf_f16_bit_exact_vs_reference ... ok
test compute::tests::gelu_f16_table_matches_reference ... ok
test compute::tests::genops_bit_exact_vs_reference ... ok
test compute::tests::get_rows_argmax_argsort_sum_rows ... ok
test compute::tests::interpolate_align_corners_vs_reference ... ok
test compute::tests::mul_mat_f32 ... ok
test compute::tests::mul_mat_id_matches_naive ... ok
test compute::tests::mul_mat_q6_k_view_rows ... ok
test compute::tests::mul_mat_quantized_all_types ... ok
test compute::tests::mulmat_throughput ... ignored
test compute::tests::norm_matches_naive ... ok
test compute::tests::perf8_repro::direct_then_sched_repeated ... ok
test compute::tests::pool_1d_bit_exact_vs_reference ... ok
test compute::tests::repeat_and_get_rows_back ... ok
test compute::tests::rms_norm_hand_values ... ok
test compute::tests::rope_neox_hand_case ... ok
test compute::tests::rope_neox_preserves_pair_norms ... ok
test compute::tests::scale_silu_gelu_work ... ok
test compute::tests::soft_max_sinks_matches_reference_expression ... ok
test compute::tests::softmax_sums_to_one_with_mask_and_scale ... ok
test compute::tests::swiglu_oai_matches_reference_expression ... ok
test compute::tests::tanh_bit_exact_vs_reference ... ok
test compute::tests::tanh_f16_bit_exact_vs_reference ... ok
test compute::tests::top_k_matches_libstdcpp_partial_sort_on_ties ... ok
test flash_attn::tests::alibi_max_bias_matches_naive ... ok
test flash_attn::tests::bench_fa_paths ... ignored, manual: prefill-shape FA path A/B
test flash_attn::tests::dst_layout_is_permuted ... ok
test flash_attn::tests::finite_negative_mask_is_not_skipped ... ok
test flash_attn::tests::fully_masked_row_yields_zeros ... ok
test flash_attn::tests::gqa_broadcast_matches_expanded_heads ... ok
test flash_attn::tests::graph_path_split_kv_dispatches_with_nth ... ok
test flash_attn::tests::graph_path_with_sinks_matches_ref ... ok
test flash_attn::tests::graph_path_with_sinks_matches_ref ... ok
test flash_attn::tests::logit_softcap_matches_naive ... ok
test flash_attn::tests::matches_naive_two_pass_f16_kv ... ok
test flash_attn::tests::matches_naive_two_pass_f32_kv ... ok
test flash_attn::tests::matches_naive_two_pass_mixed_v_f32_k_f16 ... ok
test flash_attn::tests::padded_kv_views_match_dense ... ok
test flash_attn::tests::partially_masked_batch_matches_naive ... ok
test flash_attn::tests::ref_dump_bitexact ... ok
test flash_attn::tests::ref_dump_matches_all_cases ... ok
test flash_attn::tests::ref_dump_path_affinity ... ok
test flash_attn::tests::ref_probe_dump_bitexact ... ok
test flash_attn::tests::row_shape_invariance ... ok
test flash_attn::tests::sinks_match_naive_virtual_entry ... ok
test flash_attn::tests::split_kv_empty_chunk_matches ... ok
test flash_attn::tests::split_kv_merge_matches_single_chunk ... ok
test flash_attn::tests::tiled_agrees_with_one_chunk_f32_kv ... ok
test flash_attn::tests::tiled_padded_kv_views_match_dense ... ok
test flash_attn::tests::tiled_row_sharding_is_bit_exact ... ok
test flash_attn::tests::tiled_selection_matches_c_condition ... ok
test flash_attn::tests::tiled_simd_matches_scalar_bit_exact ... ok
test flash_attn::tests::tiled_single_kv_returns_v ... ok
test flash_attn::tests::tiled_uniform_mask_matches_naive ... ok
test flash_attn::tests::v_expf_saturates_like_the_c_polynomial ... ok
test flash_attn::tests::v_expf_vector_matches_scalar_bit_exact ... ok
test gdn::tests::gdn_kernel_matches_naive ... ok
test gguf_write::tests::gguf_write_bit_exact_vs_reference ... ok
test gguf_write::tests::write_read_roundtrip ... ok
test graph::tests::forward_order ... ok
test ops::tests::builders_shapes ... ok
test ops::tests::expf_matches_libm_closely ... ok
test ops::tests::op_params_layout ... ok
test quants::iq_dispatch_tests::dequantize_row_dispatch_reaches_iq_family ... ok
test quants::iq_dispatch_tests::dequantize_row_refuses_ternary - should panic ... ok
test quants::tests::e8m0_scale_boundaries ... ok
test quants::tests::fp4_block_geometry ... ok
test quants::tests::fp4_dequant_bit_exact_vs_reference ... ok
test quants::tests::quants_bit_exact_vs_reference ... ok
test quants::tests::quants_q1_0_q2_0_bit_exact_vs_reference ... ok
test quants::tests::ue4m3_scale_boundaries ... ok
test quants_impl::tests::iq4_uses_weights ... ok
test quants_impl::tests::weighted_and_ref_paths_are_distinct ... ok
test quants_k::tests::i_quant_dequant_bit_exact_vs_reference ... ok
test quants_k::tests::k_quant_quantize_bit_exact_vs_reference ... ok
test quants_k::tests::k_quant_roundtrip_sane ... ok
test repack::mxfp4_gemv_lab::mxfp4_gemv_lab_ab ... ignored, manual: perf9 gemv lab
test repack::q4_0_ref_tests::mul_mat_q4_0_repack_skips_unqualified_tensor ... ok
test repack::q4_0_ref_tests::mul_mat_q4_0_repack_wiring_matches_f64_reference ... ok
test repack::q4_0_ref_tests::q4_0_gemv_activation_bytes_match_reference ... ok
test repack::q4_0_ref_tests::q4_0_interleaved_activation_matches_reference ... ok
test repack::q4_0_ref_tests::q4_0_kernels_match_reference_avx_bit_exact ... ok
test repack::q4_0_ref_tests::q4_0_simd_matches_scalar_bit_exact ... ok
test repack::q4_0_ref_tests::q4_0_simd_matches_scalar_shape_grid ... ok
test repack::q4_0_ref_tests::reference_q4_0_trait_is_the_8x8_repack ... ok
test repack::q4_0_ref_tests::repack_layout_matches_reference_bytes ... ok
test repack::q4k_diag_tests::q4k_gemm_simd_vs_scalar_regimes ... ok
test repack::q4k_min_probe_tests::q4k_gemm_min_term_mapping ... ok
test repack::q4k_ref_tests::q4k_avx512_matches_avx2_and_scalar_shape_grid ... ok
test repack::q4k_ref_tests::q4k_gemv_activation_bytes_match_reference ... ok
test repack::q4k_ref_tests::q4k_interleaved_activation_matches_reference ... ok
test repack::q4k_ref_tests::q4k_kernels_match_reference_avx_bit_exact ... ok
test repack::q4k_ref_tests::q4k_simd_matches_scalar_bit_exact ... ok
test repack::q4k_ref_tests::q4k_simd_matches_scalar_shape_grid ... ok
test repack::q4k_ref_tests::reference_q4k_trait_is_the_8x8_repack ... ok
test repack::q4k_ref_tests::repack_layout_matches_reference_bytes ... ok
test repack::q4k_speed_tests::q4k_gemm_avx512_vs_avx2_speed ... ignored
test repack::q4k_speed_tests::q4k_gemm_chunk_and_threads ... ignored
test repack::q4k_speed_tests::q4k_kernel_speed ... ignored
test repack::q4k_speed_tests::q4k_repack_materialize_speed ... ignored
test repack::tests::activation_quantizers_match_reference_dump ... ok
test repack::tests::bench_repack_kernels ... ignored, manual: repack gemv/gemm A/B throughput
test repack::tests::bench_repack_one_expert ... ignored, manual: 141 MiB repack timing
test repack::tests::fma_accumulation_vs_mul_add_coincide_on_mxfp4 ... ok
test repack::tests::gemm_matches_gemv_elementwise ... ok
test repack::tests::gemm_matches_reference_dump_bitexact ... ok
test repack::tests::gemv_matches_dequantized_reference ... ok
test repack::tests::gemv_matches_reference_dump_bitexact ... ok
test repack::tests::generic_kernel_differs_from_avx_kernel ... ok
test repack::tests::layout_bytes_match_reference_dump ... ok
test repack::tests::mul_mat_id_q4k_repack_wiring_matches_f64_reference ... ok
test repack::tests::mul_mat_id_repack_skips_unqualified_tensor ... ok
test repack::tests::mul_mat_id_repack_wiring_matches_f64_reference ... ok
test repack::tests::mul_mat_q4k_repack_broadcast_planes_match_f64_reference ... ok
test repack::tests::mul_mat_repack_wiring_matches_f64_reference ... ok
test repack::tests::quantize_mat_4xn_matches_plain_q8_0_values ... ok
test repack::tests::repack_cache_reuses_copy ... ok
test repack::tests::repack_layout_is_row_interleave ... ok
test repack::tests::repack_qualification_matches_c ... ok
test repack::tests::repack_roundtrip_identity ... ok
test repack::tests::simd_kernels_match_scalar_bit_exact ... ok
test simd_x86::tests::avx512_f16_vec_kernels_match_scalar_bit_exact ... ok
test simd_x86::tests::avx512_gemm_matches_scalar_bit_exact ... ok
test simd_x86::tests::avx512_lane_ops_match_scalar_bit_exact ... ok
test simd_x86::tests::avx512_silu_matches_scalar_bit_exact ... ok
test simd_x86::tests::avx512_soft_max_matches_scalar_bit_exact ... ok
test simd_x86::tests::f16c_cvtph_matches_portable ... ok
test simd_x86::tests::kernel_throughput ... ignored
test simd_x86::tests::quantize_row_q8_0_avx2_matches_scalar_bit_exact ... ok
test simd_x86::tests::simd_matches_scalar_bit_exact ... ok
test ssm::tests::ssm_conv_matches_naive ... ok
test ssm::tests::ssm_kernels_match_reference_dump ... ok
test ssm::tests::ssm_scan_mamba2_matches_naive ... ok
test tensor::tests::tensor_basics ... ok
test tests::parse_real_qwen_gguf ... ok
test tiled::tiled_ref_tests::tiled_mulmat_id_matches_reference_bit_exact ... ok
test tiled::tiled_ref_tests::tiled_mulmat_matches_reference_bit_exact ... ok
test tiled::tiled_ref_tests::tiled_mulmat_thread_invariant ... ok
test tinyblas::bench_tests::bench_tinyblas_shapes ... ignored, manual: tinyBLAS GEMM throughput probe
test tinyblas::dump_tests::accepts_table_matches_the_reference_switch ... ok
test tinyblas::dump_tests::f32_router_shape_matches_reference ... ok
test tinyblas::dump_tests::tinyblas_routing_and_values_vs_reference ... ok
test tinyblas::wire_tests::mul_mat_routes_like_llamafile_sgemm ... ok
test tinyblas::wire_tests::ne11_one_bails_on_every_plane ... ok
test types::tests::type_table_matches_reference ... ok
test vec_dot::avx512_tests::vec_lane_order_bit_exact_vs_reference ... ok
test vec_dot::kquant_real_tensor_tests::kquant_real_tensor_dump_vs_reference ... ok
test vec_dot::mulmat_tests::mulmat_bit_exact_vs_reference ... ok
test vec_dot::mulmat_tests::mulmat_c1_bit_exact_vs_reference ... ok
test vec_dot::q5k_kernel_tests::q5k_lane_vs_generic_vs_integer_reference ... ok
test vec_dot::tests::f32_dot_matches_f64_reference ... ok
test vec_dot::tests::q4_0_q8_0_bit_exact ... ok
test vec_dot::tests::q8_0_q8_0_bit_exact ... ok
test vec_dot::thread_invariance_tests::mul_mat_bit_identical_across_thread_counts ... ok
test vec_dot::vecdot3_tests::mul_mat_wiring_synthetic_weights ... ok
test vec_dot::vecdot3_tests::vecdot3_bit_exact_vs_reference ... ok
test wkv::tests::wkv6_gla_match_naive ... ok
test wkv::tests::wkv7_matches_naive_at_head_size_64 ... ok
test wkv::tests::wkv_kernels_match_reference_dump ... ok
test wkv::tests::wkv_simd_equals_scalar ... ok

test result: ok. 177 passed; 0 failed; 11 ignored; 0 measured; 0 filtered out; finished in 0.72s

     Running unittests src/lib.rs (target/release/deps/llama-552edc6f63cc175f)

running 325 tests
test adapter::tests::adapter_alora_invocation_tokens ... ok
test adapter::tests::adapter_metadata_contract ... ok
test adapter::tests::adapter_shape_and_suffix_checks ... ok
test adapter::tests::lora_mm_matches_f64_reference ... ok
test adapter::tests::lora_weight_get_scale ... ok
test adapter::tests::set_adapters_lora_scale_plumbing ... ok
test arch::tests::arch_classifications ... ok
test arch::tests::arch_from_string_spot_checks ... ok
test arch::tests::arch_names_roundtrip ... ok
test arch::tests::kv_names_arch_prefixed_and_fixed ... ok
test arch::tests::table_sizes_match_reference ... ok
test arch::tests::tensor_names_block_templates ... ok
test batch::tests::batch_ext_add_set_and_content_types ... ok
test batch::tests::batch_ext_embd_width_is_fixed_by_first_row ... set_token_embd: embedding size mismatch, got 1 rows x 4 = 4, expected 8embeddings required but some input tokens were not marked as outputs -> overridingok
test batch::tests::coupled_sequences_share_a_token ... ok
test batch::tests::init_autogenerates_pos_from_memory_per_seq ... ok
test batch::tests::init_autogenerates_pos_seq_and_logits ... ok
test batch::tests::init_rejects_non_consecutive_positions ... ok
test batch::tests::mrope_positions_broadcast_and_jump ... ok
test batch::tests::split_equal_geometry ... ok
test batch::tests::split_seq_keeps_one_sequence_set ... ok
test batch::tests::split_simple_chunks ... ok
test batch::tests::split_simple_multi_seq_geometry ... ok
test batch::tests::ubatch_reserve_geometry ... ok
test chat::tests::apply_named_defaults_to_chatml ... ok
test chat::tests::apply_unknown_template_errors ... ok
test chat::tests::builtin_template_names_sorted_and_complete ... ok
test chat::tests::chatml_consecutive_assistant ... ok
test chat::tests::chatml_no_trim_and_no_gen_prompt ... ok
test chat::tests::chatml_system_and_user ... ok
test chat::tests::chatml_unknown_role_passthrough ... ok
test chat::tests::chatml_user_only ... ok
test chat::tests::detect_exact_name_beats_substring ... ok
test chat::tests::eot_prefix_is_emitted_by_the_formatter ... ok
test chat::tests::eot_prefix_matches_formatter_markers ... ok
test chat::tests::gemma_consecutive_assistant ... ok
test chat::tests::gemma_system_merged_into_user ... ok
test chat::tests::gemma_system_trim_and_merge ... ok
test chat::tests::gemma_user_only ... ok
test chat::tests::llama3_consecutive_assistant_and_trim ... ok
test chat::tests::llama3_system_and_user ... ok
test chat::tests::llama3_user_only ... ok
test chat::tests::mini_jinja_block_set ... ok
test chat::tests::mini_jinja_break_continue_and_for_filter ... ok
test chat::tests::mini_jinja_coerced_array_attributes ... ok
test chat::tests::mini_jinja_dict_builtin ... ok
test chat::tests::mini_jinja_for_loop_and_whitespace_markers ... ok
test chat::tests::mini_jinja_generation_markers_ignored ... ok
test chat::tests::mini_jinja_loop_previtem_nextitem ... ok
test chat::tests::mini_jinja_loop_set_scoping ... ok
test chat::tests::mini_jinja_macro_kwargs_and_recursion ... ok
test chat::tests::mini_jinja_namespace_mutation ... ok
test chat::tests::mini_jinja_noncall_test_arg ... ok
test chat::tests::mini_jinja_range_and_dict_items ... ok
test chat::tests::mini_jinja_sameas ... ok
test chat::tests::mini_jinja_selectattr ... ok
test chat::tests::mini_jinja_slices ... ok
test chat::tests::mini_jinja_string_subscript_and_methods ... ok
test chat::tests::mini_jinja_ternary_in_and_or ... ok
test chat::tests::mini_jinja_trims_trailing_newline ... ok
test chat::tests::mini_jinja_unsupported_constructs_error ... ok
test chat::tests::phi3_consecutive_assistant_no_trim ... ok
test chat::tests::phi3_system_and_user ... ok
test chat::tests::phi3_user_only ... ok
test chat::tests::qwen25_gguf_template_detects_as_chatml ... ok
test chat::tests::qwen25_template_apply_str ... ok
test chat::tests::qwen25_template_apply_str_system ... ok
test chat::tests::strftime_now_in_template ... ok
test chat::tests::strftime_utc_edges ... ok
test chat::tests::strftime_utc_known_epoch ... ok
test chat::tests::template_name_roundtrip ... ok
test clip::tests::clip_cb_parity_dump ... ignored, needs the 1.8 GB mmproj + a reference dump
test clip::tests::real_mmproj_metadata_and_geometry ... ok
test clip::tests::synth_mmproj_ling3vl_load_preprocess_encode ... ok
test clip::tests::synth_mmproj_load_preprocess_encode ... ok
test console::tests::append_utf8_roundtrip ... ok
test console::tests::decode_utf8_matches_c ... ok
test console::tests::has_ctrl_modifier_c_semantics ... ok
test console::tests::history_c_semantics ... ok
test console::tests::prev_next_char_pos ... ok
test console::tests::readline_advanced_marker_exit_semantics ... ok
test console::tests::readline_simple_trailing_markers ... ok
test context::multi_seq_model_tests::qwen25_prompt_chunk_next_to_generation_token ... ignored
test context::multi_seq_model_tests::qwen25_two_seq_bit_identical ... ignored
test context::multi_seq_tests::abort_callback_cancels_decode ... graph_compute: ggml_backend_sched_graph_compute_async failed with error 1
ok
test context::multi_seq_tests::batch_size_invariance_for_two_or_more_rows ... ok
test context::multi_seq_tests::default_output_is_last_token_only ... ok
test context::multi_seq_tests::interleaved_multi_step_generation_matches_single_runs ... ok
test context::multi_seq_tests::logits_ith_rejects_non_output_rows ... ok
test context::multi_seq_tests::oversized_batch_is_split_and_outputs_are_ordered ... ok
test context::multi_seq_tests::seq_rm_frees_cells_for_another_sequence ... ok
test context::multi_seq_tests::two_seq_batch_logits_bit_identical_to_two_single_runs ... ok
test context::tests::toy_qwen2_decode_smoke ... ok
test context::toy_qwen2_flash_attn_matches_naive ... ok
test context::toy_qwen2_matches_naive ... ok
test context::toy_stage_bisect ... ok
test display::tests::cfmt_e_matches_c ... ok
test display::tests::cfmt_g_matches_c ... ok
test display::tests::ftype_names ... ok
test display::tests::qwen2_detection ... ok
test display::tests::rope_and_gating_names ... ok
test display::tests::type_names ... ok
test grammar::tests::decode_utf8_matches_reference_semantics ... ok
test grammar::tests::match_char_ranges ... ok
test grammar::tests::parse_char_escapes ... ok
test graph::tests::alibi_mask_f16_rounding ... ok
test graph::tests::alibi_mask_kept_value_is_neg_distance ... ok
test graph::tests::causal_mask_fill ... ok
test graph::tests::causal_mask_fill_f16 ... ok
test graph::tests::flash_attn_core_layout_and_values ... ok
test graph::tests::swa_mask_agrees_with_slot_reuse ... ok
test graph::tests::swa_mask_window_standard ... ok
test graph_arch::tests::conv_prepend_concat_probe ... ok
test graph_arch::tests::moe_ffn_silu_per_token_invariance ... ok
test graph_arch::tests::moe_ffn_silu_per_token_invariance ... ok
test graph_arch::tests::toy_flash_attn_smoke_all_archs ... ok
test graph_arch::tests::toy_gemma2_matches_naive ... ok
test graph_arch::tests::toy_gemma3_matches_naive ... ok
test graph_arch::tests::toy_gemma4_matches_naive ... ok
test graph_arch::tests::toy_granite_matches_naive ... ok
test graph_arch::tests::toy_lfm2_matches_naive ... ok
test graph_arch::tests::toy_llama_matches_naive ... ok
test graph_arch::tests::toy_phi3_matches_naive ... ok
test graph_arch::tests::toy_qwen35_matches_naive ... ok
test graph_arch::tests::toy_qwen3_matches_naive ... ok
test hparams::tests::default_initializers_match_c ... ok
test hparams::tests::is_masked_swa_cases ... ok
test hparams::tests::kv_from_start_and_router_layer ... ok
test hparams::tests::mrope_and_pos_per_embd ... ok
test hparams::tests::qwen25_calculators ... ok
test hparams::tests::recurrent_state_dims ... ok
test hparams::tests::rope_runtime_matches_reference_wiring ... ok
test hparams::tests::swa_pattern_examples ... ok
test imatrix::tests::ask_gate ... ok
test imatrix::tests::dense_accumulate_matches_reference_rule ... ok
test imatrix::tests::filter_tensor_name_strips_backend_markers ... ok
test imatrix::tests::process_tensor_name_splits_layer_and_role ... ok
test impl_log::tests::default_callback_accepts_any_text ... no trailing newlineok
test impl_log::tests::log_routing_roundtrip ... ok
test json_schema::tests::dump_float_matches_nlohmann_grisu2 ... ok
test json_schema::tests::json_object_keeps_insertion_order ... ok
test json_schema::tests::json_parse_and_dump_round_trip ... ok
test json_schema::tests::recursive_refs_build_once ... ok
test json_schema::tests::schema_builder_failures_match_the_reference_messages ... ok
test json_schema::tests::simple_and_range_grammars ... ok
test kv_cache::tests::iswa_split_layers_and_cells ... ok
test kv_cache::tests::n_kv_is_used_max_p1 ... ok
test kv_cache::tests::seq_add_over_the_iswa_pair ... ok
test kv_cache::tests::seq_add_position_math ... ok
test kv_cache::tests::seq_cp_keep_div_math ... ok
test kv_cache::tests::seq_pos_get_orders_pairs_by_position ... ok
test kv_cache::tests::slot_lifecycle ... ok
test kv_cache::tests::swa_cache_size_formula ... ok
test kv_cache::tests::swa_slot_reuse_out_of_window ... ok
test meta::tests::bge_m3_bert_values ... ok
test meta::tests::ernie45_moe_values ... ok
test meta::tests::error_paths ... ok
test meta::tests::gemma4_12b_values ... ok
test meta::tests::gpt_oss_20b_values ... ok
test meta::tests::granitehybrid_tiny_values ... ok
test meta::tests::lfm2_8b_a1b_values ... ok
test meta::tests::phi4_mini_values ... ok
test meta::tests::qwen25_exact_values ... ok
test meta::tests::qwen25_tensor_names_against_gguf ... ok
test meta::tests::qwen35_27b_values ... ok
test meta::tests::qwen35_mtp_values ... ok
test meta::tests::qwen3_embedding_values ... ok
test meta::tests::seed_oss_partial_arch ... ok
test meta::tests::support_matrix_sanity ... ok
test mlock::tests::mlock_grow_to_locks_pages ... ok
test model::batch12_count_check::arch_ported_count_is_95 ... ok
test model::tests::error_paths_shape_missing_unconsumed ... ok
test model::tests::gemma4_12b_full_load ... ignored, manual: 6.5 GB gemma4, full load + all tensors
test model::tests::gemma4_12b_real_model_tensor_map ... ok
test model::tests::gemma4_26b_a4b_moe_tensor_map ... ok
test model::tests::gemma4_synthetic_per_layer_and_shared_kv ... ok
test model::tests::gpt_oss_20b_full_load ... ignored, manual: 11 GB file, full load (mmap) — run with --ignored
test model::tests::gpt_oss_20b_real_model_tensor_map ... ok
test model::tests::gpt_oss_q4_k_m_same_mapping ... ok
test model::tests::granitehybrid_micro_dense_ffn_tensor_map ... ok
test model::tests::granitehybrid_tiny_real_model_tensor_map ... ok
test model::tests::lfm2moe_8b_a1b_real_model_tensor_map ... ok
test model::tests::llama_name_mapping_unit ... ok
test model::tests::llama_synthetic_default_rope_freqs ... ok
test model::tests::llama_synthetic_longrope_tied_output ... ok
test model::tests::muse_glimmer_bool_array_swa_pattern ... ok
test model::tests::olmo3_bool_array_swa_pattern ... ok
test model::tests::ornith_qwen35moe_nextn_tensor_map ... ok
test model::tests::phi4_mini_real_model ... ok
test model::tests::qwen25_mmap_storage_pointer ... ok
test model::tests::qwen25_q5_0_values_bit_exact ... ok
test model::tests::qwen25_real_model_tensor_map ... ok
test model::tests::qwen35_27b_full_load ... ignored, manual: 16 GB qwen35, full load (mmap)
test model::tests::qwen35_27b_real_model_tensor_map ... ok
test model::tests::qwen35_mtp_block_tensor_map ... ok
test model::tests::qwen3_embedding_real_model ... ok
test model::tests::support_matrix ... ok
test mtmd::tests::image_decoders_agree ... ok
test mtmd::tests::inflate_matches_zlib ... ok
test ngram_cache::tests::draft_from_context_cache ... ok
test ngram_cache::tests::save_load_roundtrip_and_merge ... ok
test ngram_cache::tests::update_counts_ngrams ... ok
test ngram_map::tests::map_begin_shrinks_after_history_removal ... ok
test ngram_map::tests::map_draft_complex_mode_needs_min_hits ... ok
test ngram_map::tests::map_draft_key_only_mode ... ok
test ngram_map::tests::simple_draft_finds_repeat ... ok
test ngram_mod::tests::add_get_roundtrip_and_reset ... ok
test peg::tests::aho_corasick_next_and_terminal ... ok
test peg::tests::build_grammar_from_simple_parser ... ok
test peg::tests::chars_and_until ... ok
test peg::tests::json_rule_set ... ok
test peg::tests::literal_success_and_need_more ... ok
test peg::tests::rule_tag_ast_and_mapper_tags ... ok
test peg::tests::save_load_roundtrip ... ok
test peg::tests::sequence_choice_and_space ... ok
test regex_lite::tests::anchored_pattern_with_capture ... ok
test regex_lite::tests::anchors ... ok
test regex_lite::tests::captures_and_groups ... ok
test regex_lite::tests::classes ... ok
test regex_lite::tests::empty_pattern_and_empty_matches ... ok
test regex_lite::tests::functionary_negative_lookahead ... ok
test regex_lite::tests::gptoss_anchored_channel ... ok
test regex_lite::tests::gptoss_anchored_to ... ok
test regex_lite::tests::gptoss_capture_channel ... ok
test regex_lite::tests::gptoss_capture_to ... ok
test regex_lite::tests::group_quantifiers ... ok
test regex_lite::tests::literals_and_escapes ... ok
test regex_lite::tests::lookahead ... ok
test regex_lite::tests::muse_glimmer_trigger ... ok
test regex_lite::tests::pattern_full_shape ... ok
test regex_lite::tests::quantifiers ... ok
test regex_lite::tests::unsupported_constructs_fail_loudly ... ok
test regex_lite::tests::whitespace_classes ... ok
test sampling::grammar_sampler_tests::init_grammar_errors_and_name ... ok
test sampling::grammar_sampler_tests::sample_with_grammar_resamples_invalid_token ... ok
test sampling::grammar_sampler_tests::sampler_apply_accept_reset ... ok
test sampling::grammar_sampler_tests::sampler_panics_on_invalid_accept ... ok
test sampling::tests::chain_greedy_end_and_apply_logits ... ok
test sampling::tests::chain_reference_6_steps ... ok
test sampling::tests::chain_reference_step0_probs ... ok
test sampling::tests::chain_without_selector_panics - should panic ... ok
test sampling::tests::discrete_distribution_small_table ... ok
test sampling::tests::dist_fixture_123_seed42 ... ok
test sampling::tests::dist_sequential_draws ... ok
test sampling::tests::dist_single_candidate ... ok
test sampling::tests::empty_chain_no_op ... ok
test sampling::tests::greedy_basic ... ok
test sampling::tests::greedy_tie_takes_last ... ok
test sampling::tests::logit_bias_after_reorder ... ok
test sampling::tests::logit_bias_direct ... ok
test sampling::tests::logit_bias_init_disabled ... ok
test sampling::tests::min_p_filter ... ok
test sampling::tests::min_p_init_disabled ... ok
test sampling::tests::min_p_min_keep_fallback ... ok
test sampling::tests::mirostat_reset_restores_mu_and_seed ... ok
test sampling::tests::mirostat_v1_fixture ... ok
test sampling::tests::mirostat_v2_fixture ... ok
test sampling::tests::mt19937_default_seed_5489_vector ... ok
test sampling::tests::mt19937_seed42_vector ... ok
test sampling::tests::penalties_after_3_accepts ... ok
test sampling::tests::penalties_init_disabled ... ok
test sampling::tests::penalties_ring_overflow ... ok
test sampling::tests::ring_buffer_semantics ... ok
test sampling::tests::sampling_context_defaults_deterministic ... ok
test sampling::tests::sampling_context_sample_with_external_rng ... ok
test sampling::tests::softmax_sort_tie_order ... ok
test sampling::tests::temp_half_division ... ok
test sampling::tests::temp_init_disabled ... ok
test sampling::tests::temp_softmax_ln2 ... ok
test sampling::tests::temp_zero_argmax ... ok
test sampling::tests::top_k_basic ... ok
test sampling::tests::top_k_bucket_sort_large_n ... ok
test sampling::tests::top_k_init_disabled ... ok
test sampling::tests::top_k_tie_order_partial_sort ... ok
test sampling::tests::top_n_sigma_fixture ... ok
test sampling::tests::top_n_sigma_init_disabled ... ok
test sampling::tests::top_p_adaptive_large_n ... ok
test sampling::tests::top_p_basic ... ok
test sampling::tests::top_p_init_disabled ... ok
test sampling::tests::top_p_min_keep ... ok
test sampling::tests::typical_fixture ... ok
test sampling::tests::typical_init_disabled ... ok
test sampling::tests::uniform_real_double_bits ... ok
test sampling::tests::uniform_real_float_bits ... ok
test sampling::tests::xtc_cut ... ok
test sampling::tests::xtc_init_disabled ... ok
test sampling::tests::xtc_min_keep_blocks ... ok
test sampling::tests::xtc_no_roll ... ok
test speculative::tests::n_max_from_params ... ok
test speculative::tests::output_limits ... ok
test speculative::tests::synth_rates ... ok
test speculative::tests::type_names_roundtrip ... ok
test speculative::tests::types_from_names_none_short_circuits ... ok
test unicode::tests::test_byte_encoding ... ok
test unicode::tests::test_byte_to_utf8 ... ok
test unicode::tests::test_cpt_roundtrip ... ok
test unicode::tests::test_cpts_from_utf8_invalid ... ok
test unicode::tests::test_flags ... ok
test unicode::tests::test_is_han ... ok
test unicode::tests::test_len_utf8 ... ok
test unicode::tests::test_nfd ... ok
test unicode::tests::test_regex_split_generic_fallback ... ok
test unicode::tests::test_regex_split_gpt2_custom ... ok
test unicode::tests::test_regex_split_llama3_custom ... ok
test unicode::tests::test_regex_split_qwen2_custom ... ok
test unicode::tests::test_tolower ... ok
test vocab::tests::test_fixture_bert_bge_wpm ... ok
test vocab::tests::test_fixture_command_r ... ok
test vocab::tests::test_fixture_deepseek_llm ... ok
test vocab::tests::test_fixture_falcon ... ok
test vocab::tests::test_fixture_gemma4 ... ok
test vocab::tests::test_fixture_gpt2 ... ok
test vocab::tests::test_fixture_llama_bpe ... ok
test vocab::tests::test_fixture_llama_spm ... ok
test vocab::tests::test_fixture_phi3_spm ... ok
test vocab::tests::test_fixture_qwen2 ... ok
test vocab::tests::test_fixture_qwen25_real_model ... ok
test vocab::tests::test_fixture_qwen35 ... ok
test vocab::tests::test_invalid_utf8_ugm_normalization ... ok
test vocab::tests::test_load_llama_bpe_vocab_basic ... ok
test vocab::tests::test_load_llama_spm_vocab_basic ... ok
test vocab::tests::test_load_qwen2_vocab_basic ... ok
test vocab::tests::test_special_token_partition ... ok
test vocab::tests::test_st_partition_repeated_special ... ok
test vocab::tests::test_tokenize_bytes_entry ... ok

test result: ok. 319 passed; 0 failed; 6 ignored; 0 measured; 0 filtered out; finished in 371.05s

     Running tests/arch_batch10_e2e.rs (target/release/deps/arch_batch10_e2e-495f937a64591b40)

running 6 tests
test arch_batch10_adapter_routing ... ok
test arch_batch10_inport_only_pins ... ok
test arch_batch10_long_prompt_cells ... ok
test arch_batch10_pin_and_smoke ... ok
test arch_batch10_variant_swa ... ok
test arch_batch10_write_synth ... ignored, writes the /tmp/arch-batch10 parity files (ARCH_BATCH10 cells)

test result: ok. 5 passed; 0 failed; 1 ignored; 0 measured; 0 filtered out; finished in 0.30s

     Running tests/arch_batch11a_dump.rs (target/release/deps/arch_batch11a_dump-c714814019824992)

running 1 test
test arch_batch11a_prefill_node_dump ... ignored, manual: writes the DECDMP1 node dump for the batch-11a parity files

test result: ok. 0 passed; 0 failed; 1 ignored; 0 measured; 0 filtered out; finished in 0.00s

     Running tests/arch_batch11a_e2e.rs (target/release/deps/arch_batch11a_e2e-9152cdc85abefab1)

running 4 tests
test arch_batch11a_kimi_k3_residual_bank ... ok
test arch_batch11a_long_prompt_cells ... ok
test arch_batch11a_pin_and_smoke ... ok
test arch_batch11a_write_synth ... ignored, writes the /tmp/arch-batch11a parity files (ARCH_BATCH11A cells)

test result: ok. 3 passed; 0 failed; 1 ignored; 0 measured; 0 filtered out; finished in 0.82s

     Running tests/arch_batch11b_e2e.rs (target/release/deps/arch_batch11b_e2e-27e483a55ebaf2c2)

running 7 tests
test arch_batch11b_eurobert_encoder_smoke ... ok
test arch_batch11b_eurobert_reference_parity ... ignored, needs parity/ref_encode_dump (the reference libllama dumper)
test arch_batch11b_inport_only_pins ... ok
test arch_batch11b_long_prompt_cells ... ok
test arch_batch11b_nanbeige_loop_norm_changes_logits ... ok
test arch_batch11b_pin_and_smoke ... ok
test arch_batch11b_write_synth ... ignored, writes the /tmp/arch-batch11b parity files (ARCH_BATCH11B cells)

test result: ok. 5 passed; 0 failed; 2 ignored; 0 measured; 0 filtered out; finished in 0.34s

     Running tests/arch_batch12_e2e.rs (target/release/deps/arch_batch12_e2e-ecb76ab2edc9cfeb)

running 5 tests
test arch_batch12_laguna_swa_vs_full_differ ... ok
test arch_batch12_long_prompt_cells ... ok
test arch_batch12_maple_swa_rope_changes_logits ... ok
test arch_batch12_pin_and_smoke ... ok
test arch_batch12_write_synth ... ignored, writes the /tmp/arch-batch12 parity files (ARCH_BATCH12 cells)

test result: ok. 4 passed; 0 failed; 1 ignored; 0 measured; 0 filtered out; finished in 0.30s

     Running tests/arch_batch13_e2e.rs (target/release/deps/arch_batch13_e2e-81134fe1127e5cf0)

running 6 tests
test arch_batch13_llama4_temp_scale_below_first_chunk ... ok
test arch_batch13_long_prompt_cells ... ok
test arch_batch13_pin_and_smoke ... ok
test arch_batch13_prefill_node_dump ... ignored, manual: writes the DECDMP1 node dump for a batch-13 parity file
test arch_batch13_variants_differ ... ok
test arch_batch13_write_synth ... ignored, writes the /tmp/arch-batch13 parity files (ARCH_BATCH13 cells)

test result: ok. 4 passed; 0 failed; 2 ignored; 0 measured; 0 filtered out; finished in 0.75s

     Running tests/arch_batch14_e2e.rs (target/release/deps/arch_batch14_e2e-fa4c3b69a03c411a)

running 5 tests
test arch_batch14_debug_mm_gqa ... ignored
test arch_batch14_pin_and_smoke ... ok
test arch_batch14_prefill_node_dump ... ignored, manual: writes the DECDMP1 node dump for the gemma3n parity file
test arch_batch14_rwkv6_legacy_variant ... ok
test arch_batch14_write_synth ... ignored

test result: ok. 2 passed; 0 failed; 3 ignored; 0 measured; 0 filtered out; finished in 5.27s

     Running tests/arch_batch15_e2e.rs (target/release/deps/arch_batch15_e2e-523117c2c600203f)

running 8 tests
test arch_batch15_encoder_reference_parity ... ignored, needs parity/ref_encode_dump (the reference libllama dumper)
test arch_batch15_encoder_smoke ... ok
test arch_batch15_inport_only_cells ... ok
test arch_batch15_long_prompt_cells ... ok
test arch_batch15_pin_and_smoke ... ok
test arch_batch15_prefill_node_dump ... ignored, debug probe: B15_DUMP_ARCH=<arch> cargo test -- --ignored arch_batch15_prefill_node_dump
test arch_batch15_variants_differ ... ok
test arch_batch15_write_synth ... ignored, writes the /tmp/arch-batch15 parity files (ARCH_BATCH15 cells)

test result: ok. 5 passed; 0 failed; 3 ignored; 0 measured; 0 filtered out; finished in 0.91s

     Running tests/arch_batch2_e2e.rs (target/release/deps/arch_batch2_e2e-3633eeec74d38f52)

running 12 tests
test arch_batch2_write_synth ... ignored, manual: writes ~100 MiB of synthetic GGUF into /tmp for the reference parity runs
test falcon_teacher_force_probe ... ignored, manual: needs the reference distribution probe (parity/falcon_probe.sh)
test synth_codeshell_loader_and_forward ... ok
test synth_exaone_loader_and_forward ... ok
test synth_falcon_loader_and_forward ... ok
test synth_gemma1_loader_and_forward ... ok
test synth_internlm2_loader_and_forward ... ok
test synth_metadata_roundtrip ... ok
test synth_olmo_loader_and_forward ... ok
test synth_orion_loader_and_forward ... ok
test synth_writer_type_check ... ok
test synth_xverse_loader_and_forward ... ok

test result: ok. 10 passed; 0 failed; 2 ignored; 0 measured; 0 filtered out; finished in 0.49s

     Running tests/arch_batch3_e2e.rs (target/release/deps/arch_batch3_e2e-6853a45b87c69c2e)

running 13 tests
test alibi_softmax_matches_naive_slopes ... ok
test arch3_cli_driver ... ignored, manual: the parity driver — env ARCH3_MODEL/ARCH3_FA/ARCH3_PROMPT/ARCH3_N
test arch_batch3_write_synth ... ignored, manual: writes ~600 MiB of synthetic GGUF into /tmp for the reference parity runs
test synth_baichuan_loader_and_forward ... ok
test synth_bloom_loader_and_forward ... ok
test synth_granite_dense_loader_and_forward ... ok
test synth_metadata_roundtrip ... ok
test synth_minicpm_loader_and_forward ... ok
test synth_mpt_loader_and_forward ... ok
test synth_plamo_loader_and_forward ... ok
test synth_refact_loader_and_forward ... ok
test synth_stablelm_loader_and_forward ... ok
test synth_starcoder_loader_and_forward ... ok

test result: ok. 11 passed; 0 failed; 2 ignored; 0 measured; 0 filtered out; finished in 0.83s

     Running tests/arch_batch4_e2e.rs (target/release/deps/arch_batch4_e2e-b515f0c08d084b9d)

running 13 tests
test arch4_cli_driver ... ignored, manual: the parity driver — env ARCH4_MODEL/ARCH4_FA/ARCH4_PROMPT/ARCH4_N
test arch_batch4_write_synth ... ignored, manual: writes ~180 MiB of synthetic GGUF into /tmp for the reference parity runs
test synth_arctic_loader_and_forward ... ok
test synth_ernie45moe_loader_and_forward ... ok
test synth_granite_moe_loader_and_forward ... ok
test synth_metadata_roundtrip ... ok
test synth_olmoe_loader_and_forward ... ok
test synth_openelm_loader_and_forward ... ok
test synth_phimoe_loader_and_forward ... ok
test synth_qwen2moe_loader_and_forward ... ok
test synth_qwen3moe_loader_and_forward ... ok
test synth_seed_oss_loader_and_forward ... ok
test synth_smollm3_loader_and_forward ... ok

test result: ok. 11 passed; 0 failed; 2 ignored; 0 measured; 0 filtered out; finished in 0.96s

     Running tests/arch_batch5_e2e.rs (target/release/deps/arch_batch5_e2e-f84978df95483a33)

running 10 tests
test arch5_cli_driver ... ignored, manual: the parity driver — env ARCH5_MODEL/ARCH5_FA/ARCH5_PROMPT/ARCH5_N
test arch_batch5_write_synth ... ignored, manual: writes ~250 MiB of synthetic GGUF into /tmp for the reference parity runs
test mamba_state_vs_full_recompute ... ok
test synth_jamba_loader_and_forward ... ok
test synth_jamba_moe_loader_and_forward ... ok
test synth_mamba2_loader_and_forward ... ok
test synth_mamba_loader_and_forward ... ok
test synth_metadata_roundtrip ... ok
test synth_nemotron_h_loader_and_forward ... ok
test synth_nemotron_h_moe_loader_and_forward ... ok

test result: ok. 8 passed; 0 failed; 2 ignored; 0 measured; 0 filtered out; finished in 0.88s

     Running tests/arch_batch6_e2e.rs (target/release/deps/arch_batch6_e2e-15619ba4d0eb0090)

running 10 tests
test arch_batch6_write_synth ... ignored, manual: writes ~90 MiB of synthetic GGUF into /tmp for the reference parity runs
test mla_k_only_cache_geometry ... ok
test synth_deepseek2_legacy_loader_and_forward ... ok
test synth_deepseek2_lite_loader_and_forward ... ok
test synth_deepseek2_loader_and_forward ... ok
test synth_deepseek2_ocr_loader_and_forward ... ok
test synth_deepseek2_v2_moe_style ... ok
test synth_deepseek32_loader_and_forward ... ok
test synth_deepseek_loader_and_forward ... ok
test synth_metadata_roundtrip ... ok

test result: ok. 9 passed; 0 failed; 1 ignored; 0 measured; 0 filtered out; finished in 0.78s

     Running tests/arch_batch6b_e2e.rs (target/release/deps/arch_batch6b_e2e-31b07ba3ed379fe6)

running 12 tests
test arch_batch6b_write_synth ... ignored, manual: writes ~200 MiB of synthetic GGUF into /tmp for the reference parity runs
test synth_chameleon_loader_and_forward ... ok
test synth_chameleon_swin_norm ... ok
test synth_deci_loader_and_forward ... ok
test synth_deci_mixed_layer_kinds ... ok
test synth_falcon_h1_loader_and_forward ... ok
test synth_grok_dense_branch ... ok
test synth_grok_loader_and_forward ... ok
test synth_jais_loader_and_forward ... ok
test synth_metadata_roundtrip ... ok
test synth_nemotron_loader_and_forward ... ok
test synth_plamo2_loader_and_forward ... ok

test result: ok. 11 passed; 0 failed; 1 ignored; 0 measured; 0 filtered out; finished in 1.38s

     Running tests/arch_batch7_e2e.rs (target/release/deps/arch_batch7_e2e-42b0703316bf588c)

running 10 tests
test arch_batch7_write_synth ... ignored, manual: writes ~150 MiB of synthetic GGUF into /tmp for the reference parity runs
test dsv4_cache_geometry ... ok
test dsv4_multi_sequence_bit_identity ... ok
test dsv4_plan_builder ... ok
test dsv4_plan_builder_multi_seq_rollback ... ok
test dsv4_prefill_node_dump ... ignored, manual: node-dump bisection helper (parity/ref_decode_dump.c protocol)
test dsv4_rollback_reproduces_post_snapshot_tokens ... ok
test dsv4_seq_cp_compressed_streams ... ok
test synth_deepseek4_loader_and_forward ... ok
test synth_metadata_roundtrip ... ok

test result: ok. 8 passed; 0 failed; 2 ignored; 0 measured; 0 filtered out; finished in 0.90s

     Running tests/arch_batch8_e2e.rs (target/release/deps/arch_batch8_e2e-a20880d2874c34d8)

running 12 tests
test arch_batch8_write_synth ... ignored, manual: writes ~110 MiB of synthetic GGUF into /tmp for the reference parity runs
test iswa_window_binding ... ok
test synth_bailingmoe2_loader_and_forward ... ok
test synth_bailingmoe_loader_and_forward ... ok
test synth_cohere2moe_loader_and_forward ... ok
test synth_cohere2moe_sep_ln_variant ... ok
test synth_dots1_loader_and_forward ... ok
test synth_exaone_moe_loader_and_forward ... ok
test synth_glm4_moe_loader_and_forward ... ok
test synth_hunyuan_moe_loader_and_forward ... ok
test synth_metadata_roundtrip ... ok
test synth_minimax_m2_loader_and_forward ... ok

test result: ok. 11 passed; 0 failed; 1 ignored; 0 measured; 0 filtered out; finished in 1.79s

     Running tests/arch_batch9_e2e.rs (target/release/deps/arch_batch9_e2e-f9022449f8c349a3)

running 5 tests
test arch_batch9_long_prompt_recurrence ... ok
test arch_batch9_pin_and_smoke ... ok
test arch_batch9_variant_legacy ... ok
test arch_batch9_write_synth ... ignored, writes the /tmp/arch-batch9 parity files (ARCH_BATCH9 cells)
test qwen3next_rs_rollback_reproduces_post_snapshot_tokens ... ok

test result: ok. 4 passed; 0 failed; 1 ignored; 0 measured; 0 filtered out; finished in 0.73s

     Running tests/arch_batch_e2e.rs (target/release/deps/arch_batch_e2e-1c95a5257d91d476)

running 9 tests
test arch_batch_write_synth ... ignored, manual: writes ~100 MiB of synthetic GGUF into /tmp for the reference parity runs
test olmo2_swa_hparams_from_metadata ... ok
test synth_command_r_loader_and_forward ... ok
test synth_gpt2_loader_and_forward ... ok
test synth_gptneox_loader_and_forward ... ok
test synth_metadata_roundtrip ... ok
test synth_olmo2_loader_and_forward ... ok
test synth_phi2_loader_and_forward ... ok
test synth_starcoder2_loader_and_forward ... ok

test result: ok. 8 passed; 0 failed; 1 ignored; 0 measured; 0 filtered out; finished in 0.48s

     Running tests/arch_e2e.rs (target/release/deps/arch_e2e-b3eb55668ff9e6f4)

running 12 tests
test arch_support_matrix ... ok
test big_models_load_probe ... ignored, manual: probes the >6 GiB local models (metadata only, no compute)
test gemma2_gemma3_real_dims_synthetic ... ok
test gemma_synth_parity_probe ... ignored, manual: writes ~1 GiB of synthetic GGUF into /tmp and runs real forwards
test gemma_synth_ppl_probe ... ignored, manual: perplexity probe for the synthetic gemma files
test llama_builder_matches_qwen2_builder_on_real_weights ... ok
test phi3_16_token_parity ... ignored, manual: 16 forwards on a 3.8B model (~2 min in release)
test phi3_prompt_battery ... ignored, manual: 6 prompts x 8 forwards on a 3.8B model (~1 min in release)
test phi3_real_forward_phi4_mini ... ignored, manual: 3.8B model real forward (~1-2 min in debug, seconds in release)
test qwen2_16_token_parity_full ... ignored, manual: full 16-token reference parity (slow in unoptimized builds)
test qwen2_determinism_bit_identical ... ok
test qwen2_real_reference_prefix ... ok

test result: ok. 5 passed; 0 failed; 7 ignored; 0 measured; 0 filtered out; finished in 191.56s

     Running tests/bert_e2e.rs (target/release/deps/bert_e2e-dfd58cdbceada990)

running 5 tests
test bert_bge_m3_encode_graph_shape ... ok
test bert_bge_m3_encode_vs_reference ... ignored
test bert_bge_m3_loader_tensor_map ... ok
test bert_has_no_relative_buckets ... ok
test bert_reference_dump_shape ... ok

test result: ok. 4 passed; 0 failed; 1 ignored; 0 measured; 0 filtered out; finished in 3.97s

     Running tests/bert_variants_e2e.rs (target/release/deps/bert_variants_e2e-5117e0e1b2b7249a)

running 5 tests
test bert_variants_graph_structure ... ok
test bert_variants_jina_v2_alibi_changes_output ... ok
test bert_variants_loader_and_forward ... ok
test bert_variants_reference_parity ... ignored, needs parity/ref_encode_dump + parity/encode_bert_variants_*.bin (gen_encode_bert_variants_ref.sh)
test bert_variants_write_synth ... ignored, writes the /tmp/bert-variants parity files (ARCH_BATCH16 cells)

test result: ok. 3 passed; 0 failed; 2 ignored; 0 measured; 0 filtered out; finished in 0.12s

     Running tests/chat_fixture.rs (target/release/deps/chat_fixture-cfda4f45779edf1c)

running 2 tests
test differential_all_templates ... ok
test differential_detect ... ok

test result: ok. 2 passed; 0 failed; 0 ignored; 0 measured; 0 filtered out; finished in 0.00s

     Running tests/chat_parsers_gptoss.rs (target/release/deps/chat_parsers_gptoss-6aa5c0e05de60574)

running 1 test
test gpt_oss_server_split_matches_reference ... ok

test result: ok. 1 passed; 0 failed; 0 ignored; 0 measured; 0 filtered out; finished in 0.00s

     Running tests/chat_template_e2e.rs (target/release/deps/chat_template_e2e-2d2c462a2b82b685)

running 1 test
test e2e_vendor_templates_match_reference_server ... ok

test result: ok. 1 passed; 0 failed; 0 ignored; 0 measured; 0 filtered out; finished in 0.01s

     Running tests/chat_tools_parity.rs (target/release/deps/chat_tools_parity-8f0f3f51b796e7ae)

running 11 tests
test chat_tools_parity_prompts_and_parsers ... ok
test debug_single_case ... ok
test msg_diffs_streaming ... ok
test parser_serialization_roundtrip ... ok
test partial_parse_streams_tool_args ... ok
test ref_common_prefix_suffix ... ok
test ref_diff_split_reference_cases ... ok
test ref_marker_separation ... ok
test ref_normalize_quotes ... ok
test ref_server_tool_call_parse ... ok
test ref_standard_json_tools_roundtrip ... ok

test result: ok. 11 passed; 0 failed; 0 ignored; 0 measured; 0 filtered out; finished in 0.09s

     Running tests/ctx_shift_e2e.rs (target/release/deps/ctx_shift_e2e-855606197da00e8e)

running 5 tests
test k_shift_value_preserving_iswa ... ok
test k_shift_value_preserving_large_drop ... ok
test k_shift_value_preserving_unified ... ok
test qwen2_5_k_shift_rotation_identity ... ignored, manual: qwen2.5-0.5b, two loaded contexts in release
test qwen2_5_long_context_shift_run ... ignored, manual: qwen2.5-0.5b, greedy long-context runs in release

test result: ok. 3 passed; 0 failed; 2 ignored; 0 measured; 0 filtered out; finished in 0.02s

     Running tests/dflash_e2e.rs (target/release/deps/dflash_e2e-ba1d11d3104ca7f2)

running 7 tests
test dflash2_dump_first ... ignored, differential dump for parity/dflash_parity.sh (compare against the ref probe)
test dflash_plain_state_dump_first ... ignored, harness check: the plain backbone's injected state at fa-on
test dflash_spec_stream_equals_plain_greedy ... ok
test dflash_synth_draft_loads ... ok
test dflash_target_trunk_unchanged ... ok
test dflash_write_synth_files ... ignored, writes /tmp/arch-dflash for parity/dflash_parity.sh
test dspark_dsv4_dump_first ... ignored, differential dump for parity/dflash_parity.sh (compare against the ref probe)

test result: ok. 3 passed; 0 failed; 4 ignored; 0 measured; 0 filtered out; finished in 0.87s

     Running tests/dsv4_state_e2e.rs (target/release/deps/dsv4_state_e2e-8d235d0fbf6b8598)

running 3 tests
test dsv4_state_dump_blob ... ignored, writes /tmp/arch-dsv4state/port-state.bin for parity/dsv4_state_parity.sh
test dsv4_state_format_self_consistency ... ok
test dsv4_state_round_trip ... ok

test result: ok. 2 passed; 0 failed; 1 ignored; 0 measured; 0 filtered out; finished in 0.34s

     Running tests/eagle_e2e.rs (target/release/deps/eagle_e2e-be4a58d4b4921fda)

running 5 tests
test eagle3_gpu_tap_sync_matches_cpu ... enable_gpu: device CPU — offloaded 0/5 layers (n_gpu_layers = 0)
ok
test eagle_speculation_matches_plain_greedy ... ok
test eagle_synth_head_loads ... ok
test eagle_target_trunk_unchanged ... ok
test eagle_write_synth_files ... ignored, writes /tmp/arch-eagle for parity/eagle_parity.sh

test result: ok. 4 passed; 0 failed; 1 ignored; 0 measured; 0 filtered out; finished in 0.54s

     Running tests/encode_gemm_probe.rs (target/release/deps/encode_gemm_probe-749a54d817329e47)

running 1 test
test encoder_gemm_shapes_vs_reference ... ok

test result: ok. 1 passed; 0 failed; 0 ignored; 0 measured; 0 filtered out; finished in 0.01s

     Running tests/gemma4_assistant_e2e.rs (target/release/deps/gemma4_assistant_e2e-98a98825b137bb3b)

running 1 test
test gemma4_assistant_reference_parity ... ignored, real-model parity: needs the 14 GiB trunk + /tmp/gemma4-assistant-pinned.gguf + /tmp/g4asst-ref-faoff.bin (see the module docs)

test result: ok. 0 passed; 0 failed; 1 ignored; 0 measured; 0 filtered out; finished in 0.00s

     Running tests/gemma4_e2e.rs (target/release/deps/gemma4_e2e-4ccc2b0ae31a2e88)

running 7 tests
test gemma4_12b_fa_vs_nonfa_probe ... ignored, manual: 6.5 GiB model, two 16-step runs in release
test gemma4_12b_params_and_weights ... ok
test gemma4_12b_reference_parity ... ignored, manual: 6.5 GiB model, prefill + 16 greedy decode steps in release
test gemma4_26b_a4b_params_and_weights ... ok
test gemma4_26b_a4b_reference_parity ... ignored, manual: 13.4 GiB MoE model, prefill + 16 greedy decode steps in release
test gemma4_26b_fa_vs_nonfa_probe ... ignored, manual: 13.4 GiB MoE model, two short runs in release
test gemma4_fa_op_probe ... ok

test result: ok. 3 passed; 0 failed; 4 ignored; 0 measured; 0 filtered out; finished in 53.91s

     Running tests/glm5_e2e.rs (target/release/deps/glm5_e2e-eebec8ffb2e7e870)

running 2 tests
test glm5_synth_loader_parity ... ok
test glm5_write_synth_file ... ignored, writer only — the file lands in /tmp for the parity script

test result: ok. 1 passed; 0 failed; 1 ignored; 0 measured; 0 filtered out; finished in 0.03s

     Running tests/gpt_oss_e2e.rs (target/release/deps/gpt_oss_e2e-8366ca9106302b06)

running 5 tests
test dbg_mxfp4_real_weights ... ignored, manual: reads one 141 MiB MXFP4 expert tensor from the model
test dbg_real_layer0_magnitudes ... ignored, manual: real 11 GiB model, one layer forward
test gpt_oss_20b_hparams_and_params ... ok
test gpt_oss_20b_mxfp4_reference_parity ... ignored, manual: 11.3 GiB MXFP4 model, prefill + 16 decode steps in release
test gpt_oss_20b_q4_k_m_reference_parity ... ignored, manual: 11.8 GiB Q4_K_M model, prefill + 16 decode steps in release

test result: ok. 1 passed; 0 failed; 4 ignored; 0 measured; 0 filtered out; finished in 44.35s

     Running tests/grammar_parity.rs (target/release/deps/grammar_parity-bac426015f0caa3d)

running 16 tests
test accept_partial_utf8_across_tokens ... ok
test apply_masks_and_allows_eog ... ok
test apply_matches_reference_on_user_grammar_with_vocab ... ok
test constrained_greedy_generation_with_reference_pieces ... ok
test init_grammar_with_real_vocab_and_generate ... ok
test integration_complex_grammar ... ok
test integration_failure_modes ... ok
test integration_simple_grammar ... ok
test integration_special_chars_and_quantifiers ... ok
test parser_cases_complex ... ok
test parser_cases_failures ... ok
test parser_cases_repetitions ... ok
test parser_print_round_trip ... ok
test piece_table_vs_reference ... ok
test reference_matcher_replay ... ok
test reference_parser_dump_replay ... ok

test result: ok. 16 passed; 0 failed; 0 ignored; 0 measured; 0 filtered out; finished in 2.32s

     Running tests/hybrid_e2e.rs (target/release/deps/hybrid_e2e-128cd56b036a27c6)

running 8 tests
test concat_strided_source_probe ... ok
test granite_4_0_h_tiny_reference_parity ... ignored, manual: 4.0 GiB model, prefill + 16 greedy decode steps in release
test granite_hybrid_tiny_hparams_and_params ... ok
test granite_state_vs_full_recompute ... ignored, manual: 4.0 GiB model, two forwards (batch vs step-by-step)
test lfm2_8b_a1b_reference_parity ... ignored, manual: 4.7 GiB model, prefill + 16 greedy decode steps in release
test lfm2_state_vs_full_recompute ... ignored, manual: 4.7 GiB model, two forwards (batch vs step-by-step)
test lfm2moe_8b_a1b_hparams_and_params ... ok
test quantized_mul_mat_multi_column_probe ... ok

test result: ok. 4 passed; 0 failed; 4 ignored; 0 measured; 0 filtered out; finished in 17.32s

     Running tests/json_schema_parity.rs (target/release/deps/json_schema_parity-2ef5593afc701ff6)

running 8 tests
test build_grammar_adds_rules_and_schemas ... ok
test constrained_greedy_generation_from_a_schema ... ok
test document_entry_point_agrees_with_json_entry_point ... ok
test failure_cases_report_the_reference_message ... ok
test gbnf_matches_reference_byte_for_byte ... ok
test integration_cases_match_reference_verdicts ... ok
test json_parse_and_dump_match_nlohmann ... ok
test reference_test_suite_grammars_are_parseable ... ok

test result: ok. 8 passed; 0 failed; 0 ignored; 0 measured; 0 filtered out; finished in 0.15s

     Running tests/lora_e2e.rs (target/release/deps/lora_e2e-103505bda4fd7c08)

running 2 tests
test gen_lora_adapter ... ignored
test lora_reference_parity ... ignored

test result: ok. 0 passed; 0 failed; 2 ignored; 0 measured; 0 filtered out; finished in 0.00s

     Running tests/mtmd_audio_parity.rs (target/release/deps/mtmd_audio_parity-d9fda7ba9044fe19)

running 1 test
test mtmd_audio_preprocessors_bit_exact ... ok

test result: ok. 1 passed; 0 failed; 0 ignored; 0 measured; 0 filtered out; finished in 0.11s

     Running tests/mtmd_audio_synth2.rs (target/release/deps/mtmd_audio_synth2-c274a9b2ad1ead8a)

running 2 tests
test audio_mmproj_loads_and_tokenizes ... ok
test mp3_flac_fail_loudly ... ok

test result: ok. 2 passed; 0 failed; 0 ignored; 0 measured; 0 filtered out; finished in 0.16s

     Running tests/mtmd_audio_synth3.rs (target/release/deps/mtmd_audio_synth3-08e96368d5f76197)

running 1 test
test audio_mmproj_loads_and_tokenizes ... ok

test result: ok. 1 passed; 0 failed; 0 ignored; 0 measured; 0 filtered out; finished in 0.54s

     Running tests/mtmd_audio_synthetic.rs (target/release/deps/mtmd_audio_synthetic-56220b7e499930b5)

running 1 test
test audio_mmproj_loads_and_tokenizes ... ok

test result: ok. 1 passed; 0 failed; 0 ignored; 0 measured; 0 filtered out; finished in 1.92s

     Running tests/mtmd_flac.rs (target/release/deps/mtmd_flac-2a7ea3998a69e4b7)

running 1 test
test flac_decode_bit_exact_and_loud_errors ... ok

test result: ok. 1 passed; 0 failed; 0 ignored; 0 measured; 0 filtered out; finished in 0.39s

     Running tests/mtp2_e2e.rs (target/release/deps/mtp2_e2e-9a63567fda0610df)

running 12 tests
test mtp2_dnet_ar_bitcompare ... ignored, needs /tmp/mtp2/dnet-ar-ref.bin (parity/ref_dnet_ar_dump)
test mtp2_dnet_ch_bitcompare ... ignored, needs /tmp/mtp2/dnet-ch-ref.bin (parity/ref_dnet_ch_dump)
test mtp2_dnet_fused_vs_chunked ... ok
test mtp2_lfm2_dense_loads ... ok
test mtp2_node_dump ... ignored, debug probe: MTP2_DUMP_ARCH=<arch> cargo test -- --ignored mtp2_node_dump
test mtp2_qwen35_rowcount_probe ... ok
test mtp2_reference_bitcompare ... ignored, needs /tmp/mtp2/<arch>-ref.bin (parity/gen_mtp2_ref.sh)
test mtp2_rope_isolate ... ignored, needs /tmp/mtp2/rope-ref.bin (the C ggml_rope_multi probe)
test mtp2_speculation_matches_plain_greedy ... ok
test mtp2_synth_load_and_chain ... ok
test mtp2_tri_ops_bitcompare ... ignored, needs /tmp/gops-triops-ref.bin (parity/ref_triops_dump)
test mtp2_write_synth_files ... ignored, writes /tmp/mtp2 for parity/gen_mtp2_ref.sh

test result: ok. 5 passed; 0 failed; 7 ignored; 0 measured; 0 filtered out; finished in 3.22s

     Running tests/mtp_e2e.rs (target/release/deps/mtp_e2e-3d4c1fe7a04b2378)

running 5 tests
test mtp_ds4_one_row_batch_vs_decode ... ok
test mtp_speculation_matches_plain_greedy ... ok
test mtp_synth_files_load ... ok
test mtp_trunk_forward_unchanged ... ok
test mtp_write_synth_files ... ignored, writes /tmp/arch-mtp for parity/mtp_parity.sh

test result: ok. 4 passed; 0 failed; 1 ignored; 0 measured; 0 filtered out; finished in 2.15s

     Running tests/phi3_diff.rs (target/release/deps/phi3_diff-6800aa31d46e8882)

running 9 tests
test phi3_attn1_reference_trace ... ignored, manual: 3.8B real model, ~1-2 min in release
test phi3_attn_factor_probe ... ignored, manual: 3.8B real model, ~1-2 min in release; no server needed
test phi3_ffn_up_swiglu_split_check ... ok
test phi3_fused_qkv_split_check ... ok
test phi3_layerwise_probe ... ignored, manual: needs /tmp/refdump (see the doc comment) + a 3.8B real forward
test phi3_ref_gap_trace ... ignored, manual: 3.8B real model, ~1-2 min in release; no server needed (REF_TOP6 is embedded)
test phi3_rope_factors_are_all_one ... ok
test phi3_rope_mscale_check ... ok
test phi3_sensitivity_probe ... ignored, manual: 3 runs x 10 steps on a 3.8B model (~2 min in release)

test result: ok. 4 passed; 0 failed; 5 ignored; 0 measured; 0 filtered out; finished in 4.27s

     Running tests/quant_strategy.rs (target/release/deps/quant_strategy-52a7b494b43d4418)

running 9 tests
test allows_quantization_filters ... ok
test categories_match_reference_order ... ok
test counters_and_ordering ... ok
test fallback_table ... warning: t                                    - ncols    896 not divisible by 256 (required for type Q6_K   ) -> falling back to Q8_0   
warning: t                                    - ncols     96 not divisible by 256 (required for type Q4_K   ) -> falling back to Q5_0   
warning: t                                    - ncols     96 not divisible by 256 (required for type Q5_K   ) -> falling back to Q5_1   
warning: t                                    - ncols     96 not divisible by 256 (required for type Q2_K   ) -> falling back to Q4_0   
warning: t                                    - ncols     96 not divisible by 256 (required for type Q3_K   ) -> falling back to Q4_0   
warning: t                                    - ncols     96 not divisible by  64 (required for type Q2_0   ) -> falling back to Q4_0   
warning: t                                    - ncols     96 not divisible by 256 (required for type IQ4_XS ) -> falling back to IQ4_NL 
warning: t                                    - ncols     96 not divisible by 256 (required for type IQ2_XXS) -> falling back to IQ4_NL 
warning: t                                    - ncols    100 not divisible by 256 (required for type Q4_K   ) (WARNING: must use F16 due to unusual shape) -> falling back to F16    
warning: t                                    - ncols    100 not divisible by 256 (required for type Q6_K   ) (WARNING: must use F16 due to unusual shape) -> falling back to F16    
warning: t                                    - ncols    100 not divisible by  32 (required for type Q4_0   ) (WARNING: must use F16 due to unusual shape) -> falling back to F16    
warning: t                                    - ncols      1 not divisible by  32 (required for type Q8_0   ) (WARNING: must use F16 due to unusual shape) -> falling back to F16    
ok
test ftype_default_types ... ok
test moe_and_70b_branches ... ok
test pure_and_manual_overrides ... warning: output.weight                        - ncols    896 not divisible by 256 (required for type Q4_K   ) -> falling back to Q5_0   
warning: token_embd.weight                    - ncols    896 not divisible by 256 (required for type Q4_K   ) -> falling back to Q5_0   
warning: blk.0.attn_k.weight                  - ncols    896 not divisible by 256 (required for type Q4_K   ) -> falling back to Q5_0   
warning: blk.0.attn_output.weight             - ncols    896 not divisible by 256 (required for type Q4_K   ) -> falling back to Q5_0   
warning: blk.0.attn_q.weight                  - ncols    896 not divisible by 256 (required for type Q4_K   ) -> falling back to Q5_0   
warning: blk.0.attn_v.weight                  - ncols    896 not divisible by 256 (required for type Q4_K   ) -> falling back to Q5_0   
warning: blk.0.ffn_gate.weight                - ncols    896 not divisible by 256 (required for type Q4_K   ) -> falling back to Q5_0   
warning: blk.0.ffn_up.weight                  - ncols    896 not divisible by 256 (required for type Q4_K   ) -> falling back to Q5_0   
warning: blk.1.attn_k.weight                  - ncols    896 not divisible by 256 (required for type Q4_K   ) -> falling back to Q5_0   
warning: blk.1.attn_output.weight             - ncols    896 not divisible by 256 (required for type Q4_K   ) -> falling back to Q5_0   
warning: blk.1.attn_q.weight                  - ncols    896 not divisible by 256 (required for type Q4_K   ) -> falling back to Q5_0   
warning: blk.1.attn_v.weight                  - ncols    896 not divisible by 256 (required for type Q4_K   ) -> falling back to Q5_0   
warning: blk.1.ffn_gate.weight                - ncols    896 not divisible by 256 (required for type Q4_K   ) -> falling back to Q5_0   
warning: blk.1.ffn_up.weight                  - ncols    896 not divisible by 256 (required for type Q4_K   ) -> falling back to Q5_0   
warning: blk.2.attn_k.weight                  - ncols    896 not divisible by 256 (required for type Q4_K   ) -> falling back to Q5_0   
warning: blk.2.attn_output.weight             - ncols    896 not divisible by 256 (required for type Q4_K   ) -> falling back to Q5_0   
warning: blk.2.attn_q.weight                  - ncols    896 not divisible by 256 (required for type Q4_K   ) -> falling back to Q5_0   
warning: blk.2.attn_v.weight                  - ncols    896 not divisible by 256 (required for type Q4_K   ) -> falling back to Q5_0   
warning: blk.2.ffn_gate.weight                - ncols    896 not divisible by 256 (required for type Q4_K   ) -> falling back to Q5_0   
warning: blk.2.ffn_up.weight                  - ncols    896 not divisible by 256 (required for type Q4_K   ) -> falling back to Q5_0   
warning: blk.3.attn_k.weight                  - ncols    896 not divisible by 256 (required for type Q4_K   ) -> falling back to Q5_0   
warning: blk.3.attn_output.weight             - ncols    896 not divisible by 256 (required for type Q4_K   ) -> falling back to Q5_0   
warning: blk.3.attn_q.weight                  - ncols    896 not divisible by 256 (required for type Q4_K   ) -> falling back to Q5_0   
warning: blk.3.attn_v.weight                  - ncols    896 not divisible by 256 (required for type Q4_K   ) -> falling back to Q5_0   
warning: blk.3.ffn_gate.weight                - ncols    896 not divisible by 256 (required for type Q4_K   ) -> falling back to Q5_0   
warning: blk.3.ffn_up.weight                  - ncols    896 not divisible by 256 (required for type Q4_K   ) -> falling back to Q5_0   
warning: blk.4.attn_k.weight                  - ncols    896 not divisible by 256 (required for type Q4_K   ) -> falling back to Q5_0   
warning: blk.4.attn_output.weight             - ncols    896 not divisible by 256 (required for type Q4_K   ) -> falling back to Q5_0   
warning: blk.4.attn_q.weight                  - ncols    896 not divisible by 256 (required for type Q4_K   ) -> falling back to Q5_0   
warning: blk.4.attn_v.weight                  - ncols    896 not divisible by 256 (required for type Q4_K   ) -> falling back to Q5_0   
warning: blk.4.ffn_gate.weight                - ncols    896 not divisible by 256 (required for type Q4_K   ) -> falling back to Q5_0   
warning: blk.4.ffn_up.weight                  - ncols    896 not divisible by 256 (required for type Q4_K   ) -> falling back to Q5_0   
warning: blk.5.attn_k.weight                  - ncols    896 not divisible by 256 (required for type Q4_K   ) -> falling back to Q5_0   
warning: blk.5.attn_output.weight             - ncols    896 not divisible by 256 (required for type Q4_K   ) -> falling back to Q5_0   
warning: blk.5.attn_q.weight                  - ncols    896 not divisible by 256 (required for type Q4_K   ) -> falling back to Q5_0   
warning: blk.5.attn_v.weight                  - ncols    896 not divisible by 256 (required for type Q4_K   ) -> falling back to Q5_0   
warning: blk.5.ffn_gate.weight                - ncols    896 not divisible by 256 (required for type Q4_K   ) -> falling back to Q5_0   
warning: blk.5.ffn_up.weight                  - ncols    896 not divisible by 256 (required for type Q4_K   ) -> falling back to Q5_0   
warning: blk.6.attn_k.weight                  - ncols    896 not divisible by 256 (required for type Q4_K   ) -> falling back to Q5_0   
warning: blk.6.attn_output.weight             - ncols    896 not divisible by 256 (required for type Q4_K   ) -> falling back to Q5_0   
warning: blk.6.attn_q.weight                  - ncols    896 not divisible by 256 (required for type Q4_K   ) -> falling back to Q5_0   
warning: blk.6.attn_v.weight                  - ncols    896 not divisible by 256 (required for type Q4_K   ) -> falling back to Q5_0   
warning: blk.6.ffn_gate.weight                - ncols    896 not divisible by 256 (required for type Q4_K   ) -> falling back to Q5_0   
warning: blk.6.ffn_up.weight                  - ncols    896 not divisible by 256 (required for type Q4_K   ) -> falling back to Q5_0   
warning: blk.7.attn_k.weight                  - ncols    896 not divisible by 256 (required for type Q4_K   ) -> falling back to Q5_0   
warning: blk.7.attn_output.weight             - ncols    896 not divisible by 256 (required for type Q4_K   ) -> falling back to Q5_0   
warning: blk.7.attn_q.weight                  - ncols    896 not divisible by 256 (required for type Q4_K   ) -> falling back to Q5_0   
warning: blk.7.attn_v.weight                  - ncols    896 not divisible by 256 (required for type Q4_K   ) -> falling back to Q5_0   
warning: blk.7.ffn_gate.weight                - ncols    896 not divisible by 256 (required for type Q4_K   ) -> falling back to Q5_0   
warning: blk.7.ffn_up.weight                  - ncols    896 not divisible by 256 (required for type Q4_K   ) -> falling back to Q5_0   
warning: blk.8.attn_k.weight                  - ncols    896 not divisible by 256 (required for type Q4_K   ) -> falling back to Q5_0   
warning: blk.8.attn_output.weight             - ncols    896 not divisible by 256 (required for type Q4_K   ) -> falling back to Q5_0   
warning: blk.8.attn_q.weight                  - ncols    896 not divisible by 256 (required for type Q4_K   ) -> falling back to Q5_0   
warning: blk.8.attn_v.weight                  - ncols    896 not divisible by 256 (required for type Q4_K   ) -> falling back to Q5_0   
warning: blk.8.ffn_gate.weight                - ncols    896 not divisible by 256 (required for type Q4_K   ) -> falling back to Q5_0   
warning: blk.8.ffn_up.weight                  - ncols    896 not divisible by 256 (required for type Q4_K   ) -> falling back to Q5_0   
warning: blk.9.attn_k.weight                  - ncols    896 not divisible by 256 (required for type Q4_K   ) -> falling back to Q5_0   
warning: blk.9.attn_output.weight             - ncols    896 not divisible by 256 (required for type Q4_K   ) -> falling back to Q5_0   
warning: blk.9.attn_q.weight                  - ncols    896 not divisible by 256 (required for type Q4_K   ) -> falling back to Q5_0   
warning: blk.9.attn_v.weight                  - ncols    896 not divisible by 256 (required for type Q4_K   ) -> falling back to Q5_0   
warning: blk.9.ffn_gate.weight                - ncols    896 not divisible by 256 (required for type Q4_K   ) -> falling back to Q5_0   
warning: blk.9.ffn_up.weight                  - ncols    896 not divisible by 256 (required for type Q4_K   ) -> falling back to Q5_0   
warning: blk.10.attn_k.weight                 - ncols    896 not divisible by 256 (required for type Q4_K   ) -> falling back to Q5_0   
warning: blk.10.attn_output.weight            - ncols    896 not divisible by 256 (required for type Q4_K   ) -> falling back to Q5_0   
warning: blk.10.attn_q.weight                 - ncols    896 not divisible by 256 (required for type Q4_K   ) -> falling back to Q5_0   
warning: blk.10.attn_v.weight                 - ncols    896 not divisible by 256 (required for type Q4_K   ) -> falling back to Q5_0   
warning: blk.10.ffn_gate.weight               - ncols    896 not divisible by 256 (required for type Q4_K   ) -> falling back to Q5_0   
warning: blk.10.ffn_up.weight                 - ncols    896 not divisible by 256 (required for type Q4_K   ) -> falling back to Q5_0   
warning: blk.11.attn_k.weight                 - ncols    896 not divisible by 256 (required for type Q4_K   ) -> falling back to Q5_0   
warning: blk.11.attn_output.weight            - ncols    896 not divisible by 256 (required for type Q4_K   ) -> falling back to Q5_0   
warning: blk.11.attn_q.weight                 - ncols    896 not divisible by 256 (required for type Q4_K   ) -> falling back to Q5_0   
warning: blk.11.attn_v.weight                 - ncols    896 not divisible by 256 (required for type Q4_K   ) -> falling back to Q5_0   
warning: blk.11.ffn_gate.weight               - ncols    896 not divisible by 256 (required for type Q4_K   ) -> falling back to Q5_0   
warning: blk.11.ffn_up.weight                 - ncols    896 not divisible by 256 (required for type Q4_K   ) -> falling back to Q5_0   
warning: blk.12.attn_k.weight                 - ncols    896 not divisible by 256 (required for type Q4_K   ) -> falling back to Q5_0   
warning: blk.12.attn_output.weight            - ncols    896 not divisible by 256 (required for type Q4_K   ) -> falling back to Q5_0   
warning: blk.12.attn_q.weight                 - ncols    896 not divisible by 256 (required for type Q4_K   ) -> falling back to Q5_0   
warning: blk.12.attn_v.weight                 - ncols    896 not divisible by 256 (required for type Q4_K   ) -> falling back to Q5_0   
warning: blk.12.ffn_gate.weight               - ncols    896 not divisible by 256 (required for type Q4_K   ) -> falling back to Q5_0   
warning: blk.12.ffn_up.weight                 - ncols    896 not divisible by 256 (required for type Q4_K   ) -> falling back to Q5_0   
warning: blk.13.attn_k.weight                 - ncols    896 not divisible by 256 (required for type Q4_K   ) -> falling back to Q5_0   
warning: blk.13.attn_output.weight            - ncols    896 not divisible by 256 (required for type Q4_K   ) -> falling back to Q5_0   
warning: blk.13.attn_q.weight                 - ncols    896 not divisible by 256 (required for type Q4_K   ) -> falling back to Q5_0   
warning: blk.13.attn_v.weight                 - ncols    896 not divisible by 256 (required for type Q4_K   ) -> falling back to Q5_0   
warning: blk.13.ffn_gate.weight               - ncols    896 not divisible by 256 (required for type Q4_K   ) -> falling back to Q5_0   
warning: blk.13.ffn_up.weight                 - ncols    896 not divisible by 256 (required for type Q4_K   ) -> falling back to Q5_0   
warning: blk.14.attn_k.weight                 - ncols    896 not divisible by 256 (required for type Q4_K   ) -> falling back to Q5_0   
warning: blk.14.attn_output.weight            - ncols    896 not divisible by 256 (required for type Q4_K   ) -> falling back to Q5_0   
warning: blk.14.attn_q.weight                 - ncols    896 not divisible by 256 (required for type Q4_K   ) -> falling back to Q5_0   
warning: blk.14.attn_v.weight                 - ncols    896 not divisible by 256 (required for type Q4_K   ) -> falling back to Q5_0   
warning: blk.14.ffn_gate.weight               - ncols    896 not divisible by 256 (required for type Q4_K   ) -> falling back to Q5_0   
warning: blk.14.ffn_up.weight                 - ncols    896 not divisible by 256 (required for type Q4_K   ) -> falling back to Q5_0   
warning: blk.15.attn_k.weight                 - ncols    896 not divisible by 256 (required for type Q4_K   ) -> falling back to Q5_0   
warning: blk.15.attn_output.weight            - ncols    896 not divisible by 256 (required for type Q4_K   ) -> falling back to Q5_0   
warning: blk.15.attn_q.weight                 - ncols    896 not divisible by 256 (required for type Q4_K   ) -> falling back to Q5_0   
warning: blk.15.attn_v.weight                 - ncols    896 not divisible by 256 (required for type Q4_K   ) -> falling back to Q5_0   
warning: blk.15.ffn_gate.weight               - ncols    896 not divisible by 256 (required for type Q4_K   ) -> falling back to Q5_0   
warning: blk.15.ffn_up.weight                 - ncols    896 not divisible by 256 (required for type Q4_K   ) -> falling back to Q5_0   
warning: blk.16.attn_k.weight                 - ncols    896 not divisible by 256 (required for type Q4_K   ) -> falling back to Q5_0   
warning: blk.16.attn_output.weight            - ncols    896 not divisible by 256 (required for type Q4_K   ) -> falling back to Q5_0   
warning: blk.16.attn_q.weight                 - ncols    896 not divisible by 256 (required for type Q4_K   ) -> falling back to Q5_0   
warning: blk.16.attn_v.weight                 - ncols    896 not divisible by 256 (required for type Q4_K   ) -> falling back to Q5_0   
warning: blk.16.ffn_gate.weight               - ncols    896 not divisible by 256 (required for type Q4_K   ) -> falling back to Q5_0   
warning: blk.16.ffn_up.weight                 - ncols    896 not divisible by 256 (required for type Q4_K   ) -> falling back to Q5_0   
warning: blk.17.attn_k.weight                 - ncols    896 not divisible by 256 (required for type Q4_K   ) -> falling back to Q5_0   
warning: blk.17.attn_output.weight            - ncols    896 not divisible by 256 (required for type Q4_K   ) -> falling back to Q5_0   
warning: blk.17.attn_q.weight                 - ncols    896 not divisible by 256 (required for type Q4_K   ) -> falling back to Q5_0   
warning: blk.17.attn_v.weight                 - ncols    896 not divisible by 256 (required for type Q4_K   ) -> falling back to Q5_0   
warning: blk.17.ffn_gate.weight               - ncols    896 not divisible by 256 (required for type Q4_K   ) -> falling back to Q5_0   
warning: blk.17.ffn_up.weight                 - ncols    896 not divisible by 256 (required for type Q4_K   ) -> falling back to Q5_0   
warning: blk.18.attn_k.weight                 - ncols    896 not divisible by 256 (required for type Q4_K   ) -> falling back to Q5_0   
warning: blk.18.attn_output.weight            - ncols    896 not divisible by 256 (required for type Q4_K   ) -> falling back to Q5_0   
warning: blk.18.attn_q.weight                 - ncols    896 not divisible by 256 (required for type Q4_K   ) -> falling back to Q5_0   
warning: blk.18.attn_v.weight                 - ncols    896 not divisible by 256 (required for type Q4_K   ) -> falling back to Q5_0   
warning: blk.18.ffn_gate.weight               - ncols    896 not divisible by 256 (required for type Q4_K   ) -> falling back to Q5_0   
warning: blk.18.ffn_up.weight                 - ncols    896 not divisible by 256 (required for type Q4_K   ) -> falling back to Q5_0   
warning: blk.19.attn_k.weight                 - ncols    896 not divisible by 256 (required for type Q4_K   ) -> falling back to Q5_0   
warning: blk.19.attn_output.weight            - ncols    896 not divisible by 256 (required for type Q4_K   ) -> falling back to Q5_0   
warning: blk.19.attn_q.weight                 - ncols    896 not divisible by 256 (required for type Q4_K   ) -> falling back to Q5_0   
warning: blk.19.attn_v.weight                 - ncols    896 not divisible by 256 (required for type Q4_K   ) -> falling back to Q5_0   
warning: blk.19.ffn_gate.weight               - ncols    896 not divisible by 256 (required for type Q4_K   ) -> falling back to Q5_0   
warning: blk.19.ffn_up.weight                 - ncols    896 not divisible by 256 (required for type Q4_K   ) -> falling back to Q5_0   
warning: blk.20.attn_k.weight                 - ncols    896 not divisible by 256 (required for type Q4_K   ) -> falling back to Q5_0   
warning: blk.20.attn_output.weight            - ncols    896 not divisible by 256 (required for type Q4_K   ) -> falling back to Q5_0   
warning: blk.20.attn_q.weight                 - ncols    896 not divisible by 256 (required for type Q4_K   ) -> falling back to Q5_0   
warning: blk.20.attn_v.weight                 - ncols    896 not divisible by 256 (required for type Q4_K   ) -> falling back to Q5_0   
warning: blk.20.ffn_gate.weight               - ncols    896 not divisible by 256 (required for type Q4_K   ) -> falling back to Q5_0   
warning: blk.20.ffn_up.weight                 - ncols    896 not divisible by 256 (required for type Q4_K   ) -> falling back to Q5_0   
warning: blk.21.attn_k.weight                 - ncols    896 not divisible by 256 (required for type Q4_K   ) -> falling back to Q5_0   
warning: blk.21.attn_output.weight            - ncols    896 not divisible by 256 (required for type Q4_K   ) -> falling back to Q5_0   
warning: blk.21.attn_q.weight                 - ncols    896 not divisible by 256 (required for type Q4_K   ) -> falling back to Q5_0   
warning: blk.21.attn_v.weight                 - ncols    896 not divisible by 256 (required for type Q4_K   ) -> falling back to Q5_0   
warning: blk.21.ffn_gate.weight               - ncols    896 not divisible by 256 (required for type Q4_K   ) -> falling back to Q5_0   
warning: blk.21.ffn_up.weight                 - ncols    896 not divisible by 256 (required for type Q4_K   ) -> falling back to Q5_0   
warning: blk.22.attn_k.weight                 - ncols    896 not divisible by 256 (required for type Q4_K   ) -> falling back to Q5_0   
warning: blk.22.attn_output.weight            - ncols    896 not divisible by 256 (required for type Q4_K   ) -> falling back to Q5_0   
warning: blk.22.attn_q.weight                 - ncols    896 not divisible by 256 (required for type Q4_K   ) -> falling back to Q5_0   
warning: blk.22.attn_v.weight                 - ncols    896 not divisible by 256 (required for type Q4_K   ) -> falling back to Q5_0   
warning: blk.22.ffn_gate.weight               - ncols    896 not divisible by 256 (required for type Q4_K   ) -> falling back to Q5_0   
warning: blk.22.ffn_up.weight                 - ncols    896 not divisible by 256 (required for type Q4_K   ) -> falling back to Q5_0   
warning: blk.23.attn_k.weight                 - ncols    896 not divisible by 256 (required for type Q4_K   ) -> falling back to Q5_0   
warning: blk.23.attn_output.weight            - ncols    896 not divisible by 256 (required for type Q4_K   ) -> falling back to Q5_0   
warning: blk.23.attn_q.weight                 - ncols    896 not divisible by 256 (required for type Q4_K   ) -> falling back to Q5_0   
warning: blk.23.attn_v.weight                 - ncols    896 not divisible by 256 (required for type Q4_K   ) -> falling back to Q5_0   
warning: blk.23.ffn_gate.weight               - ncols    896 not divisible by 256 (required for type Q4_K   ) -> falling back to Q5_0   
warning: blk.23.ffn_up.weight                 - ncols    896 not divisible by 256 (required for type Q4_K   ) -> falling back to Q5_0   
warning: token_embd.weight                    - ncols    896 not divisible by 256 (required for type Q4_K   ) -> falling back to Q5_0   
warning: blk.0.attn_k.weight                  - ncols    896 not divisible by 256 (required for type Q4_K   ) -> falling back to Q5_0   
warning: blk.0.attn_output.weight             - ncols    896 not divisible by 256 (required for type Q4_K   ) -> falling back to Q5_0   
warning: blk.0.attn_q.weight                  - ncols    896 not divisible by 256 (required for type Q4_K   ) -> falling back to Q5_0   
warning: blk.0.attn_v.weight                  - ncols    896 not divisible by 256 (required for type Q6_K   ) -> falling back to Q8_0   
llama_tensor_get_type: blk.0.ffn_down.weight                - applying manual override: Q4_K -> Q8_0
warning: blk.0.ffn_gate.weight                - ncols    896 not divisible by 256 (required for type Q4_K   ) -> falling back to Q5_0   
warning: blk.0.ffn_up.weight                  - ncols    896 not divisible by 256 (required for type Q4_K   ) -> falling back to Q5_0   
warning: blk.1.attn_k.weight                  - ncols    896 not divisible by 256 (required for type Q4_K   ) -> falling back to Q5_0   
warning: blk.1.attn_output.weight             - ncols    896 not divisible by 256 (required for type Q4_K   ) -> falling back to Q5_0   
warning: blk.1.attn_q.weight                  - ncols    896 not divisible by 256 (required for type Q4_K   ) -> falling back to Q5_0   
warning: blk.1.attn_v.weight                  - ncols    896 not divisible by 256 (required for type Q6_K   ) -> falling back to Q8_0   
llama_tensor_get_type: blk.1.ffn_down.weight                - applying manual override: Q4_K -> Q8_0
warning: blk.1.ffn_gate.weight                - ncols    896 not divisible by 256 (required for type Q4_K   ) -> falling back to Q5_0   
warning: blk.1.ffn_up.weight                  - ncols    896 not divisible by 256 (required for type Q4_K   ) -> falling back to Q5_0   
warning: blk.2.attn_k.weight                  - ncols    896 not divisible by 256 (required for type Q4_K   ) -> falling back to Q5_0   
warning: blk.2.attn_output.weight             - ncols    896 not divisible by 256 (required for type Q4_K   ) -> falling back to Q5_0   
warning: blk.2.attn_q.weight                  - ncols    896 not divisible by 256 (required for type Q4_K   ) -> falling back to Q5_0   
warning: blk.2.attn_v.weight                  - ncols    896 not divisible by 256 (required for type Q6_K   ) -> falling back to Q8_0   
llama_tensor_get_type: blk.2.ffn_down.weight                - applying manual override: Q4_K -> Q8_0
warning: blk.2.ffn_gate.weight                - ncols    896 not divisible by 256 (required for type Q4_K   ) -> falling back to Q5_0   
warning: blk.2.ffn_up.weight                  - ncols    896 not divisible by 256 (required for type Q4_K   ) -> falling back to Q5_0   
warning: blk.3.attn_k.weight                  - ncols    896 not divisible by 256 (required for type Q4_K   ) -> falling back to Q5_0   
warning: blk.3.attn_output.weight             - ncols    896 not divisible by 256 (required for type Q4_K   ) -> falling back to Q5_0   
warning: blk.3.attn_q.weight                  - ncols    896 not divisible by 256 (required for type Q4_K   ) -> falling back to Q5_0   
warning: blk.3.attn_v.weight                  - ncols    896 not divisible by 256 (required for type Q4_K   ) -> falling back to Q5_0   
llama_tensor_get_type: blk.3.ffn_down.weight                - applying manual override: Q4_K -> Q8_0
warning: blk.3.ffn_gate.weight                - ncols    896 not divisible by 256 (required for type Q4_K   ) -> falling back to Q5_0   
warning: blk.3.ffn_up.weight                  - ncols    896 not divisible by 256 (required for type Q4_K   ) -> falling back to Q5_0   
warning: blk.4.attn_k.weight                  - ncols    896 not divisible by 256 (required for type Q4_K   ) -> falling back to Q5_0   
warning: blk.4.attn_output.weight             - ncols    896 not divisible by 256 (required for type Q4_K   ) -> falling back to Q5_0   
warning: blk.4.attn_q.weight                  - ncols    896 not divisible by 256 (required for type Q4_K   ) -> falling back to Q5_0   
warning: blk.4.attn_v.weight                  - ncols    896 not divisible by 256 (required for type Q4_K   ) -> falling back to Q5_0   
llama_tensor_get_type: blk.4.ffn_down.weight                - applying manual override: Q4_K -> Q8_0
warning: blk.4.ffn_gate.weight                - ncols    896 not divisible by 256 (required for type Q4_K   ) -> falling back to Q5_0   
warning: blk.4.ffn_up.weight                  - ncols    896 not divisible by 256 (required for type Q4_K   ) -> falling back to Q5_0   
warning: blk.5.attn_k.weight                  - ncols    896 not divisible by 256 (required for type Q4_K   ) -> falling back to Q5_0   
warning: blk.5.attn_output.weight             - ncols    896 not divisible by 256 (required for type Q4_K   ) -> falling back to Q5_0   
warning: blk.5.attn_q.weight                  - ncols    896 not divisible by 256 (required for type Q4_K   ) -> falling back to Q5_0   
warning: blk.5.attn_v.weight                  - ncols    896 not divisible by 256 (required for type Q6_K   ) -> falling back to Q8_0   
llama_tensor_get_type: blk.5.ffn_down.weight                - applying manual override: Q4_K -> Q8_0
warning: blk.5.ffn_gate.weight                - ncols    896 not divisible by 256 (required for type Q4_K   ) -> falling back to Q5_0   
warning: blk.5.ffn_up.weight                  - ncols    896 not divisible by 256 (required for type Q4_K   ) -> falling back to Q5_0   
warning: blk.6.attn_k.weight                  - ncols    896 not divisible by 256 (required for type Q4_K   ) -> falling back to Q5_0   
warning: blk.6.attn_output.weight             - ncols    896 not divisible by 256 (required for type Q4_K   ) -> falling back to Q5_0   
warning: blk.6.attn_q.weight                  - ncols    896 not divisible by 256 (required for type Q4_K   ) -> falling back to Q5_0   
warning: blk.6.attn_v.weight                  - ncols    896 not divisible by 256 (required for type Q4_K   ) -> falling back to Q5_0   
llama_tensor_get_type: blk.6.ffn_down.weight                - applying manual override: Q4_K -> Q8_0
warning: blk.6.ffn_gate.weight                - ncols    896 not divisible by 256 (required for type Q4_K   ) -> falling back to Q5_0   
warning: blk.6.ffn_up.weight                  - ncols    896 not divisible by 256 (required for type Q4_K   ) -> falling back to Q5_0   
warning: blk.7.attn_k.weight                  - ncols    896 not divisible by 256 (required for type Q4_K   ) -> falling back to Q5_0   
warning: blk.7.attn_output.weight             - ncols    896 not divisible by 256 (required for type Q4_K   ) -> falling back to Q5_0   
warning: blk.7.attn_q.weight                  - ncols    896 not divisible by 256 (required for type Q4_K   ) -> falling back to Q5_0   
warning: blk.7.attn_v.weight                  - ncols    896 not divisible by 256 (required for type Q4_K   ) -> falling back to Q5_0   
llama_tensor_get_type: blk.7.ffn_down.weight                - applying manual override: Q4_K -> Q8_0
warning: blk.7.ffn_gate.weight                - ncols    896 not divisible by 256 (required for type Q4_K   ) -> falling back to Q5_0   
warning: blk.7.ffn_up.weight                  - ncols    896 not divisible by 256 (required for type Q4_K   ) -> falling back to Q5_0   
warning: blk.8.attn_k.weight                  - ncols    896 not divisible by 256 (required for type Q4_K   ) -> falling back to Q5_0   
warning: blk.8.attn_output.weight             - ncols    896 not divisible by 256 (required for type Q4_K   ) -> falling back to Q5_0   
warning: blk.8.attn_q.weight                  - ncols    896 not divisible by 256 (required for type Q4_K   ) -> falling back to Q5_0   
warning: blk.8.attn_v.weight                  - ncols    896 not divisible by 256 (required for type Q6_K   ) -> falling back to Q8_0   
llama_tensor_get_type: blk.8.ffn_down.weight                - applying manual override: Q4_K -> Q8_0
warning: blk.8.ffn_gate.weight                - ncols    896 not divisible by 256 (required for type Q4_K   ) -> falling back to Q5_0   
warning: blk.8.ffn_up.weight                  - ncols    896 not divisible by 256 (required for type Q4_K   ) -> falling back to Q5_0   
warning: blk.9.attn_k.weight                  - ncols    896 not divisible by 256 (required for type Q4_K   ) -> falling back to Q5_0   
warning: blk.9.attn_output.weight             - ncols    896 not divisible by 256 (required for type Q4_K   ) -> falling back to Q5_0   
warning: blk.9.attn_q.weight                  - ncols    896 not divisible by 256 (required for type Q4_K   ) -> falling back to Q5_0   
warning: blk.9.attn_v.weight                  - ncols    896 not divisible by 256 (required for type Q4_K   ) -> falling back to Q5_0   
llama_tensor_get_type: blk.9.ffn_down.weight                - applying manual override: Q4_K -> Q8_0
warning: blk.9.ffn_gate.weight                - ncols    896 not divisible by 256 (required for type Q4_K   ) -> falling back to Q5_0   
warning: blk.9.ffn_up.weight                  - ncols    896 not divisible by 256 (required for type Q4_K   ) -> falling back to Q5_0   
warning: blk.10.attn_k.weight                 - ncols    896 not divisible by 256 (required for type Q4_K   ) -> falling back to Q5_0   
warning: blk.10.attn_output.weight            - ncols    896 not divisible by 256 (required for type Q4_K   ) -> falling back to Q5_0   
warning: blk.10.attn_q.weight                 - ncols    896 not divisible by 256 (required for type Q4_K   ) -> falling back to Q5_0   
warning: blk.10.attn_v.weight                 - ncols    896 not divisible by 256 (required for type Q4_K   ) -> falling back to Q5_0   
llama_tensor_get_type: blk.10.ffn_down.weight               - applying manual override: Q4_K -> Q8_0
warning: blk.10.ffn_gate.weight               - ncols    896 not divisible by 256 (required for type Q4_K   ) -> falling back to Q5_0   
warning: blk.10.ffn_up.weight                 - ncols    896 not divisible by 256 (required for type Q4_K   ) -> falling back to Q5_0   
warning: blk.11.attn_k.weight                 - ncols    896 not divisible by 256 (required for type Q4_K   ) -> falling back to Q5_0   
warning: blk.11.attn_output.weight            - ncols    896 not divisible by 256 (required for type Q4_K   ) -> falling back to Q5_0   
warning: blk.11.attn_q.weight                 - ncols    896 not divisible by 256 (required for type Q4_K   ) -> falling back to Q5_0   
warning: blk.11.attn_v.weight                 - ncols    896 not divisible by 256 (required for type Q6_K   ) -> falling back to Q8_0   
llama_tensor_get_type: blk.11.ffn_down.weight               - applying manual override: Q4_K -> Q8_0
warning: blk.11.ffn_gate.weight               - ncols    896 not divisible by 256 (required for type Q4_K   ) -> falling back to Q5_0   
warning: blk.11.ffn_up.weight                 - ncols    896 not divisible by 256 (required for type Q4_K   ) -> falling back to Q5_0   
warning: blk.12.attn_k.weight                 - ncols    896 not divisible by 256 (required for type Q4_K   ) -> falling back to Q5_0   
warning: blk.12.attn_output.weight            - ncols    896 not divisible by 256 (required for type Q4_K   ) -> falling back to Q5_0   
warning: blk.12.attn_q.weight                 - ncols    896 not divisible by 256 (required for type Q4_K   ) -> falling back to Q5_0   
warning: blk.12.attn_v.weight                 - ncols    896 not divisible by 256 (required for type Q4_K   ) -> falling back to Q5_0   
llama_tensor_get_type: blk.12.ffn_down.weight               - applying manual override: Q4_K -> Q8_0
warning: blk.12.ffn_gate.weight               - ncols    896 not divisible by 256 (required for type Q4_K   ) -> falling back to Q5_0   
warning: blk.12.ffn_up.weight                 - ncols    896 not divisible by 256 (required for type Q4_K   ) -> falling back to Q5_0   
warning: blk.13.attn_k.weight                 - ncols    896 not divisible by 256 (required for type Q4_K   ) -> falling back to Q5_0   
warning: blk.13.attn_output.weight            - ncols    896 not divisible by 256 (required for type Q4_K   ) -> falling back to Q5_0   
warning: blk.13.attn_q.weight                 - ncols    896 not divisible by 256 (required for type Q4_K   ) -> falling back to Q5_0   
warning: blk.13.attn_v.weight                 - ncols    896 not divisible by 256 (required for type Q4_K   ) -> falling back to Q5_0   
llama_tensor_get_type: blk.13.ffn_down.weight               - applying manual override: Q4_K -> Q8_0
warning: blk.13.ffn_gate.weight               - ncols    896 not divisible by 256 (required for type Q4_K   ) -> falling back to Q5_0   
warning: blk.13.ffn_up.weight                 - ncols    896 not divisible by 256 (required for type Q4_K   ) -> falling back to Q5_0   
warning: blk.14.attn_k.weight                 - ncols    896 not divisible by 256 (required for type Q4_K   ) -> falling back to Q5_0   
warning: blk.14.attn_output.weight            - ncols    896 not divisible by 256 (required for type Q4_K   ) -> falling back to Q5_0   
warning: blk.14.attn_q.weight                 - ncols    896 not divisible by 256 (required for type Q4_K   ) -> falling back to Q5_0   
warning: blk.14.attn_v.weight                 - ncols    896 not divisible by 256 (required for type Q6_K   ) -> falling back to Q8_0   
llama_tensor_get_type: blk.14.ffn_down.weight               - applying manual override: Q4_K -> Q8_0
warning: blk.14.ffn_gate.weight               - ncols    896 not divisible by 256 (required for type Q4_K   ) -> falling back to Q5_0   
warning: blk.14.ffn_up.weight                 - ncols    896 not divisible by 256 (required for type Q4_K   ) -> falling back to Q5_0   
warning: blk.15.attn_k.weight                 - ncols    896 not divisible by 256 (required for type Q4_K   ) -> falling back to Q5_0   
warning: blk.15.attn_output.weight            - ncols    896 not divisible by 256 (required for type Q4_K   ) -> falling back to Q5_0   
warning: blk.15.attn_q.weight                 - ncols    896 not divisible by 256 (required for type Q4_K   ) -> falling back to Q5_0   
warning: blk.15.attn_v.weight                 - ncols    896 not divisible by 256 (required for type Q4_K   ) -> falling back to Q5_0   
llama_tensor_get_type: blk.15.ffn_down.weight               - applying manual override: Q4_K -> Q8_0
warning: blk.15.ffn_gate.weight               - ncols    896 not divisible by 256 (required for type Q4_K   ) -> falling back to Q5_0   
warning: blk.15.ffn_up.weight                 - ncols    896 not divisible by 256 (required for type Q4_K   ) -> falling back to Q5_0   
warning: blk.16.attn_k.weight                 - ncols    896 not divisible by 256 (required for type Q4_K   ) -> falling back to Q5_0   
warning: blk.16.attn_output.weight            - ncols    896 not divisible by 256 (required for type Q4_K   ) -> falling back to Q5_0   
warning: blk.16.attn_q.weight                 - ncols    896 not divisible by 256 (required for type Q4_K   ) -> falling back to Q5_0   
warning: blk.16.attn_v.weight                 - ncols    896 not divisible by 256 (required for type Q4_K   ) -> falling back to Q5_0   
llama_tensor_get_type: blk.16.ffn_down.weight               - applying manual override: Q4_K -> Q8_0
warning: blk.16.ffn_gate.weight               - ncols    896 not divisible by 256 (required for type Q4_K   ) -> falling back to Q5_0   
warning: blk.16.ffn_up.weight                 - ncols    896 not divisible by 256 (required for type Q4_K   ) -> falling back to Q5_0   
warning: blk.17.attn_k.weight                 - ncols    896 not divisible by 256 (required for type Q4_K   ) -> falling back to Q5_0   
warning: blk.17.attn_output.weight            - ncols    896 not divisible by 256 (required for type Q4_K   ) -> falling back to Q5_0   
warning: blk.17.attn_q.weight                 - ncols    896 not divisible by 256 (required for type Q4_K   ) -> falling back to Q5_0   
warning: blk.17.attn_v.weight                 - ncols    896 not divisible by 256 (required for type Q6_K   ) -> falling back to Q8_0   
llama_tensor_get_type: blk.17.ffn_down.weight               - applying manual override: Q4_K -> Q8_0
warning: blk.17.ffn_gate.weight               - ncols    896 not divisible by 256 (required for type Q4_K   ) -> falling back to Q5_0   
warning: blk.17.ffn_up.weight                 - ncols    896 not divisible by 256 (required for type Q4_K   ) -> falling back to Q5_0   
warning: blk.18.attn_k.weight                 - ncols    896 not divisible by 256 (required for type Q4_K   ) -> falling back to Q5_0   
warning: blk.18.attn_output.weight            - ncols    896 not divisible by 256 (required for type Q4_K   ) -> falling back to Q5_0   
warning: blk.18.attn_q.weight                 - ncols    896 not divisible by 256 (required for type Q4_K   ) -> falling back to Q5_0   
warning: blk.18.attn_v.weight                 - ncols    896 not divisible by 256 (required for type Q4_K   ) -> falling back to Q5_0   
llama_tensor_get_type: blk.18.ffn_down.weight               - applying manual override: Q4_K -> Q8_0
warning: blk.18.ffn_gate.weight               - ncols    896 not divisible by 256 (required for type Q4_K   ) -> falling back to Q5_0   
warning: blk.18.ffn_up.weight                 - ncols    896 not divisible by 256 (required for type Q4_K   ) -> falling back to Q5_0   
warning: blk.19.attn_k.weight                 - ncols    896 not divisible by 256 (required for type Q4_K   ) -> falling back to Q5_0   
warning: blk.19.attn_output.weight            - ncols    896 not divisible by 256 (required for type Q4_K   ) -> falling back to Q5_0   
warning: blk.19.attn_q.weight                 - ncols    896 not divisible by 256 (required for type Q4_K   ) -> falling back to Q5_0   
warning: blk.19.attn_v.weight                 - ncols    896 not divisible by 256 (required for type Q4_K   ) -> falling back to Q5_0   
llama_tensor_get_type: blk.19.ffn_down.weight               - applying manual override: Q4_K -> Q8_0
warning: blk.19.ffn_gate.weight               - ncols    896 not divisible by 256 (required for type Q4_K   ) -> falling back to Q5_0   
warning: blk.19.ffn_up.weight                 - ncols    896 not divisible by 256 (required for type Q4_K   ) -> falling back to Q5_0   
warning: blk.20.attn_k.weight                 - ncols    896 not divisible by 256 (required for type Q4_K   ) -> falling back to Q5_0   
warning: blk.20.attn_output.weight            - ncols    896 not divisible by 256 (required for type Q4_K   ) -> falling back to Q5_0   
warning: blk.20.attn_q.weight                 - ncols    896 not divisible by 256 (required for type Q4_K   ) -> falling back to Q5_0   
warning: blk.20.attn_v.weight                 - ncols    896 not divisible by 256 (required for type Q6_K   ) -> falling back to Q8_0   
llama_tensor_get_type: blk.20.ffn_down.weight               - applying manual override: Q4_K -> Q8_0
warning: blk.20.ffn_gate.weight               - ncols    896 not divisible by 256 (required for type Q4_K   ) -> falling back to Q5_0   
warning: blk.20.ffn_up.weight                 - ncols    896 not divisible by 256 (required for type Q4_K   ) -> falling back to Q5_0   
warning: blk.21.attn_k.weight                 - ncols    896 not divisible by 256 (required for type Q4_K   ) -> falling back to Q5_0   
warning: blk.21.attn_output.weight            - ncols    896 not divisible by 256 (required for type Q4_K   ) -> falling back to Q5_0   
warning: blk.21.attn_q.weight                 - ncols    896 not divisible by 256 (required for type Q4_K   ) -> falling back to Q5_0   
warning: blk.21.attn_v.weight                 - ncols    896 not divisible by 256 (required for type Q6_K   ) -> falling back to Q8_0   
llama_tensor_get_type: blk.21.ffn_down.weight               - applying manual override: Q4_K -> Q8_0
warning: blk.21.ffn_gate.weight               - ncols    896 not divisible by 256 (required for type Q4_K   ) -> falling back to Q5_0   
warning: blk.21.ffn_up.weight                 - ncols    896 not divisible by 256 (required for type Q4_K   ) -> falling back to Q5_0   
warning: blk.22.attn_k.weight                 - ncols    896 not divisible by 256 (required for type Q4_K   ) -> falling back to Q5_0   
warning: blk.22.attn_output.weight            - ncols    896 not divisible by 256 (required for type Q4_K   ) -> falling back to Q5_0   
warning: blk.22.attn_q.weight                 - ncols    896 not divisible by 256 (required for type Q4_K   ) -> falling back to Q5_0   
warning: blk.22.attn_v.weight                 - ncols    896 not divisible by 256 (required for type Q6_K   ) -> falling back to Q8_0   
llama_tensor_get_type: blk.22.ffn_down.weight               - applying manual override: Q4_K -> Q8_0
warning: blk.22.ffn_gate.weight               - ncols    896 not divisible by 256 (required for type Q4_K   ) -> falling back to Q5_0   
warning: blk.22.ffn_up.weight                 - ncols    896 not divisible by 256 (required for type Q4_K   ) -> falling back to Q5_0   
warning: blk.23.attn_k.weight                 - ncols    896 not divisible by 256 (required for type Q4_K   ) -> falling back to Q5_0   
warning: blk.23.attn_output.weight            - ncols    896 not divisible by 256 (required for type Q4_K   ) -> falling back to Q5_0   
warning: blk.23.attn_q.weight                 - ncols    896 not divisible by 256 (required for type Q4_K   ) -> falling back to Q5_0   
warning: blk.23.attn_v.weight                 - ncols    896 not divisible by 256 (required for type Q6_K   ) -> falling back to Q8_0   
llama_tensor_get_type: blk.23.ffn_down.weight               - applying manual override: Q4_K -> Q8_0
warning: blk.23.ffn_gate.weight               - ncols    896 not divisible by 256 (required for type Q4_K   ) -> falling back to Q5_0   
warning: blk.23.ffn_up.weight                 - ncols    896 not divisible by 256 (required for type Q4_K   ) -> falling back to Q5_0   
warning: blk.0.attn_k.weight                  - ncols    896 not divisible by 256 (required for type Q4_K   ) -> falling back to Q5_0   
warning: blk.0.attn_output.weight             - ncols    896 not divisible by 256 (required for type Q4_K   ) -> falling back to Q5_0   
warning: blk.0.attn_q.weight                  - ncols    896 not divisible by 256 (required for type Q4_K   ) -> falling back to Q5_0   
warning: blk.0.attn_v.weight                  - ncols    896 not divisible by 256 (required for type Q6_K   ) -> falling back to Q8_0   
warning: blk.0.ffn_gate.weight                - ncols    896 not divisible by 256 (required for type Q4_K   ) -> falling back to Q5_0   
warning: blk.0.ffn_up.weight                  - ncols    896 not divisible by 256 (required for type Q4_K   ) -> falling back to Q5_0   
warning: blk.1.attn_k.weight                  - ncols    896 not divisible by 256 (required for type Q4_K   ) -> falling back to Q5_0   
warning: blk.1.attn_output.weight             - ncols    896 not divisible by 256 (required for type Q4_K   ) -> falling back to Q5_0   
warning: blk.1.attn_q.weight                  - ncols    896 not divisible by 256 (required for type Q4_K   ) -> falling back to Q5_0   
warning: blk.1.attn_v.weight                  - ncols    896 not divisible by 256 (required for type Q6_K   ) -> falling back to Q8_0   
warning: blk.1.ffn_gate.weight                - ncols    896 not divisible by 256 (required for type Q4_K   ) -> falling back to Q5_0   
warning: blk.1.ffn_up.weight                  - ncols    896 not divisible by 256 (required for type Q4_K   ) -> falling back to Q5_0   
warning: blk.2.attn_k.weight                  - ncols    896 not divisible by 256 (required for type Q4_K   ) -> falling back to Q5_0   
warning: blk.2.attn_output.weight             - ncols    896 not divisible by 256 (required for type Q4_K   ) -> falling back to Q5_0   
warning: blk.2.attn_q.weight                  - ncols    896 not divisible by 256 (required for type Q4_K   ) -> falling back to Q5_0   
warning: blk.2.attn_v.weight                  - ncols    896 not divisible by 256 (required for type Q6_K   ) -> falling back to Q8_0   
warning: blk.2.ffn_gate.weight                - ncols    896 not divisible by 256 (required for type Q4_K   ) -> falling back to Q5_0   
warning: blk.2.ffn_up.weight                  - ncols    896 not divisible by 256 (required for type Q4_K   ) -> falling back to Q5_0   
warning: blk.3.attn_k.weight                  - ncols    896 not divisible by 256 (required for type Q4_K   ) -> falling back to Q5_0   
warning: blk.3.attn_output.weight             - ncols    896 not divisible by 256 (required for type Q4_K   ) -> falling back to Q5_0   
warning: blk.3.attn_q.weight                  - ncols    896 not divisible by 256 (required for type Q4_K   ) -> falling back to Q5_0   
warning: blk.3.attn_v.weight                  - ncols    896 not divisible by 256 (required for type Q4_K   ) -> falling back to Q5_0   
warning: blk.3.ffn_gate.weight                - ncols    896 not divisible by 256 (required for type Q4_K   ) -> falling back to Q5_0   
warning: blk.3.ffn_up.weight                  - ncols    896 not divisible by 256 (required for type Q4_K   ) -> falling back to Q5_0   
warning: blk.4.attn_k.weight                  - ncols    896 not divisible by 256 (required for type Q4_K   ) -> falling back to Q5_0   
warning: blk.4.attn_output.weight             - ncols    896 not divisible by 256 (required for type Q4_K   ) -> falling back to Q5_0   
warning: blk.4.attn_q.weight                  - ncols    896 not divisible by 256 (required for type Q4_K   ) -> falling back to Q5_0   
warning: blk.4.attn_v.weight                  - ncols    896 not divisible by 256 (required for type Q4_K   ) -> falling back to Q5_0   
warning: blk.4.ffn_gate.weight                - ncols    896 not divisible by 256 (required for type Q4_K   ) -> falling back to Q5_0   
warning: blk.4.ffn_up.weight                  - ncols    896 not divisible by 256 (required for type Q4_K   ) -> falling back to Q5_0   
warning: blk.5.attn_k.weight                  - ncols    896 not divisible by 256 (required for type Q4_K   ) -> falling back to Q5_0   
warning: blk.5.attn_output.weight             - ncols    896 not divisible by 256 (required for type Q4_K   ) -> falling back to Q5_0   
warning: blk.5.attn_q.weight                  - ncols    896 not divisible by 256 (required for type Q4_K   ) -> falling back to Q5_0   
warning: blk.5.attn_v.weight                  - ncols    896 not divisible by 256 (required for type Q6_K   ) -> falling back to Q8_0   
warning: blk.5.ffn_gate.weight                - ncols    896 not divisible by 256 (required for type Q4_K   ) -> falling back to Q5_0   
warning: blk.5.ffn_up.weight                  - ncols    896 not divisible by 256 (required for type Q4_K   ) -> falling back to Q5_0   
warning: blk.6.attn_k.weight                  - ncols    896 not divisible by 256 (required for type Q4_K   ) -> falling back to Q5_0   
warning: blk.6.attn_output.weight             - ncols    896 not divisible by 256 (required for type Q4_K   ) -> falling back to Q5_0   
warning: blk.6.attn_q.weight                  - ncols    896 not divisible by 256 (required for type Q4_K   ) -> falling back to Q5_0   
warning: blk.6.attn_v.weight                  - ncols    896 not divisible by 256 (required for type Q4_K   ) -> falling back to Q5_0   
warning: blk.6.ffn_gate.weight                - ncols    896 not divisible by 256 (required for type Q4_K   ) -> falling back to Q5_0   
warning: blk.6.ffn_up.weight                  - ncols    896 not divisible by 256 (required for type Q4_K   ) -> falling back to Q5_0   
warning: blk.7.attn_k.weight                  - ncols    896 not divisible by 256 (required for type Q4_K   ) -> falling back to Q5_0   
warning: blk.7.attn_output.weight             - ncols    896 not divisible by 256 (required for type Q4_K   ) -> falling back to Q5_0   
warning: blk.7.attn_q.weight                  - ncols    896 not divisible by 256 (required for type Q4_K   ) -> falling back to Q5_0   
warning: blk.7.attn_v.weight                  - ncols    896 not divisible by 256 (required for type Q4_K   ) -> falling back to Q5_0   
warning: blk.7.ffn_gate.weight                - ncols    896 not divisible by 256 (required for type Q4_K   ) -> falling back to Q5_0   
warning: blk.7.ffn_up.weight                  - ncols    896 not divisible by 256 (required for type Q4_K   ) -> falling back to Q5_0   
warning: blk.8.attn_k.weight                  - ncols    896 not divisible by 256 (required for type Q4_K   ) -> falling back to Q5_0   
warning: blk.8.attn_output.weight             - ncols    896 not divisible by 256 (required for type Q4_K   ) -> falling back to Q5_0   
warning: blk.8.attn_q.weight                  - ncols    896 not divisible by 256 (required for type Q4_K   ) -> falling back to Q5_0   
warning: blk.8.attn_v.weight                  - ncols    896 not divisible by 256 (required for type Q6_K   ) -> falling back to Q8_0   
warning: blk.8.ffn_gate.weight                - ncols    896 not divisible by 256 (required for type Q4_K   ) -> falling back to Q5_0   
warning: blk.8.ffn_up.weight                  - ncols    896 not divisible by 256 (required for type Q4_K   ) -> falling back to Q5_0   
warning: blk.9.attn_k.weight                  - ncols    896 not divisible by 256 (required for type Q4_K   ) -> falling back to Q5_0   
warning: blk.9.attn_output.weight             - ncols    896 not divisible by 256 (required for type Q4_K   ) -> falling back to Q5_0   
warning: blk.9.attn_q.weight                  - ncols    896 not divisible by 256 (required for type Q4_K   ) -> falling back to Q5_0   
warning: blk.9.attn_v.weight                  - ncols    896 not divisible by 256 (required for type Q4_K   ) -> falling back to Q5_0   
warning: blk.9.ffn_gate.weight                - ncols    896 not divisible by 256 (required for type Q4_K   ) -> falling back to Q5_0   
warning: blk.9.ffn_up.weight                  - ncols    896 not divisible by 256 (required for type Q4_K   ) -> falling back to Q5_0   
warning: blk.10.attn_k.weight                 - ncols    896 not divisible by 256 (required for type Q4_K   ) -> falling back to Q5_0   
warning: blk.10.attn_output.weight            - ncols    896 not divisible by 256 (required for type Q4_K   ) -> falling back to Q5_0   
warning: blk.10.attn_q.weight                 - ncols    896 not divisible by 256 (required for type Q4_K   ) -> falling back to Q5_0   
warning: blk.10.attn_v.weight                 - ncols    896 not divisible by 256 (required for type Q4_K   ) -> falling back to Q5_0   
warning: blk.10.ffn_gate.weight               - ncols    896 not divisible by 256 (required for type Q4_K   ) -> falling back to Q5_0   
warning: blk.10.ffn_up.weight                 - ncols    896 not divisible by 256 (required for type Q4_K   ) -> falling back to Q5_0   
warning: blk.11.attn_k.weight                 - ncols    896 not divisible by 256 (required for type Q4_K   ) -> falling back to Q5_0   
warning: blk.11.attn_output.weight            - ncols    896 not divisible by 256 (required for type Q4_K   ) -> falling back to Q5_0   
warning: blk.11.attn_q.weight                 - ncols    896 not divisible by 256 (required for type Q4_K   ) -> falling back to Q5_0   
warning: blk.11.attn_v.weight                 - ncols    896 not divisible by 256 (required for type Q6_K   ) -> falling back to Q8_0   
warning: blk.11.ffn_gate.weight               - ncols    896 not divisible by 256 (required for type Q4_K   ) -> falling back to Q5_0   
warning: blk.11.ffn_up.weight                 - ncols    896 not divisible by 256 (required for type Q4_K   ) -> falling back to Q5_0   
warning: blk.12.attn_k.weight                 - ncols    896 not divisible by 256 (required for type Q4_K   ) -> falling back to Q5_0   
warning: blk.12.attn_output.weight            - ncols    896 not divisible by 256 (required for type Q4_K   ) -> falling back to Q5_0   
warning: blk.12.attn_q.weight                 - ncols    896 not divisible by 256 (required for type Q4_K   ) -> falling back to Q5_0   
warning: blk.12.attn_v.weight                 - ncols    896 not divisible by 256 (required for type Q4_K   ) -> falling back to Q5_0   
warning: blk.12.ffn_gate.weight               - ncols    896 not divisible by 256 (required for type Q4_K   ) -> falling back to Q5_0   
warning: blk.12.ffn_up.weight                 - ncols    896 not divisible by 256 (required for type Q4_K   ) -> falling back to Q5_0   
warning: blk.13.attn_k.weight                 - ncols    896 not divisible by 256 (required for type Q4_K   ) -> falling back to Q5_0   
warning: blk.13.attn_output.weight            - ncols    896 not divisible by 256 (required for type Q4_K   ) -> falling back to Q5_0   
warning: blk.13.attn_q.weight                 - ncols    896 not divisible by 256 (required for type Q4_K   ) -> falling back to Q5_0   
warning: blk.13.attn_v.weight                 - ncols    896 not divisible by 256 (required for type Q4_K   ) -> falling back to Q5_0   
warning: blk.13.ffn_gate.weight               - ncols    896 not divisible by 256 (required for type Q4_K   ) -> falling back to Q5_0   
warning: blk.13.ffn_up.weight                 - ncols    896 not divisible by 256 (required for type Q4_K   ) -> falling back to Q5_0   
warning: blk.14.attn_k.weight                 - ncols    896 not divisible by 256 (required for type Q4_K   ) -> falling back to Q5_0   
warning: blk.14.attn_output.weight            - ncols    896 not divisible by 256 (required for type Q4_K   ) -> falling back to Q5_0   
warning: blk.14.attn_q.weight                 - ncols    896 not divisible by 256 (required for type Q4_K   ) -> falling back to Q5_0   
warning: blk.14.attn_v.weight                 - ncols    896 not divisible by 256 (required for type Q6_K   ) -> falling back to Q8_0   
warning: blk.14.ffn_gate.weight               - ncols    896 not divisible by 256 (required for type Q4_K   ) -> falling back to Q5_0   
warning: blk.14.ffn_up.weight                 - ncols    896 not divisible by 256 (required for type Q4_K   ) -> falling back to Q5_0   
warning: blk.15.attn_k.weight                 - ncols    896 not divisible by 256 (required for type Q4_K   ) -> falling back to Q5_0   
warning: blk.15.attn_output.weight            - ncols    896 not divisible by 256 (required for type Q4_K   ) -> falling back to Q5_0   
warning: blk.15.attn_q.weight                 - ncols    896 not divisible by 256 (required for type Q4_K   ) -> falling back to Q5_0   
warning: blk.15.attn_v.weight                 - ncols    896 not divisible by 256 (required for type Q4_K   ) -> falling back to Q5_0   
warning: blk.15.ffn_gate.weight               - ncols    896 not divisible by 256 (required for type Q4_K   ) -> falling back to Q5_0   
warning: blk.15.ffn_up.weight                 - ncols    896 not divisible by 256 (required for type Q4_K   ) -> falling back to Q5_0   
warning: blk.16.attn_k.weight                 - ncols    896 not divisible by 256 (required for type Q4_K   ) -> falling back to Q5_0   
warning: blk.16.attn_output.weight            - ncols    896 not divisible by 256 (required for type Q4_K   ) -> falling back to Q5_0   
warning: blk.16.attn_q.weight                 - ncols    896 not divisible by 256 (required for type Q4_K   ) -> falling back to Q5_0   
warning: blk.16.attn_v.weight                 - ncols    896 not divisible by 256 (required for type Q4_K   ) -> falling back to Q5_0   
warning: blk.16.ffn_gate.weight               - ncols    896 not divisible by 256 (required for type Q4_K   ) -> falling back to Q5_0   
warning: blk.16.ffn_up.weight                 - ncols    896 not divisible by 256 (required for type Q4_K   ) -> falling back to Q5_0   
warning: blk.17.attn_k.weight                 - ncols    896 not divisible by 256 (required for type Q4_K   ) -> falling back to Q5_0   
warning: blk.17.attn_output.weight            - ncols    896 not divisible by 256 (required for type Q4_K   ) -> falling back to Q5_0   
warning: blk.17.attn_q.weight                 - ncols    896 not divisible by 256 (required for type Q4_K   ) -> falling back to Q5_0   
warning: blk.17.attn_v.weight                 - ncols    896 not divisible by 256 (required for type Q6_K   ) -> falling back to Q8_0   
warning: blk.17.ffn_gate.weight               - ncols    896 not divisible by 256 (required for type Q4_K   ) -> falling back to Q5_0   
warning: blk.17.ffn_up.weight                 - ncols    896 not divisible by 256 (required for type Q4_K   ) -> falling back to Q5_0   
warning: blk.18.attn_k.weight                 - ncols    896 not divisible by 256 (required for type Q4_K   ) -> falling back to Q5_0   
warning: blk.18.attn_output.weight            - ncols    896 not divisible by 256 (required for type Q4_K   ) -> falling back to Q5_0   
warning: blk.18.attn_q.weight                 - ncols    896 not divisible by 256 (required for type Q4_K   ) -> falling back to Q5_0   
warning: blk.18.attn_v.weight                 - ncols    896 not divisible by 256 (required for type Q4_K   ) -> falling back to Q5_0   
warning: blk.18.ffn_gate.weight               - ncols    896 not divisible by 256 (required for type Q4_K   ) -> falling back to Q5_0   
warning: blk.18.ffn_up.weight                 - ncols    896 not divisible by 256 (required for type Q4_K   ) -> falling back to Q5_0   
warning: blk.19.attn_k.weight                 - ncols    896 not divisible by 256 (required for type Q4_K   ) -> falling back to Q5_0   
warning: blk.19.attn_output.weight            - ncols    896 not divisible by 256 (required for type Q4_K   ) -> falling back to Q5_0   
warning: blk.19.attn_q.weight                 - ncols    896 not divisible by 256 (required for type Q4_K   ) -> falling back to Q5_0   
warning: blk.19.attn_v.weight                 - ncols    896 not divisible by 256 (required for type Q4_K   ) -> falling back to Q5_0   
warning: blk.19.ffn_gate.weight               - ncols    896 not divisible by 256 (required for type Q4_K   ) -> falling back to Q5_0   
warning: blk.19.ffn_up.weight                 - ncols    896 not divisible by 256 (required for type Q4_K   ) -> falling back to Q5_0   
warning: blk.20.attn_k.weight                 - ncols    896 not divisible by 256 (required for type Q4_K   ) -> falling back to Q5_0   
warning: blk.20.attn_output.weight            - ncols    896 not divisible by 256 (required for type Q4_K   ) -> falling back to Q5_0   
warning: blk.20.attn_q.weight                 - ncols    896 not divisible by 256 (required for type Q4_K   ) -> falling back to Q5_0   
warning: blk.20.attn_v.weight                 - ncols    896 not divisible by 256 (required for type Q6_K   ) -> falling back to Q8_0   
warning: blk.20.ffn_gate.weight               - ncols    896 not divisible by 256 (required for type Q4_K   ) -> falling back to Q5_0   
warning: blk.20.ffn_up.weight                 - ncols    896 not divisible by 256 (required for type Q4_K   ) -> falling back to Q5_0   
warning: blk.21.attn_k.weight                 - ncols    896 not divisible by 256 (required for type Q4_K   ) -> falling back to Q5_0   
warning: blk.21.attn_output.weight            - ncols    896 not divisible by 256 (required for type Q4_K   ) -> falling back to Q5_0   
warning: blk.21.attn_q.weight                 - ncols    896 not divisible by 256 (required for type Q4_K   ) -> falling back to Q5_0   
warning: blk.21.attn_v.weight                 - ncols    896 not divisible by 256 (required for type Q6_K   ) -> falling back to Q8_0   
warning: blk.21.ffn_gate.weight               - ncols    896 not divisible by 256 (required for type Q4_K   ) -> falling back to Q5_0   
warning: blk.21.ffn_up.weight                 - ncols    896 not divisible by 256 (required for type Q4_K   ) -> falling back to Q5_0   
warning: blk.22.attn_k.weight                 - ncols    896 not divisible by 256 (required for type Q4_K   ) -> falling back to Q5_0   
warning: blk.22.attn_output.weight            - ncols    896 not divisible by 256 (required for type Q4_K   ) -> falling back to Q5_0   
warning: blk.22.attn_q.weight                 - ncols    896 not divisible by 256 (required for type Q4_K   ) -> falling back to Q5_0   
warning: blk.22.attn_v.weight                 - ncols    896 not divisible by 256 (required for type Q6_K   ) -> falling back to Q8_0   
warning: blk.22.ffn_gate.weight               - ncols    896 not divisible by 256 (required for type Q4_K   ) -> falling back to Q5_0   
warning: blk.22.ffn_up.weight                 - ncols    896 not divisible by 256 (required for type Q4_K   ) -> falling back to Q5_0   
warning: blk.23.attn_k.weight                 - ncols    896 not divisible by 256 (required for type Q4_K   ) -> falling back to Q5_0   
warning: blk.23.attn_output.weight            - ncols    896 not divisible by 256 (required for type Q4_K   ) -> falling back to Q5_0   
warning: blk.23.attn_q.weight                 - ncols    896 not divisible by 256 (required for type Q4_K   ) -> falling back to Q5_0   
warning: blk.23.attn_v.weight                 - ncols    896 not divisible by 256 (required for type Q6_K   ) -> falling back to Q8_0   
warning: blk.23.ffn_gate.weight               - ncols    896 not divisible by 256 (required for type Q4_K   ) -> falling back to Q5_0   
warning: blk.23.ffn_up.weight                 - ncols    896 not divisible by 256 (required for type Q4_K   ) -> falling back to Q5_0   
ok
test requires_imatrix_table ... ok
test strategy_table_qwen2_0_5b ... warning: output.weight                        - ncols    896 not divisible by 256 (required for type Q6_K   ) -> falling back to Q8_0   
warning: token_embd.weight                    - ncols    896 not divisible by 256 (required for type Q4_K   ) -> falling back to Q5_0   
warning: blk.0.attn_k.weight                  - ncols    896 not divisible by 256 (required for type Q4_K   ) -> falling back to Q5_0   
warning: blk.0.attn_output.weight             - ncols    896 not divisible by 256 (required for type Q4_K   ) -> falling back to Q5_0   
warning: blk.0.attn_q.weight                  - ncols    896 not divisible by 256 (required for type Q4_K   ) -> falling back to Q5_0   
warning: blk.0.attn_v.weight                  - ncols    896 not divisible by 256 (required for type Q6_K   ) -> falling back to Q8_0   
warning: blk.0.ffn_gate.weight                - ncols    896 not divisible by 256 (required for type Q4_K   ) -> falling back to Q5_0   
warning: blk.0.ffn_up.weight                  - ncols    896 not divisible by 256 (required for type Q4_K   ) -> falling back to Q5_0   
warning: blk.1.attn_k.weight                  - ncols    896 not divisible by 256 (required for type Q4_K   ) -> falling back to Q5_0   
warning: blk.1.attn_output.weight             - ncols    896 not divisible by 256 (required for type Q4_K   ) -> falling back to Q5_0   
warning: blk.1.attn_q.weight                  - ncols    896 not divisible by 256 (required for type Q4_K   ) -> falling back to Q5_0   
warning: blk.1.attn_v.weight                  - ncols    896 not divisible by 256 (required for type Q6_K   ) -> falling back to Q8_0   
warning: blk.1.ffn_gate.weight                - ncols    896 not divisible by 256 (required for type Q4_K   ) -> falling back to Q5_0   
warning: blk.1.ffn_up.weight                  - ncols    896 not divisible by 256 (required for type Q4_K   ) -> falling back to Q5_0   
warning: blk.2.attn_k.weight                  - ncols    896 not divisible by 256 (required for type Q4_K   ) -> falling back to Q5_0   
warning: blk.2.attn_output.weight             - ncols    896 not divisible by 256 (required for type Q4_K   ) -> falling back to Q5_0   
warning: blk.2.attn_q.weight                  - ncols    896 not divisible by 256 (required for type Q4_K   ) -> falling back to Q5_0   
warning: blk.2.attn_v.weight                  - ncols    896 not divisible by 256 (required for type Q6_K   ) -> falling back to Q8_0   
warning: blk.2.ffn_gate.weight                - ncols    896 not divisible by 256 (required for type Q4_K   ) -> falling back to Q5_0   
warning: blk.2.ffn_up.weight                  - ncols    896 not divisible by 256 (required for type Q4_K   ) -> falling back to Q5_0   
warning: blk.3.attn_k.weight                  - ncols    896 not divisible by 256 (required for type Q4_K   ) -> falling back to Q5_0   
warning: blk.3.attn_output.weight             - ncols    896 not divisible by 256 (required for type Q4_K   ) -> falling back to Q5_0   
warning: blk.3.attn_q.weight                  - ncols    896 not divisible by 256 (required for type Q4_K   ) -> falling back to Q5_0   
warning: blk.3.attn_v.weight                  - ncols    896 not divisible by 256 (required for type Q4_K   ) -> falling back to Q5_0   
warning: blk.3.ffn_gate.weight                - ncols    896 not divisible by 256 (required for type Q4_K   ) -> falling back to Q5_0   
warning: blk.3.ffn_up.weight                  - ncols    896 not divisible by 256 (required for type Q4_K   ) -> falling back to Q5_0   
warning: blk.4.attn_k.weight                  - ncols    896 not divisible by 256 (required for type Q4_K   ) -> falling back to Q5_0   
warning: blk.4.attn_output.weight             - ncols    896 not divisible by 256 (required for type Q4_K   ) -> falling back to Q5_0   
warning: blk.4.attn_q.weight                  - ncols    896 not divisible by 256 (required for type Q4_K   ) -> falling back to Q5_0   
warning: blk.4.attn_v.weight                  - ncols    896 not divisible by 256 (required for type Q4_K   ) -> falling back to Q5_0   
warning: blk.4.ffn_gate.weight                - ncols    896 not divisible by 256 (required for type Q4_K   ) -> falling back to Q5_0   
warning: blk.4.ffn_up.weight                  - ncols    896 not divisible by 256 (required for type Q4_K   ) -> falling back to Q5_0   
warning: blk.5.attn_k.weight                  - ncols    896 not divisible by 256 (required for type Q4_K   ) -> falling back to Q5_0   
warning: blk.5.attn_output.weight             - ncols    896 not divisible by 256 (required for type Q4_K   ) -> falling back to Q5_0   
warning: blk.5.attn_q.weight                  - ncols    896 not divisible by 256 (required for type Q4_K   ) -> falling back to Q5_0   
warning: blk.5.attn_v.weight                  - ncols    896 not divisible by 256 (required for type Q6_K   ) -> falling back to Q8_0   
warning: blk.5.ffn_gate.weight                - ncols    896 not divisible by 256 (required for type Q4_K   ) -> falling back to Q5_0   
warning: blk.5.ffn_up.weight                  - ncols    896 not divisible by 256 (required for type Q4_K   ) -> falling back to Q5_0   
warning: blk.6.attn_k.weight                  - ncols    896 not divisible by 256 (required for type Q4_K   ) -> falling back to Q5_0   
warning: blk.6.attn_output.weight             - ncols    896 not divisible by 256 (required for type Q4_K   ) -> falling back to Q5_0   
warning: blk.6.attn_q.weight                  - ncols    896 not divisible by 256 (required for type Q4_K   ) -> falling back to Q5_0   
warning: blk.6.attn_v.weight                  - ncols    896 not divisible by 256 (required for type Q4_K   ) -> falling back to Q5_0   
warning: blk.6.ffn_gate.weight                - ncols    896 not divisible by 256 (required for type Q4_K   ) -> falling back to Q5_0   
warning: blk.6.ffn_up.weight                  - ncols    896 not divisible by 256 (required for type Q4_K   ) -> falling back to Q5_0   
warning: blk.7.attn_k.weight                  - ncols    896 not divisible by 256 (required for type Q4_K   ) -> falling back to Q5_0   
warning: blk.7.attn_output.weight             - ncols    896 not divisible by 256 (required for type Q4_K   ) -> falling back to Q5_0   
warning: blk.7.attn_q.weight                  - ncols    896 not divisible by 256 (required for type Q4_K   ) -> falling back to Q5_0   
warning: blk.7.attn_v.weight                  - ncols    896 not divisible by 256 (required for type Q4_K   ) -> falling back to Q5_0   
warning: blk.7.ffn_gate.weight                - ncols    896 not divisible by 256 (required for type Q4_K   ) -> falling back to Q5_0   
warning: blk.7.ffn_up.weight                  - ncols    896 not divisible by 256 (required for type Q4_K   ) -> falling back to Q5_0   
warning: blk.8.attn_k.weight                  - ncols    896 not divisible by 256 (required for type Q4_K   ) -> falling back to Q5_0   
warning: blk.8.attn_output.weight             - ncols    896 not divisible by 256 (required for type Q4_K   ) -> falling back to Q5_0   
warning: blk.8.attn_q.weight                  - ncols    896 not divisible by 256 (required for type Q4_K   ) -> falling back to Q5_0   
warning: blk.8.attn_v.weight                  - ncols    896 not divisible by 256 (required for type Q6_K   ) -> falling back to Q8_0   
warning: blk.8.ffn_gate.weight                - ncols    896 not divisible by 256 (required for type Q4_K   ) -> falling back to Q5_0   
warning: blk.8.ffn_up.weight                  - ncols    896 not divisible by 256 (required for type Q4_K   ) -> falling back to Q5_0   
warning: blk.9.attn_k.weight                  - ncols    896 not divisible by 256 (required for type Q4_K   ) -> falling back to Q5_0   
warning: blk.9.attn_output.weight             - ncols    896 not divisible by 256 (required for type Q4_K   ) -> falling back to Q5_0   
warning: blk.9.attn_q.weight                  - ncols    896 not divisible by 256 (required for type Q4_K   ) -> falling back to Q5_0   
warning: blk.9.attn_v.weight                  - ncols    896 not divisible by 256 (required for type Q4_K   ) -> falling back to Q5_0   
warning: blk.9.ffn_gate.weight                - ncols    896 not divisible by 256 (required for type Q4_K   ) -> falling back to Q5_0   
warning: blk.9.ffn_up.weight                  - ncols    896 not divisible by 256 (required for type Q4_K   ) -> falling back to Q5_0   
warning: blk.10.attn_k.weight                 - ncols    896 not divisible by 256 (required for type Q4_K   ) -> falling back to Q5_0   
warning: blk.10.attn_output.weight            - ncols    896 not divisible by 256 (required for type Q4_K   ) -> falling back to Q5_0   
warning: blk.10.attn_q.weight                 - ncols    896 not divisible by 256 (required for type Q4_K   ) -> falling back to Q5_0   
warning: blk.10.attn_v.weight                 - ncols    896 not divisible by 256 (required for type Q4_K   ) -> falling back to Q5_0   
warning: blk.10.ffn_gate.weight               - ncols    896 not divisible by 256 (required for type Q4_K   ) -> falling back to Q5_0   
warning: blk.10.ffn_up.weight                 - ncols    896 not divisible by 256 (required for type Q4_K   ) -> falling back to Q5_0   
warning: blk.11.attn_k.weight                 - ncols    896 not divisible by 256 (required for type Q4_K   ) -> falling back to Q5_0   
warning: blk.11.attn_output.weight            - ncols    896 not divisible by 256 (required for type Q4_K   ) -> falling back to Q5_0   
warning: blk.11.attn_q.weight                 - ncols    896 not divisible by 256 (required for type Q4_K   ) -> falling back to Q5_0   
warning: blk.11.attn_v.weight                 - ncols    896 not divisible by 256 (required for type Q6_K   ) -> falling back to Q8_0   
warning: blk.11.ffn_gate.weight               - ncols    896 not divisible by 256 (required for type Q4_K   ) -> falling back to Q5_0   
warning: blk.11.ffn_up.weight                 - ncols    896 not divisible by 256 (required for type Q4_K   ) -> falling back to Q5_0   
warning: blk.12.attn_k.weight                 - ncols    896 not divisible by 256 (required for type Q4_K   ) -> falling back to Q5_0   
warning: blk.12.attn_output.weight            - ncols    896 not divisible by 256 (required for type Q4_K   ) -> falling back to Q5_0   
warning: blk.12.attn_q.weight                 - ncols    896 not divisible by 256 (required for type Q4_K   ) -> falling back to Q5_0   
warning: blk.12.attn_v.weight                 - ncols    896 not divisible by 256 (required for type Q4_K   ) -> falling back to Q5_0   
warning: blk.12.ffn_gate.weight               - ncols    896 not divisible by 256 (required for type Q4_K   ) -> falling back to Q5_0   
warning: blk.12.ffn_up.weight                 - ncols    896 not divisible by 256 (required for type Q4_K   ) -> falling back to Q5_0   
warning: blk.13.attn_k.weight                 - ncols    896 not divisible by 256 (required for type Q4_K   ) -> falling back to Q5_0   
warning: blk.13.attn_output.weight            - ncols    896 not divisible by 256 (required for type Q4_K   ) -> falling back to Q5_0   
warning: blk.13.attn_q.weight                 - ncols    896 not divisible by 256 (required for type Q4_K   ) -> falling back to Q5_0   
warning: blk.13.attn_v.weight                 - ncols    896 not divisible by 256 (required for type Q4_K   ) -> falling back to Q5_0   
warning: blk.13.ffn_gate.weight               - ncols    896 not divisible by 256 (required for type Q4_K   ) -> falling back to Q5_0   
warning: blk.13.ffn_up.weight                 - ncols    896 not divisible by 256 (required for type Q4_K   ) -> falling back to Q5_0   
warning: blk.14.attn_k.weight                 - ncols    896 not divisible by 256 (required for type Q4_K   ) -> falling back to Q5_0   
warning: blk.14.attn_output.weight            - ncols    896 not divisible by 256 (required for type Q4_K   ) -> falling back to Q5_0   
warning: blk.14.attn_q.weight                 - ncols    896 not divisible by 256 (required for type Q4_K   ) -> falling back to Q5_0   
warning: blk.14.attn_v.weight                 - ncols    896 not divisible by 256 (required for type Q6_K   ) -> falling back to Q8_0   
warning: blk.14.ffn_gate.weight               - ncols    896 not divisible by 256 (required for type Q4_K   ) -> falling back to Q5_0   
warning: blk.14.ffn_up.weight                 - ncols    896 not divisible by 256 (required for type Q4_K   ) -> falling back to Q5_0   
warning: blk.15.attn_k.weight                 - ncols    896 not divisible by 256 (required for type Q4_K   ) -> falling back to Q5_0   
warning: blk.15.attn_output.weight            - ncols    896 not divisible by 256 (required for type Q4_K   ) -> falling back to Q5_0   
warning: blk.15.attn_q.weight                 - ncols    896 not divisible by 256 (required for type Q4_K   ) -> falling back to Q5_0   
warning: blk.15.attn_v.weight                 - ncols    896 not divisible by 256 (required for type Q4_K   ) -> falling back to Q5_0   
warning: blk.15.ffn_gate.weight               - ncols    896 not divisible by 256 (required for type Q4_K   ) -> falling back to Q5_0   
warning: blk.15.ffn_up.weight                 - ncols    896 not divisible by 256 (required for type Q4_K   ) -> falling back to Q5_0   
warning: blk.16.attn_k.weight                 - ncols    896 not divisible by 256 (required for type Q4_K   ) -> falling back to Q5_0   
warning: blk.16.attn_output.weight            - ncols    896 not divisible by 256 (required for type Q4_K   ) -> falling back to Q5_0   
warning: blk.16.attn_q.weight                 - ncols    896 not divisible by 256 (required for type Q4_K   ) -> falling back to Q5_0   
warning: blk.16.attn_v.weight                 - ncols    896 not divisible by 256 (required for type Q4_K   ) -> falling back to Q5_0   
warning: blk.16.ffn_gate.weight               - ncols    896 not divisible by 256 (required for type Q4_K   ) -> falling back to Q5_0   
warning: blk.16.ffn_up.weight                 - ncols    896 not divisible by 256 (required for type Q4_K   ) -> falling back to Q5_0   
warning: blk.17.attn_k.weight                 - ncols    896 not divisible by 256 (required for type Q4_K   ) -> falling back to Q5_0   
warning: blk.17.attn_output.weight            - ncols    896 not divisible by 256 (required for type Q4_K   ) -> falling back to Q5_0   
warning: blk.17.attn_q.weight                 - ncols    896 not divisible by 256 (required for type Q4_K   ) -> falling back to Q5_0   
warning: blk.17.attn_v.weight                 - ncols    896 not divisible by 256 (required for type Q6_K   ) -> falling back to Q8_0   
warning: blk.17.ffn_gate.weight               - ncols    896 not divisible by 256 (required for type Q4_K   ) -> falling back to Q5_0   
warning: blk.17.ffn_up.weight                 - ncols    896 not divisible by 256 (required for type Q4_K   ) -> falling back to Q5_0   
warning: blk.18.attn_k.weight                 - ncols    896 not divisible by 256 (required for type Q4_K   ) -> falling back to Q5_0   
warning: blk.18.attn_output.weight            - ncols    896 not divisible by 256 (required for type Q4_K   ) -> falling back to Q5_0   
warning: blk.18.attn_q.weight                 - ncols    896 not divisible by 256 (required for type Q4_K   ) -> falling back to Q5_0   
warning: blk.18.attn_v.weight                 - ncols    896 not divisible by 256 (required for type Q4_K   ) -> falling back to Q5_0   
warning: blk.18.ffn_gate.weight               - ncols    896 not divisible by 256 (required for type Q4_K   ) -> falling back to Q5_0   
warning: blk.18.ffn_up.weight                 - ncols    896 not divisible by 256 (required for type Q4_K   ) -> falling back to Q5_0   
warning: blk.19.attn_k.weight                 - ncols    896 not divisible by 256 (required for type Q4_K   ) -> falling back to Q5_0   
warning: blk.19.attn_output.weight            - ncols    896 not divisible by 256 (required for type Q4_K   ) -> falling back to Q5_0   
warning: blk.19.attn_q.weight                 - ncols    896 not divisible by 256 (required for type Q4_K   ) -> falling back to Q5_0   
warning: blk.19.attn_v.weight                 - ncols    896 not divisible by 256 (required for type Q4_K   ) -> falling back to Q5_0   
warning: blk.19.ffn_gate.weight               - ncols    896 not divisible by 256 (required for type Q4_K   ) -> falling back to Q5_0   
warning: blk.19.ffn_up.weight                 - ncols    896 not divisible by 256 (required for type Q4_K   ) -> falling back to Q5_0   
warning: blk.20.attn_k.weight                 - ncols    896 not divisible by 256 (required for type Q4_K   ) -> falling back to Q5_0   
warning: blk.20.attn_output.weight            - ncols    896 not divisible by 256 (required for type Q4_K   ) -> falling back to Q5_0   
warning: blk.20.attn_q.weight                 - ncols    896 not divisible by 256 (required for type Q4_K   ) -> falling back to Q5_0   
warning: blk.20.attn_v.weight                 - ncols    896 not divisible by 256 (required for type Q6_K   ) -> falling back to Q8_0   
warning: blk.20.ffn_gate.weight               - ncols    896 not divisible by 256 (required for type Q4_K   ) -> falling back to Q5_0   
warning: blk.20.ffn_up.weight                 - ncols    896 not divisible by 256 (required for type Q4_K   ) -> falling back to Q5_0   
warning: blk.21.attn_k.weight                 - ncols    896 not divisible by 256 (required for type Q4_K   ) -> falling back to Q5_0   
warning: blk.21.attn_output.weight            - ncols    896 not divisible by 256 (required for type Q4_K   ) -> falling back to Q5_0   
warning: blk.21.attn_q.weight                 - ncols    896 not divisible by 256 (required for type Q4_K   ) -> falling back to Q5_0   
warning: blk.21.attn_v.weight                 - ncols    896 not divisible by 256 (required for type Q6_K   ) -> falling back to Q8_0   
warning: blk.21.ffn_gate.weight               - ncols    896 not divisible by 256 (required for type Q4_K   ) -> falling back to Q5_0   
warning: blk.21.ffn_up.weight                 - ncols    896 not divisible by 256 (required for type Q4_K   ) -> falling back to Q5_0   
warning: blk.22.attn_k.weight                 - ncols    896 not divisible by 256 (required for type Q4_K   ) -> falling back to Q5_0   
warning: blk.22.attn_output.weight            - ncols    896 not divisible by 256 (required for type Q4_K   ) -> falling back to Q5_0   
warning: blk.22.attn_q.weight                 - ncols    896 not divisible by 256 (required for type Q4_K   ) -> falling back to Q5_0   
warning: blk.22.attn_v.weight                 - ncols    896 not divisible by 256 (required for type Q6_K   ) -> falling back to Q8_0   
warning: blk.22.ffn_gate.weight               - ncols    896 not divisible by 256 (required for type Q4_K   ) -> falling back to Q5_0   
warning: blk.22.ffn_up.weight                 - ncols    896 not divisible by 256 (required for type Q4_K   ) -> falling back to Q5_0   
warning: blk.23.attn_k.weight                 - ncols    896 not divisible by 256 (required for type Q4_K   ) -> falling back to Q5_0   
warning: blk.23.attn_output.weight            - ncols    896 not divisible by 256 (required for type Q4_K   ) -> falling back to Q5_0   
warning: blk.23.attn_q.weight                 - ncols    896 not divisible by 256 (required for type Q4_K   ) -> falling back to Q5_0   
warning: blk.23.attn_v.weight                 - ncols    896 not divisible by 256 (required for type Q6_K   ) -> falling back to Q8_0   
warning: blk.23.ffn_gate.weight               - ncols    896 not divisible by 256 (required for type Q4_K   ) -> falling back to Q5_0   
warning: blk.23.ffn_up.weight                 - ncols    896 not divisible by 256 (required for type Q4_K   ) -> falling back to Q5_0   
warning: token_embd.weight                    - ncols    896 not divisible by 256 (required for type Q3_K   ) -> falling back to Q4_0   
warning: blk.0.attn_k.weight                  - ncols    896 not divisible by 256 (required for type Q3_K   ) -> falling back to Q4_0   
warning: blk.0.attn_output.weight             - ncols    896 not divisible by 256 (required for type Q4_K   ) -> falling back to Q5_0   
warning: blk.0.attn_q.weight                  - ncols    896 not divisible by 256 (required for type Q3_K   ) -> falling back to Q4_0   
warning: blk.0.attn_v.weight                  - ncols    896 not divisible by 256 (required for type Q5_K   ) -> falling back to Q5_1   
warning: blk.0.ffn_gate.weight                - ncols    896 not divisible by 256 (required for type Q3_K   ) -> falling back to Q4_0   
warning: blk.0.ffn_up.weight                  - ncols    896 not divisible by 256 (required for type Q3_K   ) -> falling back to Q4_0   
warning: blk.1.attn_k.weight                  - ncols    896 not divisible by 256 (required for type Q3_K   ) -> falling back to Q4_0   
warning: blk.1.attn_output.weight             - ncols    896 not divisible by 256 (required for type Q4_K   ) -> falling back to Q5_0   
warning: blk.1.attn_q.weight                  - ncols    896 not divisible by 256 (required for type Q3_K   ) -> falling back to Q4_0   
warning: blk.1.attn_v.weight                  - ncols    896 not divisible by 256 (required for type Q5_K   ) -> falling back to Q5_1   
warning: blk.1.ffn_gate.weight                - ncols    896 not divisible by 256 (required for type Q3_K   ) -> falling back to Q4_0   
warning: blk.1.ffn_up.weight                  - ncols    896 not divisible by 256 (required for type Q3_K   ) -> falling back to Q4_0   
warning: blk.2.attn_k.weight                  - ncols    896 not divisible by 256 (required for type Q3_K   ) -> falling back to Q4_0   
warning: blk.2.attn_output.weight             - ncols    896 not divisible by 256 (required for type Q4_K   ) -> falling back to Q5_0   
warning: blk.2.attn_q.weight                  - ncols    896 not divisible by 256 (required for type Q3_K   ) -> falling back to Q4_0   
warning: blk.2.attn_v.weight                  - ncols    896 not divisible by 256 (required for type Q4_K   ) -> falling back to Q5_0   
warning: blk.2.ffn_gate.weight                - ncols    896 not divisible by 256 (required for type Q3_K   ) -> falling back to Q4_0   
warning: blk.2.ffn_up.weight                  - ncols    896 not divisible by 256 (required for type Q3_K   ) -> falling back to Q4_0   
warning: blk.3.attn_k.weight                  - ncols    896 not divisible by 256 (required for type Q3_K   ) -> falling back to Q4_0   
warning: blk.3.attn_output.weight             - ncols    896 not divisible by 256 (required for type Q4_K   ) -> falling back to Q5_0   
warning: blk.3.attn_q.weight                  - ncols    896 not divisible by 256 (required for type Q3_K   ) -> falling back to Q4_0   
warning: blk.3.attn_v.weight                  - ncols    896 not divisible by 256 (required for type Q4_K   ) -> falling back to Q5_0   
warning: blk.3.ffn_gate.weight                - ncols    896 not divisible by 256 (required for type Q3_K   ) -> falling back to Q4_0   
warning: blk.3.ffn_up.weight                  - ncols    896 not divisible by 256 (required for type Q3_K   ) -> falling back to Q4_0   
warning: blk.4.attn_k.weight                  - ncols    896 not divisible by 256 (required for type Q3_K   ) -> falling back to Q4_0   
warning: blk.4.attn_output.weight             - ncols    896 not divisible by 256 (required for type Q4_K   ) -> falling back to Q5_0   
warning: blk.4.attn_q.weight                  - ncols    896 not divisible by 256 (required for type Q3_K   ) -> falling back to Q4_0   
warning: blk.4.attn_v.weight                  - ncols    896 not divisible by 256 (required for type Q4_K   ) -> falling back to Q5_0   
warning: blk.4.ffn_gate.weight                - ncols    896 not divisible by 256 (required for type Q3_K   ) -> falling back to Q4_0   
warning: blk.4.ffn_up.weight                  - ncols    896 not divisible by 256 (required for type Q3_K   ) -> falling back to Q4_0   
warning: blk.5.attn_k.weight                  - ncols    896 not divisible by 256 (required for type Q3_K   ) -> falling back to Q4_0   
warning: blk.5.attn_output.weight             - ncols    896 not divisible by 256 (required for type Q4_K   ) -> falling back to Q5_0   
warning: blk.5.attn_q.weight                  - ncols    896 not divisible by 256 (required for type Q3_K   ) -> falling back to Q4_0   
warning: blk.5.attn_v.weight                  - ncols    896 not divisible by 256 (required for type Q4_K   ) -> falling back to Q5_0   
warning: blk.5.ffn_gate.weight                - ncols    896 not divisible by 256 (required for type Q3_K   ) -> falling back to Q4_0   
warning: blk.5.ffn_up.weight                  - ncols    896 not divisible by 256 (required for type Q3_K   ) -> falling back to Q4_0   
warning: blk.6.attn_k.weight                  - ncols    896 not divisible by 256 (required for type Q3_K   ) -> falling back to Q4_0   
warning: blk.6.attn_output.weight             - ncols    896 not divisible by 256 (required for type Q4_K   ) -> falling back to Q5_0   
warning: blk.6.attn_q.weight                  - ncols    896 not divisible by 256 (required for type Q3_K   ) -> falling back to Q4_0   
warning: blk.6.attn_v.weight                  - ncols    896 not divisible by 256 (required for type Q4_K   ) -> falling back to Q5_0   
warning: blk.6.ffn_gate.weight                - ncols    896 not divisible by 256 (required for type Q3_K   ) -> falling back to Q4_0   
warning: blk.6.ffn_up.weight                  - ncols    896 not divisible by 256 (required for type Q3_K   ) -> falling back to Q4_0   
warning: blk.7.attn_k.weight                  - ncols    896 not divisible by 256 (required for type Q3_K   ) -> falling back to Q4_0   
warning: blk.7.attn_output.weight             - ncols    896 not divisible by 256 (required for type Q4_K   ) -> falling back to Q5_0   
warning: blk.7.attn_q.weight                  - ncols    896 not divisible by 256 (required for type Q3_K   ) -> falling back to Q4_0   
warning: blk.7.attn_v.weight                  - ncols    896 not divisible by 256 (required for type Q4_K   ) -> falling back to Q5_0   
warning: blk.7.ffn_gate.weight                - ncols    896 not divisible by 256 (required for type Q3_K   ) -> falling back to Q4_0   
warning: blk.7.ffn_up.weight                  - ncols    896 not divisible by 256 (required for type Q3_K   ) -> falling back to Q4_0   
warning: blk.8.attn_k.weight                  - ncols    896 not divisible by 256 (required for type Q3_K   ) -> falling back to Q4_0   
warning: blk.8.attn_output.weight             - ncols    896 not divisible by 256 (required for type Q4_K   ) -> falling back to Q5_0   
warning: blk.8.attn_q.weight                  - ncols    896 not divisible by 256 (required for type Q3_K   ) -> falling back to Q4_0   
warning: blk.8.attn_v.weight                  - ncols    896 not divisible by 256 (required for type Q4_K   ) -> falling back to Q5_0   
warning: blk.8.ffn_gate.weight                - ncols    896 not divisible by 256 (required for type Q3_K   ) -> falling back to Q4_0   
warning: blk.8.ffn_up.weight                  - ncols    896 not divisible by 256 (required for type Q3_K   ) -> falling back to Q4_0   
warning: blk.9.attn_k.weight                  - ncols    896 not divisible by 256 (required for type Q3_K   ) -> falling back to Q4_0   
warning: blk.9.attn_output.weight             - ncols    896 not divisible by 256 (required for type Q4_K   ) -> falling back to Q5_0   
warning: blk.9.attn_q.weight                  - ncols    896 not divisible by 256 (required for type Q3_K   ) -> falling back to Q4_0   
warning: blk.9.attn_v.weight                  - ncols    896 not divisible by 256 (required for type Q4_K   ) -> falling back to Q5_0   
warning: blk.9.ffn_gate.weight                - ncols    896 not divisible by 256 (required for type Q3_K   ) -> falling back to Q4_0   
warning: blk.9.ffn_up.weight                  - ncols    896 not divisible by 256 (required for type Q3_K   ) -> falling back to Q4_0   
warning: blk.10.attn_k.weight                 - ncols    896 not divisible by 256 (required for type Q3_K   ) -> falling back to Q4_0   
warning: blk.10.attn_output.weight            - ncols    896 not divisible by 256 (required for type Q4_K   ) -> falling back to Q5_0   
warning: blk.10.attn_q.weight                 - ncols    896 not divisible by 256 (required for type Q3_K   ) -> falling back to Q4_0   
warning: blk.10.attn_v.weight                 - ncols    896 not divisible by 256 (required for type Q4_K   ) -> falling back to Q5_0   
warning: blk.10.ffn_gate.weight               - ncols    896 not divisible by 256 (required for type Q3_K   ) -> falling back to Q4_0   
warning: blk.10.ffn_up.weight                 - ncols    896 not divisible by 256 (required for type Q3_K   ) -> falling back to Q4_0   
warning: blk.11.attn_k.weight                 - ncols    896 not divisible by 256 (required for type Q3_K   ) -> falling back to Q4_0   
warning: blk.11.attn_output.weight            - ncols    896 not divisible by 256 (required for type Q4_K   ) -> falling back to Q5_0   
warning: blk.11.attn_q.weight                 - ncols    896 not divisible by 256 (required for type Q3_K   ) -> falling back to Q4_0   
warning: blk.11.attn_v.weight                 - ncols    896 not divisible by 256 (required for type Q4_K   ) -> falling back to Q5_0   
warning: blk.11.ffn_gate.weight               - ncols    896 not divisible by 256 (required for type Q3_K   ) -> falling back to Q4_0   
warning: blk.11.ffn_up.weight                 - ncols    896 not divisible by 256 (required for type Q3_K   ) -> falling back to Q4_0   
warning: blk.12.attn_k.weight                 - ncols    896 not divisible by 256 (required for type Q3_K   ) -> falling back to Q4_0   
warning: blk.12.attn_output.weight            - ncols    896 not divisible by 256 (required for type Q4_K   ) -> falling back to Q5_0   
warning: blk.12.attn_q.weight                 - ncols    896 not divisible by 256 (required for type Q3_K   ) -> falling back to Q4_0   
warning: blk.12.attn_v.weight                 - ncols    896 not divisible by 256 (required for type Q4_K   ) -> falling back to Q5_0   
warning: blk.12.ffn_gate.weight               - ncols    896 not divisible by 256 (required for type Q3_K   ) -> falling back to Q4_0   
warning: blk.12.ffn_up.weight                 - ncols    896 not divisible by 256 (required for type Q3_K   ) -> falling back to Q4_0   
warning: blk.13.attn_k.weight                 - ncols    896 not divisible by 256 (required for type Q3_K   ) -> falling back to Q4_0   
warning: blk.13.attn_output.weight            - ncols    896 not divisible by 256 (required for type Q4_K   ) -> falling back to Q5_0   
warning: blk.13.attn_q.weight                 - ncols    896 not divisible by 256 (required for type Q3_K   ) -> falling back to Q4_0   
warning: blk.13.attn_v.weight                 - ncols    896 not divisible by 256 (required for type Q4_K   ) -> falling back to Q5_0   
warning: blk.13.ffn_gate.weight               - ncols    896 not divisible by 256 (required for type Q3_K   ) -> falling back to Q4_0   
warning: blk.13.ffn_up.weight                 - ncols    896 not divisible by 256 (required for type Q3_K   ) -> falling back to Q4_0   
warning: blk.14.attn_k.weight                 - ncols    896 not divisible by 256 (required for type Q3_K   ) -> falling back to Q4_0   
warning: blk.14.attn_output.weight            - ncols    896 not divisible by 256 (required for type Q4_K   ) -> falling back to Q5_0   
warning: blk.14.attn_q.weight                 - ncols    896 not divisible by 256 (required for type Q3_K   ) -> falling back to Q4_0   
warning: blk.14.attn_v.weight                 - ncols    896 not divisible by 256 (required for type Q4_K   ) -> falling back to Q5_0   
warning: blk.14.ffn_gate.weight               - ncols    896 not divisible by 256 (required for type Q3_K   ) -> falling back to Q4_0   
warning: blk.14.ffn_up.weight                 - ncols    896 not divisible by 256 (required for type Q3_K   ) -> falling back to Q4_0   
warning: blk.15.attn_k.weight                 - ncols    896 not divisible by 256 (required for type Q3_K   ) -> falling back to Q4_0   
warning: blk.15.attn_output.weight            - ncols    896 not divisible by 256 (required for type Q4_K   ) -> falling back to Q5_0   
warning: blk.15.attn_q.weight                 - ncols    896 not divisible by 256 (required for type Q3_K   ) -> falling back to Q4_0   
warning: blk.15.attn_v.weight                 - ncols    896 not divisible by 256 (required for type Q4_K   ) -> falling back to Q5_0   
warning: blk.15.ffn_gate.weight               - ncols    896 not divisible by 256 (required for type Q3_K   ) -> falling back to Q4_0   
warning: blk.15.ffn_up.weight                 - ncols    896 not divisible by 256 (required for type Q3_K   ) -> falling back to Q4_0   
warning: blk.16.attn_k.weight                 - ncols    896 not divisible by 256 (required for type Q3_K   ) -> falling back to Q4_0   
warning: blk.16.attn_output.weight            - ncols    896 not divisible by 256 (required for type Q4_K   ) -> falling back to Q5_0   
warning: blk.16.attn_q.weight                 - ncols    896 not divisible by 256 (required for type Q3_K   ) -> falling back to Q4_0   
warning: blk.16.attn_v.weight                 - ncols    896 not divisible by 256 (required for type Q4_K   ) -> falling back to Q5_0   
warning: blk.16.ffn_gate.weight               - ncols    896 not divisible by 256 (required for type Q3_K   ) -> falling back to Q4_0   
warning: blk.16.ffn_up.weight                 - ncols    896 not divisible by 256 (required for type Q3_K   ) -> falling back to Q4_0   
warning: blk.17.attn_k.weight                 - ncols    896 not divisible by 256 (required for type Q3_K   ) -> falling back to Q4_0   
warning: blk.17.attn_output.weight            - ncols    896 not divisible by 256 (required for type Q4_K   ) -> falling back to Q5_0   
warning: blk.17.attn_q.weight                 - ncols    896 not divisible by 256 (required for type Q3_K   ) -> falling back to Q4_0   
warning: blk.17.attn_v.weight                 - ncols    896 not divisible by 256 (required for type Q4_K   ) -> falling back to Q5_0   
warning: blk.17.ffn_gate.weight               - ncols    896 not divisible by 256 (required for type Q3_K   ) -> falling back to Q4_0   
warning: blk.17.ffn_up.weight                 - ncols    896 not divisible by 256 (required for type Q3_K   ) -> falling back to Q4_0   
warning: blk.18.attn_k.weight                 - ncols    896 not divisible by 256 (required for type Q3_K   ) -> falling back to Q4_0   
warning: blk.18.attn_output.weight            - ncols    896 not divisible by 256 (required for type Q4_K   ) -> falling back to Q5_0   
warning: blk.18.attn_q.weight                 - ncols    896 not divisible by 256 (required for type Q3_K   ) -> falling back to Q4_0   
warning: blk.18.attn_v.weight                 - ncols    896 not divisible by 256 (required for type Q4_K   ) -> falling back to Q5_0   
warning: blk.18.ffn_gate.weight               - ncols    896 not divisible by 256 (required for type Q3_K   ) -> falling back to Q4_0   
warning: blk.18.ffn_up.weight                 - ncols    896 not divisible by 256 (required for type Q3_K   ) -> falling back to Q4_0   
warning: blk.19.attn_k.weight                 - ncols    896 not divisible by 256 (required for type Q3_K   ) -> falling back to Q4_0   
warning: blk.19.attn_output.weight            - ncols    896 not divisible by 256 (required for type Q4_K   ) -> falling back to Q5_0   
warning: blk.19.attn_q.weight                 - ncols    896 not divisible by 256 (required for type Q3_K   ) -> falling back to Q4_0   
warning: blk.19.attn_v.weight                 - ncols    896 not divisible by 256 (required for type Q4_K   ) -> falling back to Q5_0   
warning: blk.19.ffn_gate.weight               - ncols    896 not divisible by 256 (required for type Q3_K   ) -> falling back to Q4_0   
warning: blk.19.ffn_up.weight                 - ncols    896 not divisible by 256 (required for type Q3_K   ) -> falling back to Q4_0   
warning: blk.20.attn_k.weight                 - ncols    896 not divisible by 256 (required for type Q3_K   ) -> falling back to Q4_0   
warning: blk.20.attn_output.weight            - ncols    896 not divisible by 256 (required for type Q4_K   ) -> falling back to Q5_0   
warning: blk.20.attn_q.weight                 - ncols    896 not divisible by 256 (required for type Q3_K   ) -> falling back to Q4_0   
warning: blk.20.attn_v.weight                 - ncols    896 not divisible by 256 (required for type Q4_K   ) -> falling back to Q5_0   
warning: blk.20.ffn_gate.weight               - ncols    896 not divisible by 256 (required for type Q3_K   ) -> falling back to Q4_0   
warning: blk.20.ffn_up.weight                 - ncols    896 not divisible by 256 (required for type Q3_K   ) -> falling back to Q4_0   
warning: blk.21.attn_k.weight                 - ncols    896 not divisible by 256 (required for type Q3_K   ) -> falling back to Q4_0   
warning: blk.21.attn_output.weight            - ncols    896 not divisible by 256 (required for type Q4_K   ) -> falling back to Q5_0   
warning: blk.21.attn_q.weight                 - ncols    896 not divisible by 256 (required for type Q3_K   ) -> falling back to Q4_0   
warning: blk.21.attn_v.weight                 - ncols    896 not divisible by 256 (required for type Q4_K   ) -> falling back to Q5_0   
warning: blk.21.ffn_gate.weight               - ncols    896 not divisible by 256 (required for type Q3_K   ) -> falling back to Q4_0   
warning: blk.21.ffn_up.weight                 - ncols    896 not divisible by 256 (required for type Q3_K   ) -> falling back to Q4_0   
warning: blk.22.attn_k.weight                 - ncols    896 not divisible by 256 (required for type Q3_K   ) -> falling back to Q4_0   
warning: blk.22.attn_output.weight            - ncols    896 not divisible by 256 (required for type Q4_K   ) -> falling back to Q5_0   
warning: blk.22.attn_q.weight                 - ncols    896 not divisible by 256 (required for type Q3_K   ) -> falling back to Q4_0   
warning: blk.22.attn_v.weight                 - ncols    896 not divisible by 256 (required for type Q4_K   ) -> falling back to Q5_0   
warning: blk.22.ffn_gate.weight               - ncols    896 not divisible by 256 (required for type Q3_K   ) -> falling back to Q4_0   
warning: blk.22.ffn_up.weight                 - ncols    896 not divisible by 256 (required for type Q3_K   ) -> falling back to Q4_0   
warning: blk.23.attn_k.weight                 - ncols    896 not divisible by 256 (required for type Q3_K   ) -> falling back to Q4_0   
warning: blk.23.attn_output.weight            - ncols    896 not divisible by 256 (required for type Q4_K   ) -> falling back to Q5_0   
warning: blk.23.attn_q.weight                 - ncols    896 not divisible by 256 (required for type Q3_K   ) -> falling back to Q4_0   
warning: blk.23.attn_v.weight                 - ncols    896 not divisible by 256 (required for type Q4_K   ) -> falling back to Q5_0   
warning: blk.23.ffn_gate.weight               - ncols    896 not divisible by 256 (required for type Q3_K   ) -> falling back to Q4_0   
warning: blk.23.ffn_up.weight                 - ncols    896 not divisible by 256 (required for type Q3_K   ) -> falling back to Q4_0   
warning: token_embd.weight                    - ncols    896 not divisible by 256 (required for type Q6_K   ) -> falling back to Q8_0   
warning: blk.0.attn_k.weight                  - ncols    896 not divisible by 256 (required for type Q6_K   ) -> falling back to Q8_0   
warning: blk.0.attn_output.weight             - ncols    896 not divisible by 256 (required for type Q6_K   ) -> falling back to Q8_0   
warning: blk.0.attn_q.weight                  - ncols    896 not divisible by 256 (required for type Q6_K   ) -> falling back to Q8_0   
warning: blk.0.attn_v.weight                  - ncols    896 not divisible by 256 (required for type Q6_K   ) -> falling back to Q8_0   
warning: blk.0.ffn_gate.weight                - ncols    896 not divisible by 256 (required for type Q6_K   ) -> falling back to Q8_0   
warning: blk.0.ffn_up.weight                  - ncols    896 not divisible by 256 (required for type Q6_K   ) -> falling back to Q8_0   
warning: blk.1.attn_k.weight                  - ncols    896 not divisible by 256 (required for type Q6_K   ) -> falling back to Q8_0   
warning: blk.1.attn_output.weight             - ncols    896 not divisible by 256 (required for type Q6_K   ) -> falling back to Q8_0   
warning: blk.1.attn_q.weight                  - ncols    896 not divisible by 256 (required for type Q6_K   ) -> falling back to Q8_0   
warning: blk.1.attn_v.weight                  - ncols    896 not divisible by 256 (required for type Q6_K   ) -> falling back to Q8_0   
warning: blk.1.ffn_gate.weight                - ncols    896 not divisible by 256 (required for type Q6_K   ) -> falling back to Q8_0   
warning: blk.1.ffn_up.weight                  - ncols    896 not divisible by 256 (required for type Q6_K   ) -> falling back to Q8_0   
warning: blk.2.attn_k.weight                  - ncols    896 not divisible by 256 (required for type Q6_K   ) -> falling back to Q8_0   
warning: blk.2.attn_output.weight             - ncols    896 not divisible by 256 (required for type Q6_K   ) -> falling back to Q8_0   
warning: blk.2.attn_q.weight                  - ncols    896 not divisible by 256 (required for type Q6_K   ) -> falling back to Q8_0   
warning: blk.2.attn_v.weight                  - ncols    896 not divisible by 256 (required for type Q6_K   ) -> falling back to Q8_0   
warning: blk.2.ffn_gate.weight                - ncols    896 not divisible by 256 (required for type Q6_K   ) -> falling back to Q8_0   
warning: blk.2.ffn_up.weight                  - ncols    896 not divisible by 256 (required for type Q6_K   ) -> falling back to Q8_0   
warning: blk.3.attn_k.weight                  - ncols    896 not divisible by 256 (required for type Q6_K   ) -> falling back to Q8_0   
warning: blk.3.attn_output.weight             - ncols    896 not divisible by 256 (required for type Q6_K   ) -> falling back to Q8_0   
warning: blk.3.attn_q.weight                  - ncols    896 not divisible by 256 (required for type Q6_K   ) -> falling back to Q8_0   
warning: blk.3.attn_v.weight                  - ncols    896 not divisible by 256 (required for type Q6_K   ) -> falling back to Q8_0   
warning: blk.3.ffn_gate.weight                - ncols    896 not divisible by 256 (required for type Q6_K   ) -> falling back to Q8_0   
warning: blk.3.ffn_up.weight                  - ncols    896 not divisible by 256 (required for type Q6_K   ) -> falling back to Q8_0   
warning: blk.4.attn_k.weight                  - ncols    896 not divisible by 256 (required for type Q6_K   ) -> falling back to Q8_0   
warning: blk.4.attn_output.weight             - ncols    896 not divisible by 256 (required for type Q6_K   ) -> falling back to Q8_0   
warning: blk.4.attn_q.weight                  - ncols    896 not divisible by 256 (required for type Q6_K   ) -> falling back to Q8_0   
warning: blk.4.attn_v.weight                  - ncols    896 not divisible by 256 (required for type Q6_K   ) -> falling back to Q8_0   
warning: blk.4.ffn_gate.weight                - ncols    896 not divisible by 256 (required for type Q6_K   ) -> falling back to Q8_0   
warning: blk.4.ffn_up.weight                  - ncols    896 not divisible by 256 (required for type Q6_K   ) -> falling back to Q8_0   
warning: blk.5.attn_k.weight                  - ncols    896 not divisible by 256 (required for type Q6_K   ) -> falling back to Q8_0   
warning: blk.5.attn_output.weight             - ncols    896 not divisible by 256 (required for type Q6_K   ) -> falling back to Q8_0   
warning: blk.5.attn_q.weight                  - ncols    896 not divisible by 256 (required for type Q6_K   ) -> falling back to Q8_0   
warning: blk.5.attn_v.weight                  - ncols    896 not divisible by 256 (required for type Q6_K   ) -> falling back to Q8_0   
warning: blk.5.ffn_gate.weight                - ncols    896 not divisible by 256 (required for type Q6_K   ) -> falling back to Q8_0   
warning: blk.5.ffn_up.weight                  - ncols    896 not divisible by 256 (required for type Q6_K   ) -> falling back to Q8_0   
warning: blk.6.attn_k.weight                  - ncols    896 not divisible by 256 (required for type Q6_K   ) -> falling back to Q8_0   
warning: blk.6.attn_output.weight             - ncols    896 not divisible by 256 (required for type Q6_K   ) -> falling back to Q8_0   
warning: blk.6.attn_q.weight                  - ncols    896 not divisible by 256 (required for type Q6_K   ) -> falling back to Q8_0   
warning: blk.6.attn_v.weight                  - ncols    896 not divisible by 256 (required for type Q6_K   ) -> falling back to Q8_0   
warning: blk.6.ffn_gate.weight                - ncols    896 not divisible by 256 (required for type Q6_K   ) -> falling back to Q8_0   
warning: blk.6.ffn_up.weight                  - ncols    896 not divisible by 256 (required for type Q6_K   ) -> falling back to Q8_0   
warning: blk.7.attn_k.weight                  - ncols    896 not divisible by 256 (required for type Q6_K   ) -> falling back to Q8_0   
warning: blk.7.attn_output.weight             - ncols    896 not divisible by 256 (required for type Q6_K   ) -> falling back to Q8_0   
warning: blk.7.attn_q.weight                  - ncols    896 not divisible by 256 (required for type Q6_K   ) -> falling back to Q8_0   
warning: blk.7.attn_v.weight                  - ncols    896 not divisible by 256 (required for type Q6_K   ) -> falling back to Q8_0   
warning: blk.7.ffn_gate.weight                - ncols    896 not divisible by 256 (required for type Q6_K   ) -> falling back to Q8_0   
warning: blk.7.ffn_up.weight                  - ncols    896 not divisible by 256 (required for type Q6_K   ) -> falling back to Q8_0   
warning: blk.8.attn_k.weight                  - ncols    896 not divisible by 256 (required for type Q6_K   ) -> falling back to Q8_0   
warning: blk.8.attn_output.weight             - ncols    896 not divisible by 256 (required for type Q6_K   ) -> falling back to Q8_0   
warning: blk.8.attn_q.weight                  - ncols    896 not divisible by 256 (required for type Q6_K   ) -> falling back to Q8_0   
warning: blk.8.attn_v.weight                  - ncols    896 not divisible by 256 (required for type Q6_K   ) -> falling back to Q8_0   
warning: blk.8.ffn_gate.weight                - ncols    896 not divisible by 256 (required for type Q6_K   ) -> falling back to Q8_0   
warning: blk.8.ffn_up.weight                  - ncols    896 not divisible by 256 (required for type Q6_K   ) -> falling back to Q8_0   
warning: blk.9.attn_k.weight                  - ncols    896 not divisible by 256 (required for type Q6_K   ) -> falling back to Q8_0   
warning: blk.9.attn_output.weight             - ncols    896 not divisible by 256 (required for type Q6_K   ) -> falling back to Q8_0   
warning: blk.9.attn_q.weight                  - ncols    896 not divisible by 256 (required for type Q6_K   ) -> falling back to Q8_0   
warning: blk.9.attn_v.weight                  - ncols    896 not divisible by 256 (required for type Q6_K   ) -> falling back to Q8_0   
warning: blk.9.ffn_gate.weight                - ncols    896 not divisible by 256 (required for type Q6_K   ) -> falling back to Q8_0   
warning: blk.9.ffn_up.weight                  - ncols    896 not divisible by 256 (required for type Q6_K   ) -> falling back to Q8_0   
warning: blk.10.attn_k.weight                 - ncols    896 not divisible by 256 (required for type Q6_K   ) -> falling back to Q8_0   
warning: blk.10.attn_output.weight            - ncols    896 not divisible by 256 (required for type Q6_K   ) -> falling back to Q8_0   
warning: blk.10.attn_q.weight                 - ncols    896 not divisible by 256 (required for type Q6_K   ) -> falling back to Q8_0   
warning: blk.10.attn_v.weight                 - ncols    896 not divisible by 256 (required for type Q6_K   ) -> falling back to Q8_0   
warning: blk.10.ffn_gate.weight               - ncols    896 not divisible by 256 (required for type Q6_K   ) -> falling back to Q8_0   
warning: blk.10.ffn_up.weight                 - ncols    896 not divisible by 256 (required for type Q6_K   ) -> falling back to Q8_0   
warning: blk.11.attn_k.weight                 - ncols    896 not divisible by 256 (required for type Q6_K   ) -> falling back to Q8_0   
warning: blk.11.attn_output.weight            - ncols    896 not divisible by 256 (required for type Q6_K   ) -> falling back to Q8_0   
warning: blk.11.attn_q.weight                 - ncols    896 not divisible by 256 (required for type Q6_K   ) -> falling back to Q8_0   
warning: blk.11.attn_v.weight                 - ncols    896 not divisible by 256 (required for type Q6_K   ) -> falling back to Q8_0   
warning: blk.11.ffn_gate.weight               - ncols    896 not divisible by 256 (required for type Q6_K   ) -> falling back to Q8_0   
warning: blk.11.ffn_up.weight                 - ncols    896 not divisible by 256 (required for type Q6_K   ) -> falling back to Q8_0   
warning: blk.12.attn_k.weight                 - ncols    896 not divisible by 256 (required for type Q6_K   ) -> falling back to Q8_0   
warning: blk.12.attn_output.weight            - ncols    896 not divisible by 256 (required for type Q6_K   ) -> falling back to Q8_0   
warning: blk.12.attn_q.weight                 - ncols    896 not divisible by 256 (required for type Q6_K   ) -> falling back to Q8_0   
warning: blk.12.attn_v.weight                 - ncols    896 not divisible by 256 (required for type Q6_K   ) -> falling back to Q8_0   
warning: blk.12.ffn_gate.weight               - ncols    896 not divisible by 256 (required for type Q6_K   ) -> falling back to Q8_0   
warning: blk.12.ffn_up.weight                 - ncols    896 not divisible by 256 (required for type Q6_K   ) -> falling back to Q8_0   
warning: blk.13.attn_k.weight                 - ncols    896 not divisible by 256 (required for type Q6_K   ) -> falling back to Q8_0   
warning: blk.13.attn_output.weight            - ncols    896 not divisible by 256 (required for type Q6_K   ) -> falling back to Q8_0   
warning: blk.13.attn_q.weight                 - ncols    896 not divisible by 256 (required for type Q6_K   ) -> falling back to Q8_0   
warning: blk.13.attn_v.weight                 - ncols    896 not divisible by 256 (required for type Q6_K   ) -> falling back to Q8_0   
warning: blk.13.ffn_gate.weight               - ncols    896 not divisible by 256 (required for type Q6_K   ) -> falling back to Q8_0   
warning: blk.13.ffn_up.weight                 - ncols    896 not divisible by 256 (required for type Q6_K   ) -> falling back to Q8_0   
warning: blk.14.attn_k.weight                 - ncols    896 not divisible by 256 (required for type Q6_K   ) -> falling back to Q8_0   
warning: blk.14.attn_output.weight            - ncols    896 not divisible by 256 (required for type Q6_K   ) -> falling back to Q8_0   
warning: blk.14.attn_q.weight                 - ncols    896 not divisible by 256 (required for type Q6_K   ) -> falling back to Q8_0   
warning: blk.14.attn_v.weight                 - ncols    896 not divisible by 256 (required for type Q6_K   ) -> falling back to Q8_0   
warning: blk.14.ffn_gate.weight               - ncols    896 not divisible by 256 (required for type Q6_K   ) -> falling back to Q8_0   
warning: blk.14.ffn_up.weight                 - ncols    896 not divisible by 256 (required for type Q6_K   ) -> falling back to Q8_0   
warning: blk.15.attn_k.weight                 - ncols    896 not divisible by 256 (required for type Q6_K   ) -> falling back to Q8_0   
warning: blk.15.attn_output.weight            - ncols    896 not divisible by 256 (required for type Q6_K   ) -> falling back to Q8_0   
warning: blk.15.attn_q.weight                 - ncols    896 not divisible by 256 (required for type Q6_K   ) -> falling back to Q8_0   
warning: blk.15.attn_v.weight                 - ncols    896 not divisible by 256 (required for type Q6_K   ) -> falling back to Q8_0   
warning: blk.15.ffn_gate.weight               - ncols    896 not divisible by 256 (required for type Q6_K   ) -> falling back to Q8_0   
warning: blk.15.ffn_up.weight                 - ncols    896 not divisible by 256 (required for type Q6_K   ) -> falling back to Q8_0   
warning: blk.16.attn_k.weight                 - ncols    896 not divisible by 256 (required for type Q6_K   ) -> falling back to Q8_0   
warning: blk.16.attn_output.weight            - ncols    896 not divisible by 256 (required for type Q6_K   ) -> falling back to Q8_0   
warning: blk.16.attn_q.weight                 - ncols    896 not divisible by 256 (required for type Q6_K   ) -> falling back to Q8_0   
warning: blk.16.attn_v.weight                 - ncols    896 not divisible by 256 (required for type Q6_K   ) -> falling back to Q8_0   
warning: blk.16.ffn_gate.weight               - ncols    896 not divisible by 256 (required for type Q6_K   ) -> falling back to Q8_0   
warning: blk.16.ffn_up.weight                 - ncols    896 not divisible by 256 (required for type Q6_K   ) -> falling back to Q8_0   
warning: blk.17.attn_k.weight                 - ncols    896 not divisible by 256 (required for type Q6_K   ) -> falling back to Q8_0   
warning: blk.17.attn_output.weight            - ncols    896 not divisible by 256 (required for type Q6_K   ) -> falling back to Q8_0   
warning: blk.17.attn_q.weight                 - ncols    896 not divisible by 256 (required for type Q6_K   ) -> falling back to Q8_0   
warning: blk.17.attn_v.weight                 - ncols    896 not divisible by 256 (required for type Q6_K   ) -> falling back to Q8_0   
warning: blk.17.ffn_gate.weight               - ncols    896 not divisible by 256 (required for type Q6_K   ) -> falling back to Q8_0   
warning: blk.17.ffn_up.weight                 - ncols    896 not divisible by 256 (required for type Q6_K   ) -> falling back to Q8_0   
warning: blk.18.attn_k.weight                 - ncols    896 not divisible by 256 (required for type Q6_K   ) -> falling back to Q8_0   
warning: blk.18.attn_output.weight            - ncols    896 not divisible by 256 (required for type Q6_K   ) -> falling back to Q8_0   
warning: blk.18.attn_q.weight                 - ncols    896 not divisible by 256 (required for type Q6_K   ) -> falling back to Q8_0   
warning: blk.18.attn_v.weight                 - ncols    896 not divisible by 256 (required for type Q6_K   ) -> falling back to Q8_0   
warning: blk.18.ffn_gate.weight               - ncols    896 not divisible by 256 (required for type Q6_K   ) -> falling back to Q8_0   
warning: blk.18.ffn_up.weight                 - ncols    896 not divisible by 256 (required for type Q6_K   ) -> falling back to Q8_0   
warning: blk.19.attn_k.weight                 - ncols    896 not divisible by 256 (required for type Q6_K   ) -> falling back to Q8_0   
warning: blk.19.attn_output.weight            - ncols    896 not divisible by 256 (required for type Q6_K   ) -> falling back to Q8_0   
warning: blk.19.attn_q.weight                 - ncols    896 not divisible by 256 (required for type Q6_K   ) -> falling back to Q8_0   
warning: blk.19.attn_v.weight                 - ncols    896 not divisible by 256 (required for type Q6_K   ) -> falling back to Q8_0   
warning: blk.19.ffn_gate.weight               - ncols    896 not divisible by 256 (required for type Q6_K   ) -> falling back to Q8_0   
warning: blk.19.ffn_up.weight                 - ncols    896 not divisible by 256 (required for type Q6_K   ) -> falling back to Q8_0   
warning: blk.20.attn_k.weight                 - ncols    896 not divisible by 256 (required for type Q6_K   ) -> falling back to Q8_0   
warning: blk.20.attn_output.weight            - ncols    896 not divisible by 256 (required for type Q6_K   ) -> falling back to Q8_0   
warning: blk.20.attn_q.weight                 - ncols    896 not divisible by 256 (required for type Q6_K   ) -> falling back to Q8_0   
warning: blk.20.attn_v.weight                 - ncols    896 not divisible by 256 (required for type Q6_K   ) -> falling back to Q8_0   
warning: blk.20.ffn_gate.weight               - ncols    896 not divisible by 256 (required for type Q6_K   ) -> falling back to Q8_0   
warning: blk.20.ffn_up.weight                 - ncols    896 not divisible by 256 (required for type Q6_K   ) -> falling back to Q8_0   
warning: blk.21.attn_k.weight                 - ncols    896 not divisible by 256 (required for type Q6_K   ) -> falling back to Q8_0   
warning: blk.21.attn_output.weight            - ncols    896 not divisible by 256 (required for type Q6_K   ) -> falling back to Q8_0   
warning: blk.21.attn_q.weight                 - ncols    896 not divisible by 256 (required for type Q6_K   ) -> falling back to Q8_0   
warning: blk.21.attn_v.weight                 - ncols    896 not divisible by 256 (required for type Q6_K   ) -> falling back to Q8_0   
warning: blk.21.ffn_gate.weight               - ncols    896 not divisible by 256 (required for type Q6_K   ) -> falling back to Q8_0   
warning: blk.21.ffn_up.weight                 - ncols    896 not divisible by 256 (required for type Q6_K   ) -> falling back to Q8_0   
warning: blk.22.attn_k.weight                 - ncols    896 not divisible by 256 (required for type Q6_K   ) -> falling back to Q8_0   
warning: blk.22.attn_output.weight            - ncols    896 not divisible by 256 (required for type Q6_K   ) -> falling back to Q8_0   
warning: blk.22.attn_q.weight                 - ncols    896 not divisible by 256 (required for type Q6_K   ) -> falling back to Q8_0   
warning: blk.22.attn_v.weight                 - ncols    896 not divisible by 256 (required for type Q6_K   ) -> falling back to Q8_0   
warning: blk.22.ffn_gate.weight               - ncols    896 not divisible by 256 (required for type Q6_K   ) -> falling back to Q8_0   
warning: blk.22.ffn_up.weight                 - ncols    896 not divisible by 256 (required for type Q6_K   ) -> falling back to Q8_0   
warning: blk.23.attn_k.weight                 - ncols    896 not divisible by 256 (required for type Q6_K   ) -> falling back to Q8_0   
warning: blk.23.attn_output.weight            - ncols    896 not divisible by 256 (required for type Q6_K   ) -> falling back to Q8_0   
warning: blk.23.attn_q.weight                 - ncols    896 not divisible by 256 (required for type Q6_K   ) -> falling back to Q8_0   
warning: blk.23.attn_v.weight                 - ncols    896 not divisible by 256 (required for type Q6_K   ) -> falling back to Q8_0   
warning: blk.23.ffn_gate.weight               - ncols    896 not divisible by 256 (required for type Q6_K   ) -> falling back to Q8_0   
warning: blk.23.ffn_up.weight                 - ncols    896 not divisible by 256 (required for type Q6_K   ) -> falling back to Q8_0   
ok

test result: ok. 9 passed; 0 failed; 0 ignored; 0 measured; 0 filtered out; finished in 0.00s

     Running tests/qwen35_e2e.rs (target/release/deps/qwen35_e2e-94e92159e0665750)

running 4 tests
test qwen35_27b_mtp_trunk_wiring ... ok
test qwen35_27b_params_and_weights ... ok
test qwen35_27b_reference_parity ... ignored, manual: 15.4 GiB model, prefill + 16 greedy decode steps in release
test qwen35_state_vs_full_recompute ... ignored, manual: 15.4 GiB model, two forwards (batch vs step-by-step)

test result: ok. 2 passed; 0 failed; 2 ignored; 0 measured; 0 filtered out; finished in 103.97s

     Running tests/qwen3_e2e.rs (target/release/deps/qwen3_e2e-f6944805a2e7a2bb)

running 4 tests
test qwen3_embedding_0_6b_long_prompt_parity ... ignored, manual: real model forward, 74-token prefill + 16 decode steps in release
test qwen3_embedding_0_6b_reference_parity ... ignored, manual: real model forward, prefill + 16 decode steps in release
test qwen3_embedding_fa_path_spread ... ignored, manual: real model forward, 2 x (74-token prefill + 16 steps) in release
test qwen3_embedding_hparams_and_params ... ok

test result: ok. 1 passed; 0 failed; 3 ignored; 0 measured; 0 filtered out; finished in 1.17s

     Running tests/qwen3_prefill_dump.rs (target/release/deps/qwen3_prefill_dump-ce17fd0b6d57df84)

running 2 tests
test gpt_oss_prefill_node_dump ... ignored, manual: real 12 GiB model forward
test qwen3_prefill_node_dump ... ignored, manual: real model forward, writes a node dump next to the C probe's

test result: ok. 0 passed; 0 failed; 2 ignored; 0 measured; 0 filtered out; finished in 0.00s

     Running tests/recurrent_state_e2e.rs (target/release/deps/recurrent_state_e2e-7dee869e3456cd06)

running 4 tests
test recurrent_state_dump_blobs ... ignored, dumps /tmp/arch-statekinds for parity/state_kinds_parity.sh
test recurrent_state_empty_and_rs_zero ... ok
test recurrent_state_round_trip ... ok
test recurrent_state_whole_context_round_trip ... ok

test result: ok. 3 passed; 0 failed; 1 ignored; 0 measured; 0 filtered out; finished in 0.19s

     Running tests/sampler_dry_parity.rs (target/release/deps/sampler_dry_parity-83ff1a2637373241)

running 3 tests
test dry_adaptive_infill_parity ... ok
test dry_testing_and_disabled_paths ... ok
test sampler_type_name_and_char_mapping ... ok

test result: ok. 3 passed; 0 failed; 0 ignored; 0 measured; 0 filtered out; finished in 0.38s

     Running tests/saver_e2e.rs (target/release/deps/saver_e2e-d26d62924a83dc1c)

running 2 tests
test byte_identical_to_reference_saver ... ok
test saves_and_round_trips_qwen25 ... ok

test result: ok. 2 passed; 0 failed; 0 ignored; 0 measured; 0 filtered out; finished in 2.27s

     Running tests/speculative_e2e.rs (target/release/deps/speculative_e2e-fcfd54f4f3d5d429)

running 10 tests
test spec_accept_rule_on_synthetic_logits ... ok
test spec_draft_types_and_vocab_compat ... ok
test spec_driver_shape_logit_equivalence ... ignored, manual: 7B driver-shape drift probe
test spec_margin_scan ... ignored, manual: 7B scan over several prompts
test spec_merge_split_target ... ignored, writes ~4.7 GiB to /tmp/spec-models/
test spec_multitoken_forward_cost ... ignored, manual: 7B forward-shape timings
test spec_ngram_family_self_drafting_matches_plain_greedy ... ok
test spec_qwen05_7b_matches_plain_greedy ... ignored, loads the 7B target (~5 GiB RSS); run spec_merge_split_target first
test spec_same_model_draft_target_matches_plain_greedy ... ok
test spec_same_model_stochastic_matches_plain ... ok

test result: ok. 5 passed; 0 failed; 5 ignored; 0 measured; 0 filtered out; finished in 16.07s

     Running tests/state_kinds_e2e.rs (target/release/deps/state_kinds_e2e-9ea83df134a52f2e)

running 3 tests
test state_kinds_dump_blobs ... ignored, dumps /tmp/arch-statekinds for parity/state_kinds_parity.sh
test state_kinds_round_trip ... ok
test state_kinds_whole_context_round_trip ... ok

test result: ok. 2 passed; 0 failed; 1 ignored; 0 measured; 0 filtered out; finished in 0.35s

     Running tests/swa_e2e.rs (target/release/deps/swa_e2e-a6034ecd7cc2c2b3)

running 7 tests
test gemma4_12b_long_context_swa_parity ... ignored, manual: 6.5 GiB model, 1164-token prefill + 16 greedy steps in release
test gemma4_12b_long_context_unified_baseline ... ignored, manual: 6.5 GiB model, 1164-token prefill + 16 greedy steps in release
test swa_gemma4_12b_hparams_and_geometry ... ok
test swa_gemma4_26b_a4b_hparams_and_geometry ... ok
test swa_gpt_oss_20b_hparams_and_geometry ... ok
test swa_long_prompt_tokenization ... ok
test swa_synthetic_window_matches_naive ... ok

test result: ok. 5 passed; 0 failed; 2 ignored; 0 measured; 0 filtered out; finished in 88.29s

     Running tests/t5_dec_e2e.rs (target/release/deps/t5_dec_e2e-9061f36b1d23f303)

running 4 tests
test t5_decoder_load_and_chain ... ok
test t5_decoder_reference_bitcompare ... ignored, needs /tmp/mtp2/t5-dec-ref.bin (parity/gen_t5_dec_ref.sh)
test t5_encoder_node_dump ... ignored, debug probe: T5_NODES=1 dumps the encoder node stream
test t5_encoder_rows_isolate ... ignored, debug probe

test result: ok. 1 passed; 0 failed; 3 ignored; 0 measured; 0 filtered out; finished in 0.11s

     Running tests/t5_e2e.rs (target/release/deps/t5_e2e-152bf240f3ba652a)

running 5 tests
test relative_position_bucket_matches_reference ... ok
test t5encoder_reference_dump_shape ... ok
test t5encoder_xxl_encode_graph_shape ... ok
test t5encoder_xxl_encode_vs_reference ... ignored
test t5encoder_xxl_loader_tensor_map ... ok

test result: ok. 4 passed; 0 failed; 1 ignored; 0 measured; 0 filtered out; finished in 6.27s

     Running tests/tts_archs_e2e.rs (target/release/deps/tts_archs_e2e-2260ef0451e876d0)

running 3 tests
test pockettts_synthetic_load_and_graph ... ok
test qwen3tts_synthetic_load ... ok
test wavtokenizer_synthetic_load_and_graph ... ok

test result: ok. 3 passed; 0 failed; 0 ignored; 0 measured; 0 filtered out; finished in 0.12s

     Running tests/tts_gen_e2e.rs (target/release/deps/tts_gen_e2e-9a9903e217061fb1)

running 2 tests
test pockettts_gen_code_and_wav ... ok
test qwen3tts_gen_code_and_wav ... ok

test result: ok. 2 passed; 0 failed; 0 ignored; 0 measured; 0 filtered out; finished in 1.30s

     Running tests/tts_pipeline_e2e.rs (target/release/deps/tts_pipeline_e2e-7318fafdeb3e174c)

running 3 tests
test gen_talker_embd_rows_match_token_path ... ok
test pockettts_pipeline_e2e ... ok
test qwen3tts_pipeline_e2e ... ok

test result: ok. 3 passed; 0 failed; 0 ignored; 0 measured; 0 filtered out; finished in 1.35s

     Running unittests src/main.rs (target/release/deps/llama_bench-39cfd631a0eff660)

running 20 tests
test engine::tests::gen_token_count_is_n_gen ... ok
test engine::tests::prompt_token_stream_and_batching ... ok
test engine::tests::ubatch_split_positions ... ok
test model_info::tests::ftype_names_match_the_reference_table ... ok
test params::tests::arg_parsing_and_defaults ... ok
test params::tests::instance_matrix_order_and_expansion ... ok
test params::tests::int_range_matches_the_c_regex ... ok
test params::tests::split_keeps_empty_fields ... ok
test report::tests::aggregate_rounding_matches_hand_computation ... ok
test report::tests::csv_header_and_row_text ... ok
test report::tests::fields_and_types_match_the_c_tables ... ok
test report::tests::json_and_jsonl_text ... ok
test report::tests::markdown_header_column_selection ... ok
test report::tests::markdown_row_and_footer_text ... ok
test report::tests::sql_text ... ok
test report::tests::values_follow_the_c_aggregation ... ok
test util::tests::avg_and_stdev_match_c_formula ... ok
test util::tests::cpp_stream_double_formatting ... ok
test util::tests::glibc_rand_matches_the_c_stream ... ok
test util::tests::rfc3339_format_is_utc ... ok

test result: ok. 20 passed; 0 failed; 0 ignored; 0 measured; 0 filtered out; finished in 0.01s

     Running unittests src/main.rs (target/release/deps/llama_cli-b2519c9dc0024c68)

running 5 tests
test diffusion::tests::confidence_per_algorithm ... ok
test diffusion::tests::gumbel_noise_shape ... ok
test diffusion::tests::num_transfer_tokens_even_split ... ok
test diffusion::tests::transfer_count_block_and_default ... ok
test diffusion::tests::transfer_count_timestep_schedule ... ok

test result: ok. 5 passed; 0 failed; 0 ignored; 0 measured; 0 filtered out; finished in 0.00s

     Running unittests src/main.rs (target/release/deps/llama_gguf-9debc3cdf1ea9e19)

running 2 tests
test tests::type_names_match_ggml_spelling ... ok
test tests::value_formatting_and_truncation ... ok

test result: ok. 2 passed; 0 failed; 0 ignored; 0 measured; 0 filtered out; finished in 0.00s

     Running unittests src/main.rs (target/release/deps/llama_gguf_split-56a4b1e2a7c32407)

running 4 tests
test tests::no_tensor_first_split_makes_metadata_only_file ... ok
test tests::parse_and_size_parsing ... ok
test tests::split_merge_roundtrip_and_split_kv ... ok
test tests::split_naming_helpers ... ok

test result: ok. 4 passed; 0 failed; 0 ignored; 0 measured; 0 filtered out; finished in 0.00s

     Running unittests src/main.rs (target/release/deps/llama_imatrix-6cff6b751ecc83bc)

running 3 tests
test tests::arg_parsing ... ok
test tests::nll_matches_reference_formula ... ok
test tests::tensor_name_split ... ok

test result: ok. 3 passed; 0 failed; 0 ignored; 0 measured; 0 filtered out; finished in 0.00s

     Running unittests src/main.rs (target/release/deps/llama_mtmd_cli-a128357a21da6012)

running 0 tests

test result: ok. 0 passed; 0 failed; 0 ignored; 0 measured; 0 filtered out; finished in 0.00s

     Running unittests src/main.rs (target/release/deps/llama_perplexity-1877e88771a32e25)

running 11 tests
test scorers::tests::compute_logprobs_definition ... ok
test scorers::tests::getline_variants ... ok
test scorers::tests::lemire_matches_libstdcpp_vectors ... ok
test scorers::tests::mc_dataset_serialization_roundtrip ... ok
test scorers::tests::mt19937_reference_vectors ... ok
test scorers::tests::scale_draw_matches_libstdcpp_vectors ... ok
test scorers::tests::softmax_f32_math ... ok
test scorers::tests::winogrande_csv_parsing ... ok
test tests::arg_parsing ... ok
test tests::chunk_count_semantics ... ok
test tests::nll_matches_log_softmax_definition ... ok

test result: ok. 11 passed; 0 failed; 0 ignored; 0 measured; 0 filtered out; finished in 0.00s

     Running unittests src/main.rs (target/release/deps/llama_quantize-0aa29243e904f6f2)

running 0 tests

test result: ok. 0 passed; 0 failed; 0 ignored; 0 measured; 0 filtered out; finished in 0.00s

     Running tests/parity.rs (target/release/deps/parity-953a78d864ffcee4)

running 3 tests
test mini_model_roundtrip ... ok
test parity_vs_reference_binary ... ignored, runs the reference binary on a 491 MB model (see module docs)
test rust_output_is_loadable ... ignored, runs the reference binary on a 491 MB model (see module docs)

test result: ok. 1 passed; 0 failed; 2 ignored; 0 measured; 0 filtered out; finished in 0.01s

     Running unittests src/main.rs (target/release/deps/llama_server-39322ffd7910b4c6)

running 55 tests
test chat::tests::chat_prompt_matches_vocab_when_no_repeat ... ok
test chat::tests::chat_prompt_special_tokens ... ok
test chat::tests::chat_prompt_special_tokens_long ... ok
test chat::tests::tools_apply_and_parse ... ok
test chat::tests::tools_parse_plain_answer ... ok
test chat::tests::tools_required_eager_grammar ... ok
test engine::lazy_trigger_tests::filename_validation ... ok
test engine::lazy_trigger_tests::functionary_lookahead_blocks_all ... ok
test engine::lazy_trigger_tests::gptoss_anchored_pattern_full_match_only ... ok
test engine::lazy_trigger_tests::gptoss_pattern_fires_at_capture_start ... ok
test engine::lazy_trigger_tests::lazy_trigger_reference_replay ... ok
test engine::lazy_trigger_tests::muse_pattern_incremental_fire ... ok
test engine::lazy_trigger_tests::pattern_full_anchor_splice ... ok
test engine::lazy_trigger_tests::pattern_full_end_to_end ... ok
test engine::lazy_trigger_tests::pattern_priority_is_declaration_order ... ok
test engine::lazy_trigger_tests::server_tokens_state_round_trip ... ok
test http::tests::api_prefix_routes_and_dispatch_table ... ok
test http::tests::multipart_boundary_parsing ... ok
test http::tests::multipart_form_parse_escapes_and_crlf_in_content ... ok
test http::tests::multipart_form_parse_fields_and_binary_files ... ok
test server_mcp::tests::cursor_format_parse ... ok
test server_mcp::tests::mcp_result_to_response_contract ... ok
test server_mcp::tests::rpc_error_message_shapes ... ok
test server_mcp::tests::stdio_transport_handshake_and_call ... ok
test server_tools::multipart_tests::boundary_shape ... ok
test server_tools::multipart_tests::multipart_body_rebuild ... ok
test server_tools::multipart_tests::multipart_sanitize_and_errors ... ok
test server_tools::tests::exec_shell_command_contract ... ok
test server_tools::tests::expand_home_shapes ... ok
test server_tools::tests::file_glob_search_shape ... ok
test server_tools::tests::get_info_shape ... ok
test server_tools::tests::glob_match_c_semantics ... ok
test server_tools::tests::grep_search_shape ... ok
test server_tools::tests::path_glob_match_anchoring ... ok
test server_tools::tests::read_file_line_range_and_loc ... ok
test server_tools::tests::setup_validation ... ok
test server_tools::tests::ssh_target_and_quote_contracts ... ok
test server_tools::tests::tool_schemas_exposure ... ok
test server_tools::tests::write_then_edit_file_roundtrip ... ok
test subproc::tests::combined_stderr_merges_onto_stdout ... ok
test subproc::tests::env_override_reaches_the_child ... ok
test subproc::tests::missing_binary_fails_to_spawn ... ok
test subproc::tests::spawn_argv_capture_and_join ... ok
test subproc::tests::terminate_kills_a_hung_child ... ok
test tests::arg_host_port_and_defaults ... ok
test tests::lora_args ... ok
test tests::malformed_json_message ... ok
test tests::n_ctx_padding ... ok
test ui::tests::asset_mime_table ... ok
test ui::tests::cached_asset_semantics ... ok
test ui::tests::empty_table_matches_reference_build ... ok
test ui::tests::gzip_gate ... ok
test ui::tests::mount_serving ... ok
test ui::tests::nocache_names ... ok
test ui::tests::sw_removal_response_matches_reference ... ok

test result: ok. 55 passed; 0 failed; 0 ignored; 0 measured; 0 filtered out; finished in 0.64s

     Running unittests src/main.rs (target/release/deps/llama_tokenize-f21c6d9cad38dff9)

running 1 test
test tests::escapes_match_string_process_escapes ... ok

test result: ok. 1 passed; 0 failed; 0 ignored; 0 measured; 0 filtered out; finished in 0.00s

   Doc-tests common

running 0 tests

test result: ok. 0 passed; 0 failed; 0 ignored; 0 measured; 0 filtered out; finished in 0.00s

   Doc-tests ggml

running 0 tests

test result: ok. 0 passed; 0 failed; 0 ignored; 0 measured; 0 filtered out; finished in 0.00s

   Doc-tests llama
warning: unnecessary parentheses around assigned value
    --> crates/llama/src/mtmd_audio.rs:1851:13
     |
1851 |             ((samples_padded.len() as i64 - frame_size as i64) / frame_step as i64 + 1);
     |             ^                                                                         ^
     |
     = note: `#[warn(unused_parens)]` (part of `#[warn(unused)]`) on by default
help: remove these parentheses
     |
1851 -             ((samples_padded.len() as i64 - frame_size as i64) / frame_step as i64 + 1);
1851 +             (samples_padded.len() as i64 - frame_size as i64) / frame_step as i64 + 1;
     |

warning: 1 warning emitted


running 0 tests

test result: ok. 0 passed; 0 failed; 0 ignored; 0 measured; 0 filtered out; finished in 0.00s

