//! unicode_data.rs — generated from llama.cpp src/unicode-data.cpp
//! by unicode_gen.py (one-shot conversion). Do not edit by hand.

/// (start, flags) pairs, sorted by start; last range ends at MAX_CODEPOINTS.
pub const UNICODE_RANGES_FLAGS: &[(u32, u16)] = &[
    (0x000000, 0x0080),
    (0x000020, 0x0008),
    (0x000021, 0x0020),
    (0x000024, 0x0040),
    (0x000025, 0x0020),
    (0x00002b, 0x0040),
    (0x00002c, 0x0020),
    (0x000030, 0x0002),
    (0x00003a, 0x0020),
    (0x00003c, 0x0040),
    (0x00003f, 0x0020),
    (0x000041, 0x0004),
    (0x00005b, 0x0020),
    (0x00005e, 0x0040),
    (0x00005f, 0x0020),
    (0x000060, 0x0040),
    (0x000061, 0x0004),
    (0x00007b, 0x0020),
    (0x00007c, 0x0040),
    (0x00007d, 0x0020),
    (0x00007e, 0x0040),
    (0x00007f, 0x0080),
    (0x0000a0, 0x0008),
    (0x0000a1, 0x0020),
    (0x0000a2, 0x0040),
    (0x0000a7, 0x0020),
    (0x0000a8, 0x0040),
    (0x0000aa, 0x0004),
    (0x0000ab, 0x0020),
    (0x0000ac, 0x0040),
    (0x0000ad, 0x0080),
    (0x0000ae, 0x0040),
    (0x0000b2, 0x0002),
    (0x0000b4, 0x0040),
    (0x0000b5, 0x0004),
    (0x0000b6, 0x0020),
    (0x0000b8, 0x0040),
    (0x0000b9, 0x0002),
    (0x0000ba, 0x0004),
    (0x0000bb, 0x0020),
    (0x0000bc, 0x0002),
    (0x0000bf, 0x0020),
    (0x0000c0, 0x0004),
    (0x0000d7, 0x0040),
    (0x0000d8, 0x0004),
    (0x0000f7, 0x0040),
    (0x0000f8, 0x0004),
    (0x0002c2, 0x0040),
    (0x0002c6, 0x0004),
    (0x0002d2, 0x0040),
    (0x0002e0, 0x0004),
    (0x0002e5, 0x0040),
    (0x0002ec, 0x0004),
    (0x0002ed, 0x0040),
    (0x0002ee, 0x0004),
    (0x0002ef, 0x0040),
    (0x000300, 0x0010),
    (0x000370, 0x0004),
    (0x000375, 0x0040),
    (0x000376, 0x0004),
    (0x000378, 0x0001),
    (0x00037a, 0x0004),
    (0x00037e, 0x0020),
    (0x00037f, 0x0004),
    (0x000380, 0x0001),
    (0x000384, 0x0040),
    (0x000386, 0x0004),
    (0x000387, 0x0020),
    (0x000388, 0x0004),
    (0x00038b, 0x0001),
    (0x00038c, 0x0004),
    (0x00038d, 0x0001),
    (0x00038e, 0x0004),
    (0x0003a2, 0x0001),
    (0x0003a3, 0x0004),
    (0x0003f6, 0x0040),
    (0x0003f7, 0x0004),
    (0x000482, 0x0040),
    (0x000483, 0x0010),
    (0x00048a, 0x0004),
    (0x000530, 0x0001),
    (0x000531, 0x0004),
    (0x000557, 0x0001),
    (0x000559, 0x0004),
    (0x00055a, 0x0020),
    (0x000560, 0x0004),
    (0x000589, 0x0020),
    (0x00058b, 0x0001),
    (0x00058d, 0x0040),
    (0x000590, 0x0001),
    (0x000591, 0x0010),
    (0x0005be, 0x0020),
    (0x0005bf, 0x0010),
    (0x0005c0, 0x0020),
    (0x0005c1, 0x0010),
    (0x0005c3, 0x0020),
    (0x0005c4, 0x0010),
    (0x0005c6, 0x0020),
    (0x0005c7, 0x0010),
    (0x0005c8, 0x0001),
    (0x0005d0, 0x0004),
    (0x0005eb, 0x0001),
    (0x0005ef, 0x0004),
    (0x0005f3, 0x0020),
    (0x0005f5, 0x0001),
    (0x000600, 0x0080),
    (0x000606, 0x0040),
    (0x000609, 0x0020),
    (0x00060b, 0x0040),
    (0x00060c, 0x0020),
    (0x00060e, 0x0040),
    (0x000610, 0x0010),
    (0x00061b, 0x0020),
    (0x00061c, 0x0080),
    (0x00061d, 0x0020),
    (0x000620, 0x0004),
    (0x00064b, 0x0010),
    (0x000660, 0x0002),
    (0x00066a, 0x0020),
    (0x00066e, 0x0004),
    (0x000670, 0x0010),
    (0x000671, 0x0004),
    (0x0006d4, 0x0020),
    (0x0006d5, 0x0004),
    (0x0006d6, 0x0010),
    (0x0006dd, 0x0080),
    (0x0006de, 0x0040),
    (0x0006df, 0x0010),
    (0x0006e5, 0x0004),
    (0x0006e7, 0x0010),
    (0x0006e9, 0x0040),
    (0x0006ea, 0x0010),
    (0x0006ee, 0x0004),
    (0x0006f0, 0x0002),
    (0x0006fa, 0x0004),
    (0x0006fd, 0x0040),
    (0x0006ff, 0x0004),
    (0x000700, 0x0020),
    (0x00070e, 0x0001),
    (0x00070f, 0x0080),
    (0x000710, 0x0004),
    (0x000711, 0x0010),
    (0x000712, 0x0004),
    (0x000730, 0x0010),
    (0x00074b, 0x0001),
    (0x00074d, 0x0004),
    (0x0007a6, 0x0010),
    (0x0007b1, 0x0004),
    (0x0007b2, 0x0001),
    (0x0007c0, 0x0002),
    (0x0007ca, 0x0004),
    (0x0007eb, 0x0010),
    (0x0007f4, 0x0004),
    (0x0007f6, 0x0040),
    (0x0007f7, 0x0020),
    (0x0007fa, 0x0004),
    (0x0007fb, 0x0001),
    (0x0007fd, 0x0010),
    (0x0007fe, 0x0040),
    (0x000800, 0x0004),
    (0x000816, 0x0010),
    (0x00081a, 0x0004),
    (0x00081b, 0x0010),
    (0x000824, 0x0004),
    (0x000825, 0x0010),
    (0x000828, 0x0004),
    (0x000829, 0x0010),
    (0x00082e, 0x0001),
    (0x000830, 0x0020),
    (0x00083f, 0x0001),
    (0x000840, 0x0004),
    (0x000859, 0x0010),
    (0x00085c, 0x0001),
    (0x00085e, 0x0020),
    (0x00085f, 0x0001),
    (0x000860, 0x0004),
    (0x00086b, 0x0001),
    (0x000870, 0x0004),
    (0x000888, 0x0040),
    (0x000889, 0x0004),
    (0x00088f, 0x0001),
    (0x000890, 0x0080),
    (0x000892, 0x0001),
    (0x000898, 0x0010),
    (0x0008a0, 0x0004),
    (0x0008ca, 0x0010),
    (0x0008e2, 0x0080),
    (0x0008e3, 0x0010),
    (0x000904, 0x0004),
    (0x00093a, 0x0010),
    (0x00093d, 0x0004),
    (0x00093e, 0x0010),
    (0x000950, 0x0004),
    (0x000951, 0x0010),
    (0x000958, 0x0004),
    (0x000962, 0x0010),
    (0x000964, 0x0020),
    (0x000966, 0x0002),
    (0x000970, 0x0020),
    (0x000971, 0x0004),
    (0x000981, 0x0010),
    (0x000984, 0x0001),
    (0x000985, 0x0004),
    (0x00098d, 0x0001),
    (0x00098f, 0x0004),
    (0x000991, 0x0001),
    (0x000993, 0x0004),
    (0x0009a9, 0x0001),
    (0x0009aa, 0x0004),
    (0x0009b1, 0x0001),
    (0x0009b2, 0x0004),
    (0x0009b3, 0x0001),
    (0x0009b6, 0x0004),
    (0x0009ba, 0x0001),
    (0x0009bc, 0x0010),
    (0x0009bd, 0x0004),
    (0x0009be, 0x0010),
    (0x0009c5, 0x0001),
    (0x0009c7, 0x0010),
    (0x0009c9, 0x0001),
    (0x0009cb, 0x0010),
    (0x0009ce, 0x0004),
    (0x0009cf, 0x0001),
    (0x0009d7, 0x0010),
    (0x0009d8, 0x0001),
    (0x0009dc, 0x0004),
    (0x0009de, 0x0001),
    (0x0009df, 0x0004),
    (0x0009e2, 0x0010),
    (0x0009e4, 0x0001),
    (0x0009e6, 0x0002),
    (0x0009f0, 0x0004),
    (0x0009f2, 0x0040),
    (0x0009f4, 0x0002),
    (0x0009fa, 0x0040),
    (0x0009fc, 0x0004),
    (0x0009fd, 0x0020),
    (0x0009fe, 0x0010),
    (0x0009ff, 0x0001),
    (0x000a01, 0x0010),
    (0x000a04, 0x0001),
    (0x000a05, 0x0004),
    (0x000a0b, 0x0001),
    (0x000a0f, 0x0004),
    (0x000a11, 0x0001),
    (0x000a13, 0x0004),
    (0x000a29, 0x0001),
    (0x000a2a, 0x0004),
    (0x000a31, 0x0001),
    (0x000a32, 0x0004),
    (0x000a34, 0x0001),
    (0x000a35, 0x0004),
    (0x000a37, 0x0001),
    (0x000a38, 0x0004),
    (0x000a3a, 0x0001),
    (0x000a3c, 0x0010),
    (0x000a3d, 0x0001),
    (0x000a3e, 0x0010),
    (0x000a43, 0x0001),
    (0x000a47, 0x0010),
    (0x000a49, 0x0001),
    (0x000a4b, 0x0010),
    (0x000a4e, 0x0001),
    (0x000a51, 0x0010),
    (0x000a52, 0x0001),
    (0x000a59, 0x0004),
    (0x000a5d, 0x0001),
    (0x000a5e, 0x0004),
    (0x000a5f, 0x0001),
    (0x000a66, 0x0002),
    (0x000a70, 0x0010),
    (0x000a72, 0x0004),
    (0x000a75, 0x0010),
    (0x000a76, 0x0020),
    (0x000a77, 0x0001),
    (0x000a81, 0x0010),
    (0x000a84, 0x0001),
    (0x000a85, 0x0004),
    (0x000a8e, 0x0001),
    (0x000a8f, 0x0004),
    (0x000a92, 0x0001),
    (0x000a93, 0x0004),
    (0x000aa9, 0x0001),
    (0x000aaa, 0x0004),
    (0x000ab1, 0x0001),
    (0x000ab2, 0x0004),
    (0x000ab4, 0x0001),
    (0x000ab5, 0x0004),
    (0x000aba, 0x0001),
    (0x000abc, 0x0010),
    (0x000abd, 0x0004),
    (0x000abe, 0x0010),
    (0x000ac6, 0x0001),
    (0x000ac7, 0x0010),
    (0x000aca, 0x0001),
    (0x000acb, 0x0010),
    (0x000ace, 0x0001),
    (0x000ad0, 0x0004),
    (0x000ad1, 0x0001),
    (0x000ae0, 0x0004),
    (0x000ae2, 0x0010),
    (0x000ae4, 0x0001),
    (0x000ae6, 0x0002),
    (0x000af0, 0x0020),
    (0x000af1, 0x0040),
    (0x000af2, 0x0001),
    (0x000af9, 0x0004),
    (0x000afa, 0x0010),
    (0x000b00, 0x0001),
    (0x000b01, 0x0010),
    (0x000b04, 0x0001),
    (0x000b05, 0x0004),
    (0x000b0d, 0x0001),
    (0x000b0f, 0x0004),
    (0x000b11, 0x0001),
    (0x000b13, 0x0004),
    (0x000b29, 0x0001),
    (0x000b2a, 0x0004),
    (0x000b31, 0x0001),
    (0x000b32, 0x0004),
    (0x000b34, 0x0001),
    (0x000b35, 0x0004),
    (0x000b3a, 0x0001),
    (0x000b3c, 0x0010),
    (0x000b3d, 0x0004),
    (0x000b3e, 0x0010),
    (0x000b45, 0x0001),
    (0x000b47, 0x0010),
    (0x000b49, 0x0001),
    (0x000b4b, 0x0010),
    (0x000b4e, 0x0001),
    (0x000b55, 0x0010),
    (0x000b58, 0x0001),
    (0x000b5c, 0x0004),
    (0x000b5e, 0x0001),
    (0x000b5f, 0x0004),
    (0x000b62, 0x0010),
    (0x000b64, 0x0001),
    (0x000b66, 0x0002),
    (0x000b70, 0x0040),
    (0x000b71, 0x0004),
    (0x000b72, 0x0002),
    (0x000b78, 0x0001),
    (0x000b82, 0x0010),
    (0x000b83, 0x0004),
    (0x000b84, 0x0001),
    (0x000b85, 0x0004),
    (0x000b8b, 0x0001),
    (0x000b8e, 0x0004),
    (0x000b91, 0x0001),
    (0x000b92, 0x0004),
    (0x000b96, 0x0001),
    (0x000b99, 0x0004),
    (0x000b9b, 0x0001),
    (0x000b9c, 0x0004),
    (0x000b9d, 0x0001),
    (0x000b9e, 0x0004),
    (0x000ba0, 0x0001),
    (0x000ba3, 0x0004),
    (0x000ba5, 0x0001),
    (0x000ba8, 0x0004),
    (0x000bab, 0x0001),
    (0x000bae, 0x0004),
    (0x000bba, 0x0001),
    (0x000bbe, 0x0010),
    (0x000bc3, 0x0001),
    (0x000bc6, 0x0010),
    (0x000bc9, 0x0001),
    (0x000bca, 0x0010),
    (0x000bce, 0x0001),
    (0x000bd0, 0x0004),
    (0x000bd1, 0x0001),
    (0x000bd7, 0x0010),
    (0x000bd8, 0x0001),
    (0x000be6, 0x0002),
    (0x000bf3, 0x0040),
    (0x000bfb, 0x0001),
    (0x000c00, 0x0010),
    (0x000c05, 0x0004),
    (0x000c0d, 0x0001),
    (0x000c0e, 0x0004),
    (0x000c11, 0x0001),
    (0x000c12, 0x0004),
    (0x000c29, 0x0001),
    (0x000c2a, 0x0004),
    (0x000c3a, 0x0001),
    (0x000c3c, 0x0010),
    (0x000c3d, 0x0004),
    (0x000c3e, 0x0010),
    (0x000c45, 0x0001),
    (0x000c46, 0x0010),
    (0x000c49, 0x0001),
    (0x000c4a, 0x0010),
    (0x000c4e, 0x0001),
    (0x000c55, 0x0010),
    (0x000c57, 0x0001),
    (0x000c58, 0x0004),
    (0x000c5b, 0x0001),
    (0x000c5d, 0x0004),
    (0x000c5e, 0x0001),
    (0x000c60, 0x0004),
    (0x000c62, 0x0010),
    (0x000c64, 0x0001),
    (0x000c66, 0x0002),
    (0x000c70, 0x0001),
    (0x000c77, 0x0020),
    (0x000c78, 0x0002),
    (0x000c7f, 0x0040),
    (0x000c80, 0x0004),
    (0x000c81, 0x0010),
    (0x000c84, 0x0020),
    (0x000c85, 0x0004),
    (0x000c8d, 0x0001),
    (0x000c8e, 0x0004),
    (0x000c91, 0x0001),
    (0x000c92, 0x0004),
    (0x000ca9, 0x0001),
    (0x000caa, 0x0004),
    (0x000cb4, 0x0001),
    (0x000cb5, 0x0004),
    (0x000cba, 0x0001),
    (0x000cbc, 0x0010),
    (0x000cbd, 0x0004),
    (0x000cbe, 0x0010),
    (0x000cc5, 0x0001),
    (0x000cc6, 0x0010),
    (0x000cc9, 0x0001),
    (0x000cca, 0x0010),
    (0x000cce, 0x0001),
    (0x000cd5, 0x0010),
    (0x000cd7, 0x0001),
    (0x000cdd, 0x0004),
    (0x000cdf, 0x0001),
    (0x000ce0, 0x0004),
    (0x000ce2, 0x0010),
    (0x000ce4, 0x0001),
    (0x000ce6, 0x0002),
    (0x000cf0, 0x0001),
    (0x000cf1, 0x0004),
    (0x000cf3, 0x0010),
    (0x000cf4, 0x0001),
    (0x000d00, 0x0010),
    (0x000d04, 0x0004),
    (0x000d0d, 0x0001),
    (0x000d0e, 0x0004),
    (0x000d11, 0x0001),
    (0x000d12, 0x0004),
    (0x000d3b, 0x0010),
    (0x000d3d, 0x0004),
    (0x000d3e, 0x0010),
    (0x000d45, 0x0001),
    (0x000d46, 0x0010),
    (0x000d49, 0x0001),
    (0x000d4a, 0x0010),
    (0x000d4e, 0x0004),
    (0x000d4f, 0x0040),
    (0x000d50, 0x0001),
    (0x000d54, 0x0004),
    (0x000d57, 0x0010),
    (0x000d58, 0x0002),
    (0x000d5f, 0x0004),
    (0x000d62, 0x0010),
    (0x000d64, 0x0001),
    (0x000d66, 0x0002),
    (0x000d79, 0x0040),
    (0x000d7a, 0x0004),
    (0x000d80, 0x0001),
    (0x000d81, 0x0010),
    (0x000d84, 0x0001),
    (0x000d85, 0x0004),
    (0x000d97, 0x0001),
    (0x000d9a, 0x0004),
    (0x000db2, 0x0001),
    (0x000db3, 0x0004),
    (0x000dbc, 0x0001),
    (0x000dbd, 0x0004),
    (0x000dbe, 0x0001),
    (0x000dc0, 0x0004),
    (0x000dc7, 0x0001),
    (0x000dca, 0x0010),
    (0x000dcb, 0x0001),
    (0x000dcf, 0x0010),
    (0x000dd5, 0x0001),
    (0x000dd6, 0x0010),
    (0x000dd7, 0x0001),
    (0x000dd8, 0x0010),
    (0x000de0, 0x0001),
    (0x000de6, 0x0002),
    (0x000df0, 0x0001),
    (0x000df2, 0x0010),
    (0x000df4, 0x0020),
    (0x000df5, 0x0001),
    (0x000e01, 0x0004),
    (0x000e31, 0x0010),
    (0x000e32, 0x0004),
    (0x000e34, 0x0010),
    (0x000e3b, 0x0001),
    (0x000e3f, 0x0040),
    (0x000e40, 0x0004),
    (0x000e47, 0x0010),
    (0x000e4f, 0x0020),
    (0x000e50, 0x0002),
    (0x000e5a, 0x0020),
    (0x000e5c, 0x0001),
    (0x000e81, 0x0004),
    (0x000e83, 0x0001),
    (0x000e84, 0x0004),
    (0x000e85, 0x0001),
    (0x000e86, 0x0004),
    (0x000e8b, 0x0001),
    (0x000e8c, 0x0004),
    (0x000ea4, 0x0001),
    (0x000ea5, 0x0004),
    (0x000ea6, 0x0001),
    (0x000ea7, 0x0004),
    (0x000eb1, 0x0010),
    (0x000eb2, 0x0004),
    (0x000eb4, 0x0010),
    (0x000ebd, 0x0004),
    (0x000ebe, 0x0001),
    (0x000ec0, 0x0004),
    (0x000ec5, 0x0001),
    (0x000ec6, 0x0004),
    (0x000ec7, 0x0001),
    (0x000ec8, 0x0010),
    (0x000ecf, 0x0001),
    (0x000ed0, 0x0002),
    (0x000eda, 0x0001),
    (0x000edc, 0x0004),
    (0x000ee0, 0x0001),
    (0x000f00, 0x0004),
    (0x000f01, 0x0040),
    (0x000f04, 0x0020),
    (0x000f13, 0x0040),
    (0x000f14, 0x0020),
    (0x000f15, 0x0040),
    (0x000f18, 0x0010),
    (0x000f1a, 0x0040),
    (0x000f20, 0x0002),
    (0x000f34, 0x0040),
    (0x000f35, 0x0010),
    (0x000f36, 0x0040),
    (0x000f37, 0x0010),
    (0x000f38, 0x0040),
    (0x000f39, 0x0010),
    (0x000f3a, 0x0020),
    (0x000f3e, 0x0010),
    (0x000f40, 0x0004),
    (0x000f48, 0x0001),
    (0x000f49, 0x0004),
    (0x000f6d, 0x0001),
    (0x000f71, 0x0010),
    (0x000f85, 0x0020),
    (0x000f86, 0x0010),
    (0x000f88, 0x0004),
    (0x000f8d, 0x0010),
    (0x000f98, 0x0001),
    (0x000f99, 0x0010),
    (0x000fbd, 0x0001),
    (0x000fbe, 0x0040),
    (0x000fc6, 0x0010),
    (0x000fc7, 0x0040),
    (0x000fcd, 0x0001),
    (0x000fce, 0x0040),
    (0x000fd0, 0x0020),
    (0x000fd5, 0x0040),
    (0x000fd9, 0x0020),
    (0x000fdb, 0x0001),
    (0x001000, 0x0004),
    (0x00102b, 0x0010),
    (0x00103f, 0x0004),
    (0x001040, 0x0002),
    (0x00104a, 0x0020),
    (0x001050, 0x0004),
    (0x001056, 0x0010),
    (0x00105a, 0x0004),
    (0x00105e, 0x0010),
    (0x001061, 0x0004),
    (0x001062, 0x0010),
    (0x001065, 0x0004),
    (0x001067, 0x0010),
    (0x00106e, 0x0004),
    (0x001071, 0x0010),
    (0x001075, 0x0004),
    (0x001082, 0x0010),
    (0x00108e, 0x0004),
    (0x00108f, 0x0010),
    (0x001090, 0x0002),
    (0x00109a, 0x0010),
    (0x00109e, 0x0040),
    (0x0010a0, 0x0004),
    (0x0010c6, 0x0001),
    (0x0010c7, 0x0004),
    (0x0010c8, 0x0001),
    (0x0010cd, 0x0004),
    (0x0010ce, 0x0001),
    (0x0010d0, 0x0004),
    (0x0010fb, 0x0020),
    (0x0010fc, 0x0004),
    (0x001249, 0x0001),
    (0x00124a, 0x0004),
    (0x00124e, 0x0001),
    (0x001250, 0x0004),
    (0x001257, 0x0001),
    (0x001258, 0x0004),
    (0x001259, 0x0001),
    (0x00125a, 0x0004),
    (0x00125e, 0x0001),
    (0x001260, 0x0004),
    (0x001289, 0x0001),
    (0x00128a, 0x0004),
    (0x00128e, 0x0001),
    (0x001290, 0x0004),
    (0x0012b1, 0x0001),
    (0x0012b2, 0x0004),
    (0x0012b6, 0x0001),
    (0x0012b8, 0x0004),
    (0x0012bf, 0x0001),
    (0x0012c0, 0x0004),
    (0x0012c1, 0x0001),
    (0x0012c2, 0x0004),
    (0x0012c6, 0x0001),
    (0x0012c8, 0x0004),
    (0x0012d7, 0x0001),
    (0x0012d8, 0x0004),
    (0x001311, 0x0001),
    (0x001312, 0x0004),
    (0x001316, 0x0001),
    (0x001318, 0x0004),
    (0x00135b, 0x0001),
    (0x00135d, 0x0010),
    (0x001360, 0x0020),
    (0x001369, 0x0002),
    (0x00137d, 0x0001),
    (0x001380, 0x0004),
    (0x001390, 0x0040),
    (0x00139a, 0x0001),
    (0x0013a0, 0x0004),
    (0x0013f6, 0x0001),
    (0x0013f8, 0x0004),
    (0x0013fe, 0x0001),
    (0x001400, 0x0020),
    (0x001401, 0x0004),
    (0x00166d, 0x0040),
    (0x00166e, 0x0020),
    (0x00166f, 0x0004),
    (0x001680, 0x0008),
    (0x001681, 0x0004),
    (0x00169b, 0x0020),
    (0x00169d, 0x0001),
    (0x0016a0, 0x0004),
    (0x0016eb, 0x0020),
    (0x0016ee, 0x0002),
    (0x0016f1, 0x0004),
    (0x0016f9, 0x0001),
    (0x001700, 0x0004),
    (0x001712, 0x0010),
    (0x001716, 0x0001),
    (0x00171f, 0x0004),
    (0x001732, 0x0010),
    (0x001735, 0x0020),
    (0x001737, 0x0001),
    (0x001740, 0x0004),
    (0x001752, 0x0010),
    (0x001754, 0x0001),
    (0x001760, 0x0004),
    (0x00176d, 0x0001),
    (0x00176e, 0x0004),
    (0x001771, 0x0001),
    (0x001772, 0x0010),
    (0x001774, 0x0001),
    (0x001780, 0x0004),
    (0x0017b4, 0x0010),
    (0x0017d4, 0x0020),
    (0x0017d7, 0x0004),
    (0x0017d8, 0x0020),
    (0x0017db, 0x0040),
    (0x0017dc, 0x0004),
    (0x0017dd, 0x0010),
    (0x0017de, 0x0001),
    (0x0017e0, 0x0002),
    (0x0017ea, 0x0001),
    (0x0017f0, 0x0002),
    (0x0017fa, 0x0001),
    (0x001800, 0x0020),
    (0x00180b, 0x0010),
    (0x00180e, 0x0080),
    (0x00180f, 0x0010),
    (0x001810, 0x0002),
    (0x00181a, 0x0001),
    (0x001820, 0x0004),
    (0x001879, 0x0001),
    (0x001880, 0x0004),
    (0x001885, 0x0010),
    (0x001887, 0x0004),
    (0x0018a9, 0x0010),
    (0x0018aa, 0x0004),
    (0x0018ab, 0x0001),
    (0x0018b0, 0x0004),
    (0x0018f6, 0x0001),
    (0x001900, 0x0004),
    (0x00191f, 0x0001),
    (0x001920, 0x0010),
    (0x00192c, 0x0001),
    (0x001930, 0x0010),
    (0x00193c, 0x0001),
    (0x001940, 0x0040),
    (0x001941, 0x0001),
    (0x001944, 0x0020),
    (0x001946, 0x0002),
    (0x001950, 0x0004),
    (0x00196e, 0x0001),
    (0x001970, 0x0004),
    (0x001975, 0x0001),
    (0x001980, 0x0004),
    (0x0019ac, 0x0001),
    (0x0019b0, 0x0004),
    (0x0019ca, 0x0001),
    (0x0019d0, 0x0002),
    (0x0019db, 0x0001),
    (0x0019de, 0x0040),
    (0x001a00, 0x0004),
    (0x001a17, 0x0010),
    (0x001a1c, 0x0001),
    (0x001a1e, 0x0020),
    (0x001a20, 0x0004),
    (0x001a55, 0x0010),
    (0x001a5f, 0x0001),
    (0x001a60, 0x0010),
    (0x001a7d, 0x0001),
    (0x001a7f, 0x0010),
    (0x001a80, 0x0002),
    (0x001a8a, 0x0001),
    (0x001a90, 0x0002),
    (0x001a9a, 0x0001),
    (0x001aa0, 0x0020),
    (0x001aa7, 0x0004),
    (0x001aa8, 0x0020),
    (0x001aae, 0x0001),
    (0x001ab0, 0x0010),
    (0x001acf, 0x0001),
    (0x001b00, 0x0010),
    (0x001b05, 0x0004),
    (0x001b34, 0x0010),
    (0x001b45, 0x0004),
    (0x001b4d, 0x0001),
    (0x001b50, 0x0002),
    (0x001b5a, 0x0020),
    (0x001b61, 0x0040),
    (0x001b6b, 0x0010),
    (0x001b74, 0x0040),
    (0x001b7d, 0x0020),
    (0x001b7f, 0x0001),
    (0x001b80, 0x0010),
    (0x001b83, 0x0004),
    (0x001ba1, 0x0010),
    (0x001bae, 0x0004),
    (0x001bb0, 0x0002),
    (0x001bba, 0x0004),
    (0x001be6, 0x0010),
    (0x001bf4, 0x0001),
    (0x001bfc, 0x0020),
    (0x001c00, 0x0004),
    (0x001c24, 0x0010),
    (0x001c38, 0x0001),
    (0x001c3b, 0x0020),
    (0x001c40, 0x0002),
    (0x001c4a, 0x0001),
    (0x001c4d, 0x0004),
    (0x001c50, 0x0002),
    (0x001c5a, 0x0004),
    (0x001c7e, 0x0020),
    (0x001c80, 0x0004),
    (0x001c89, 0x0001),
    (0x001c90, 0x0004),
    (0x001cbb, 0x0001),
    (0x001cbd, 0x0004),
    (0x001cc0, 0x0020),
    (0x001cc8, 0x0001),
    (0x001cd0, 0x0010),
    (0x001cd3, 0x0020),
    (0x001cd4, 0x0010),
    (0x001ce9, 0x0004),
    (0x001ced, 0x0010),
    (0x001cee, 0x0004),
    (0x001cf4, 0x0010),
    (0x001cf5, 0x0004),
    (0x001cf7, 0x0010),
    (0x001cfa, 0x0004),
    (0x001cfb, 0x0001),
    (0x001d00, 0x0004),
    (0x001dc0, 0x0010),
    (0x001e00, 0x0004),
    (0x001f16, 0x0001),
    (0x001f18, 0x0004),
    (0x001f1e, 0x0001),
    (0x001f20, 0x0004),
    (0x001f46, 0x0001),
    (0x001f48, 0x0004),
    (0x001f4e, 0x0001),
    (0x001f50, 0x0004),
    (0x001f58, 0x0001),
    (0x001f59, 0x0004),
    (0x001f5a, 0x0001),
    (0x001f5b, 0x0004),
    (0x001f5c, 0x0001),
    (0x001f5d, 0x0004),
    (0x001f5e, 0x0001),
    (0x001f5f, 0x0004),
    (0x001f7e, 0x0001),
    (0x001f80, 0x0004),
    (0x001fb5, 0x0001),
    (0x001fb6, 0x0004),
    (0x001fbd, 0x0040),
    (0x001fbe, 0x0004),
    (0x001fbf, 0x0040),
    (0x001fc2, 0x0004),
    (0x001fc5, 0x0001),
    (0x001fc6, 0x0004),
    (0x001fcd, 0x0040),
    (0x001fd0, 0x0004),
    (0x001fd4, 0x0001),
    (0x001fd6, 0x0004),
    (0x001fdc, 0x0001),
    (0x001fdd, 0x0040),
    (0x001fe0, 0x0004),
    (0x001fed, 0x0040),
    (0x001ff0, 0x0001),
    (0x001ff2, 0x0004),
    (0x001ff5, 0x0001),
    (0x001ff6, 0x0004),
    (0x001ffd, 0x0040),
    (0x001fff, 0x0001),
    (0x002000, 0x0008),
    (0x00200b, 0x0080),
    (0x002010, 0x0020),
    (0x002028, 0x0008),
    (0x00202a, 0x0080),
    (0x00202f, 0x0008),
    (0x002030, 0x0020),
    (0x002044, 0x0040),
    (0x002045, 0x0020),
    (0x002052, 0x0040),
    (0x002053, 0x0020),
    (0x00205f, 0x0008),
    (0x002060, 0x0080),
    (0x002065, 0x0001),
    (0x002066, 0x0080),
    (0x002070, 0x0002),
    (0x002071, 0x0004),
    (0x002072, 0x0001),
    (0x002074, 0x0002),
    (0x00207a, 0x0040),
    (0x00207d, 0x0020),
    (0x00207f, 0x0004),
    (0x002080, 0x0002),
    (0x00208a, 0x0040),
    (0x00208d, 0x0020),
    (0x00208f, 0x0001),
    (0x002090, 0x0004),
    (0x00209d, 0x0001),
    (0x0020a0, 0x0040),
    (0x0020c1, 0x0001),
    (0x0020d0, 0x0010),
    (0x0020f1, 0x0001),
    (0x002100, 0x0040),
    (0x002102, 0x0004),
    (0x002103, 0x0040),
    (0x002107, 0x0004),
    (0x002108, 0x0040),
    (0x00210a, 0x0004),
    (0x002114, 0x0040),
    (0x002115, 0x0004),
    (0x002116, 0x0040),
    (0x002119, 0x0004),
    (0x00211e, 0x0040),
    (0x002124, 0x0004),
    (0x002125, 0x0040),
    (0x002126, 0x0004),
    (0x002127, 0x0040),
    (0x002128, 0x0004),
    (0x002129, 0x0040),
    (0x00212a, 0x0004),
    (0x00212e, 0x0040),
    (0x00212f, 0x0004),
    (0x00213a, 0x0040),
    (0x00213c, 0x0004),
    (0x002140, 0x0040),
    (0x002145, 0x0004),
    (0x00214a, 0x0040),
    (0x00214e, 0x0004),
    (0x00214f, 0x0040),
    (0x002150, 0x0002),
    (0x002183, 0x0004),
    (0x002185, 0x0002),
    (0x00218a, 0x0040),
    (0x00218c, 0x0001),
    (0x002190, 0x0040),
    (0x002308, 0x0020),
    (0x00230c, 0x0040),
    (0x002329, 0x0020),
    (0x00232b, 0x0040),
    (0x002427, 0x0001),
    (0x002440, 0x0040),
    (0x00244b, 0x0001),
    (0x002460, 0x0002),
    (0x00249c, 0x0040),
    (0x0024ea, 0x0002),
    (0x002500, 0x0040),
    (0x002768, 0x0020),
    (0x002776, 0x0002),
    (0x002794, 0x0040),
    (0x0027c5, 0x0020),
    (0x0027c7, 0x0040),
    (0x0027e6, 0x0020),
    (0x0027f0, 0x0040),
    (0x002983, 0x0020),
    (0x002999, 0x0040),
    (0x0029d8, 0x0020),
    (0x0029dc, 0x0040),
    (0x0029fc, 0x0020),
    (0x0029fe, 0x0040),
    (0x002b74, 0x0001),
    (0x002b76, 0x0040),
    (0x002b96, 0x0001),
    (0x002b97, 0x0040),
    (0x002c00, 0x0004),
    (0x002ce5, 0x0040),
    (0x002ceb, 0x0004),
    (0x002cef, 0x0010),
    (0x002cf2, 0x0004),
    (0x002cf4, 0x0001),
    (0x002cf9, 0x0020),
    (0x002cfd, 0x0002),
    (0x002cfe, 0x0020),
    (0x002d00, 0x0004),
    (0x002d26, 0x0001),
    (0x002d27, 0x0004),
    (0x002d28, 0x0001),
    (0x002d2d, 0x0004),
    (0x002d2e, 0x0001),
    (0x002d30, 0x0004),
    (0x002d68, 0x0001),
    (0x002d6f, 0x0004),
    (0x002d70, 0x0020),
    (0x002d71, 0x0001),
    (0x002d7f, 0x0010),
    (0x002d80, 0x0004),
    (0x002d97, 0x0001),
    (0x002da0, 0x0004),
    (0x002da7, 0x0001),
    (0x002da8, 0x0004),
    (0x002daf, 0x0001),
    (0x002db0, 0x0004),
    (0x002db7, 0x0001),
    (0x002db8, 0x0004),
    (0x002dbf, 0x0001),
    (0x002dc0, 0x0004),
    (0x002dc7, 0x0001),
    (0x002dc8, 0x0004),
    (0x002dcf, 0x0001),
    (0x002dd0, 0x0004),
    (0x002dd7, 0x0001),
    (0x002dd8, 0x0004),
    (0x002ddf, 0x0001),
    (0x002de0, 0x0010),
    (0x002e00, 0x0020),
    (0x002e2f, 0x0004),
    (0x002e30, 0x0020),
    (0x002e50, 0x0040),
    (0x002e52, 0x0020),
    (0x002e5e, 0x0001),
    (0x002e80, 0x0040),
    (0x002e9a, 0x0001),
    (0x002e9b, 0x0040),
    (0x002ef4, 0x0001),
    (0x002f00, 0x0040),
    (0x002fd6, 0x0001),
    (0x002ff0, 0x0040),
    (0x003000, 0x0008),
    (0x003001, 0x0020),
    (0x003004, 0x0040),
    (0x003005, 0x0004),
    (0x003007, 0x0002),
    (0x003008, 0x0020),
    (0x003012, 0x0040),
    (0x003014, 0x0020),
    (0x003020, 0x0040),
    (0x003021, 0x0002),
    (0x00302a, 0x0010),
    (0x003030, 0x0020),
    (0x003031, 0x0004),
    (0x003036, 0x0040),
    (0x003038, 0x0002),
    (0x00303b, 0x0004),
    (0x00303d, 0x0020),
    (0x00303e, 0x0040),
    (0x003040, 0x0001),
    (0x003041, 0x0004),
    (0x003097, 0x0001),
    (0x003099, 0x0010),
    (0x00309b, 0x0040),
    (0x00309d, 0x0004),
    (0x0030a0, 0x0020),
    (0x0030a1, 0x0004),
    (0x0030fb, 0x0020),
    (0x0030fc, 0x0004),
    (0x003100, 0x0001),
    (0x003105, 0x0004),
    (0x003130, 0x0001),
    (0x003131, 0x0004),
    (0x00318f, 0x0001),
    (0x003190, 0x0040),
    (0x003192, 0x0002),
    (0x003196, 0x0040),
    (0x0031a0, 0x0004),
    (0x0031c0, 0x0040),
    (0x0031e4, 0x0001),
    (0x0031ef, 0x0040),
    (0x0031f0, 0x0004),
    (0x003200, 0x0040),
    (0x00321f, 0x0001),
    (0x003220, 0x0002),
    (0x00322a, 0x0040),
    (0x003248, 0x0002),
    (0x003250, 0x0040),
    (0x003251, 0x0002),
    (0x003260, 0x0040),
    (0x003280, 0x0002),
    (0x00328a, 0x0040),
    (0x0032b1, 0x0002),
    (0x0032c0, 0x0040),
    (0x003400, 0x0004),
    (0x004dc0, 0x0040),
    (0x004e00, 0x0004),
    (0x00a48d, 0x0001),
    (0x00a490, 0x0040),
    (0x00a4c7, 0x0001),
    (0x00a4d0, 0x0004),
    (0x00a4fe, 0x0020),
    (0x00a500, 0x0004),
    (0x00a60d, 0x0020),
    (0x00a610, 0x0004),
    (0x00a620, 0x0002),
    (0x00a62a, 0x0004),
    (0x00a62c, 0x0001),
    (0x00a640, 0x0004),
    (0x00a66f, 0x0010),
    (0x00a673, 0x0020),
    (0x00a674, 0x0010),
    (0x00a67e, 0x0020),
    (0x00a67f, 0x0004),
    (0x00a69e, 0x0010),
    (0x00a6a0, 0x0004),
    (0x00a6e6, 0x0002),
    (0x00a6f0, 0x0010),
    (0x00a6f2, 0x0020),
    (0x00a6f8, 0x0001),
    (0x00a700, 0x0040),
    (0x00a717, 0x0004),
    (0x00a720, 0x0040),
    (0x00a722, 0x0004),
    (0x00a789, 0x0040),
    (0x00a78b, 0x0004),
    (0x00a7cb, 0x0001),
    (0x00a7d0, 0x0004),
    (0x00a7d2, 0x0001),
    (0x00a7d3, 0x0004),
    (0x00a7d4, 0x0001),
    (0x00a7d5, 0x0004),
    (0x00a7da, 0x0001),
    (0x00a7f2, 0x0004),
    (0x00a802, 0x0010),
    (0x00a803, 0x0004),
    (0x00a806, 0x0010),
    (0x00a807, 0x0004),
    (0x00a80b, 0x0010),
    (0x00a80c, 0x0004),
    (0x00a823, 0x0010),
    (0x00a828, 0x0040),
    (0x00a82c, 0x0010),
    (0x00a82d, 0x0001),
    (0x00a830, 0x0002),
    (0x00a836, 0x0040),
    (0x00a83a, 0x0001),
    (0x00a840, 0x0004),
    (0x00a874, 0x0020),
    (0x00a878, 0x0001),
    (0x00a880, 0x0010),
    (0x00a882, 0x0004),
    (0x00a8b4, 0x0010),
    (0x00a8c6, 0x0001),
    (0x00a8ce, 0x0020),
    (0x00a8d0, 0x0002),
    (0x00a8da, 0x0001),
    (0x00a8e0, 0x0010),
    (0x00a8f2, 0x0004),
    (0x00a8f8, 0x0020),
    (0x00a8fb, 0x0004),
    (0x00a8fc, 0x0020),
    (0x00a8fd, 0x0004),
    (0x00a8ff, 0x0010),
    (0x00a900, 0x0002),
    (0x00a90a, 0x0004),
    (0x00a926, 0x0010),
    (0x00a92e, 0x0020),
    (0x00a930, 0x0004),
    (0x00a947, 0x0010),
    (0x00a954, 0x0001),
    (0x00a95f, 0x0020),
    (0x00a960, 0x0004),
    (0x00a97d, 0x0001),
    (0x00a980, 0x0010),
    (0x00a984, 0x0004),
    (0x00a9b3, 0x0010),
    (0x00a9c1, 0x0020),
    (0x00a9ce, 0x0001),
    (0x00a9cf, 0x0004),
    (0x00a9d0, 0x0002),
    (0x00a9da, 0x0001),
    (0x00a9de, 0x0020),
    (0x00a9e0, 0x0004),
    (0x00a9e5, 0x0010),
    (0x00a9e6, 0x0004),
    (0x00a9f0, 0x0002),
    (0x00a9fa, 0x0004),
    (0x00a9ff, 0x0001),
    (0x00aa00, 0x0004),
    (0x00aa29, 0x0010),
    (0x00aa37, 0x0001),
    (0x00aa40, 0x0004),
    (0x00aa43, 0x0010),
    (0x00aa44, 0x0004),
    (0x00aa4c, 0x0010),
    (0x00aa4e, 0x0001),
    (0x00aa50, 0x0002),
    (0x00aa5a, 0x0001),
    (0x00aa5c, 0x0020),
    (0x00aa60, 0x0004),
    (0x00aa77, 0x0040),
    (0x00aa7a, 0x0004),
    (0x00aa7b, 0x0010),
    (0x00aa7e, 0x0004),
    (0x00aab0, 0x0010),
    (0x00aab1, 0x0004),
    (0x00aab2, 0x0010),
    (0x00aab5, 0x0004),
    (0x00aab7, 0x0010),
    (0x00aab9, 0x0004),
    (0x00aabe, 0x0010),
    (0x00aac0, 0x0004),
    (0x00aac1, 0x0010),
    (0x00aac2, 0x0004),
    (0x00aac3, 0x0001),
    (0x00aadb, 0x0004),
    (0x00aade, 0x0020),
    (0x00aae0, 0x0004),
    (0x00aaeb, 0x0010),
    (0x00aaf0, 0x0020),
    (0x00aaf2, 0x0004),
    (0x00aaf5, 0x0010),
    (0x00aaf7, 0x0001),
    (0x00ab01, 0x0004),
    (0x00ab07, 0x0001),
    (0x00ab09, 0x0004),
    (0x00ab0f, 0x0001),
    (0x00ab11, 0x0004),
    (0x00ab17, 0x0001),
    (0x00ab20, 0x0004),
    (0x00ab27, 0x0001),
    (0x00ab28, 0x0004),
    (0x00ab2f, 0x0001),
    (0x00ab30, 0x0004),
    (0x00ab5b, 0x0040),
    (0x00ab5c, 0x0004),
    (0x00ab6a, 0x0040),
    (0x00ab6c, 0x0001),
    (0x00ab70, 0x0004),
    (0x00abe3, 0x0010),
    (0x00abeb, 0x0020),
    (0x00abec, 0x0010),
    (0x00abee, 0x0001),
    (0x00abf0, 0x0002),
    (0x00abfa, 0x0001),
    (0x00ac00, 0x0004),
    (0x00d7a4, 0x0001),
    (0x00d7b0, 0x0004),
    (0x00d7c7, 0x0001),
    (0x00d7cb, 0x0004),
    (0x00d7fc, 0x0001),
    (0x00d800, 0x0080),
    (0x00f900, 0x0004),
    (0x00fa6e, 0x0001),
    (0x00fa70, 0x0004),
    (0x00fada, 0x0001),
    (0x00fb00, 0x0004),
    (0x00fb07, 0x0001),
    (0x00fb13, 0x0004),
    (0x00fb18, 0x0001),
    (0x00fb1d, 0x0004),
    (0x00fb1e, 0x0010),
    (0x00fb1f, 0x0004),
    (0x00fb29, 0x0040),
    (0x00fb2a, 0x0004),
    (0x00fb37, 0x0001),
    (0x00fb38, 0x0004),
    (0x00fb3d, 0x0001),
    (0x00fb3e, 0x0004),
    (0x00fb3f, 0x0001),
    (0x00fb40, 0x0004),
    (0x00fb42, 0x0001),
    (0x00fb43, 0x0004),
    (0x00fb45, 0x0001),
    (0x00fb46, 0x0004),
    (0x00fbb2, 0x0040),
    (0x00fbc3, 0x0001),
    (0x00fbd3, 0x0004),
    (0x00fd3e, 0x0020),
    (0x00fd40, 0x0040),
    (0x00fd50, 0x0004),
    (0x00fd90, 0x0001),
    (0x00fd92, 0x0004),
    (0x00fdc8, 0x0001),
    (0x00fdcf, 0x0040),
    (0x00fdd0, 0x0001),
    (0x00fdf0, 0x0004),
    (0x00fdfc, 0x0040),
    (0x00fe00, 0x0010),
    (0x00fe10, 0x0020),
    (0x00fe1a, 0x0001),
    (0x00fe20, 0x0010),
    (0x00fe30, 0x0020),
    (0x00fe53, 0x0001),
    (0x00fe54, 0x0020),
    (0x00fe62, 0x0040),
    (0x00fe63, 0x0020),
    (0x00fe64, 0x0040),
    (0x00fe67, 0x0001),
    (0x00fe68, 0x0020),
    (0x00fe69, 0x0040),
    (0x00fe6a, 0x0020),
    (0x00fe6c, 0x0001),
    (0x00fe70, 0x0004),
    (0x00fe75, 0x0001),
    (0x00fe76, 0x0004),
    (0x00fefd, 0x0001),
    (0x00feff, 0x0080),
    (0x00ff00, 0x0001),
    (0x00ff01, 0x0020),
    (0x00ff04, 0x0040),
    (0x00ff05, 0x0020),
    (0x00ff0b, 0x0040),
    (0x00ff0c, 0x0020),
    (0x00ff10, 0x0002),
    (0x00ff1a, 0x0020),
    (0x00ff1c, 0x0040),
    (0x00ff1f, 0x0020),
    (0x00ff21, 0x0004),
    (0x00ff3b, 0x0020),
    (0x00ff3e, 0x0040),
    (0x00ff3f, 0x0020),
    (0x00ff40, 0x0040),
    (0x00ff41, 0x0004),
    (0x00ff5b, 0x0020),
    (0x00ff5c, 0x0040),
    (0x00ff5d, 0x0020),
    (0x00ff5e, 0x0040),
    (0x00ff5f, 0x0020),
    (0x00ff66, 0x0004),
    (0x00ffbf, 0x0001),
    (0x00ffc2, 0x0004),
    (0x00ffc8, 0x0001),
    (0x00ffca, 0x0004),
    (0x00ffd0, 0x0001),
    (0x00ffd2, 0x0004),
    (0x00ffd8, 0x0001),
    (0x00ffda, 0x0004),
    (0x00ffdd, 0x0001),
    (0x00ffe0, 0x0040),
    (0x00ffe7, 0x0001),
    (0x00ffe8, 0x0040),
    (0x00ffef, 0x0001),
    (0x00fff9, 0x0080),
    (0x00fffc, 0x0040),
    (0x00fffe, 0x0001),
    (0x010000, 0x0004),
    (0x01000c, 0x0001),
    (0x01000d, 0x0004),
    (0x010027, 0x0001),
    (0x010028, 0x0004),
    (0x01003b, 0x0001),
    (0x01003c, 0x0004),
    (0x01003e, 0x0001),
    (0x01003f, 0x0004),
    (0x01004e, 0x0001),
    (0x010050, 0x0004),
    (0x01005e, 0x0001),
    (0x010080, 0x0004),
    (0x0100fb, 0x0001),
    (0x010100, 0x0020),
    (0x010103, 0x0001),
    (0x010107, 0x0002),
    (0x010134, 0x0001),
    (0x010137, 0x0040),
    (0x010140, 0x0002),
    (0x010179, 0x0040),
    (0x01018a, 0x0002),
    (0x01018c, 0x0040),
    (0x01018f, 0x0001),
    (0x010190, 0x0040),
    (0x01019d, 0x0001),
    (0x0101a0, 0x0040),
    (0x0101a1, 0x0001),
    (0x0101d0, 0x0040),
    (0x0101fd, 0x0010),
    (0x0101fe, 0x0001),
    (0x010280, 0x0004),
    (0x01029d, 0x0001),
    (0x0102a0, 0x0004),
    (0x0102d1, 0x0001),
    (0x0102e0, 0x0010),
    (0x0102e1, 0x0002),
    (0x0102fc, 0x0001),
    (0x010300, 0x0004),
    (0x010320, 0x0002),
    (0x010324, 0x0001),
    (0x01032d, 0x0004),
    (0x010341, 0x0002),
    (0x010342, 0x0004),
    (0x01034a, 0x0002),
    (0x01034b, 0x0001),
    (0x010350, 0x0004),
    (0x010376, 0x0010),
    (0x01037b, 0x0001),
    (0x010380, 0x0004),
    (0x01039e, 0x0001),
    (0x01039f, 0x0020),
    (0x0103a0, 0x0004),
    (0x0103c4, 0x0001),
    (0x0103c8, 0x0004),
    (0x0103d0, 0x0020),
    (0x0103d1, 0x0002),
    (0x0103d6, 0x0001),
    (0x010400, 0x0004),
    (0x01049e, 0x0001),
    (0x0104a0, 0x0002),
    (0x0104aa, 0x0001),
    (0x0104b0, 0x0004),
    (0x0104d4, 0x0001),
    (0x0104d8, 0x0004),
    (0x0104fc, 0x0001),
    (0x010500, 0x0004),
    (0x010528, 0x0001),
    (0x010530, 0x0004),
    (0x010564, 0x0001),
    (0x01056f, 0x0020),
    (0x010570, 0x0004),
    (0x01057b, 0x0001),
    (0x01057c, 0x0004),
    (0x01058b, 0x0001),
    (0x01058c, 0x0004),
    (0x010593, 0x0001),
    (0x010594, 0x0004),
    (0x010596, 0x0001),
    (0x010597, 0x0004),
    (0x0105a2, 0x0001),
    (0x0105a3, 0x0004),
    (0x0105b2, 0x0001),
    (0x0105b3, 0x0004),
    (0x0105ba, 0x0001),
    (0x0105bb, 0x0004),
    (0x0105bd, 0x0001),
    (0x010600, 0x0004),
    (0x010737, 0x0001),
    (0x010740, 0x0004),
    (0x010756, 0x0001),
    (0x010760, 0x0004),
    (0x010768, 0x0001),
    (0x010780, 0x0004),
    (0x010786, 0x0001),
    (0x010787, 0x0004),
    (0x0107b1, 0x0001),
    (0x0107b2, 0x0004),
    (0x0107bb, 0x0001),
    (0x010800, 0x0004),
    (0x010806, 0x0001),
    (0x010808, 0x0004),
    (0x010809, 0x0001),
    (0x01080a, 0x0004),
    (0x010836, 0x0001),
    (0x010837, 0x0004),
    (0x010839, 0x0001),
    (0x01083c, 0x0004),
    (0x01083d, 0x0001),
    (0x01083f, 0x0004),
    (0x010856, 0x0001),
    (0x010857, 0x0020),
    (0x010858, 0x0002),
    (0x010860, 0x0004),
    (0x010877, 0x0040),
    (0x010879, 0x0002),
    (0x010880, 0x0004),
    (0x01089f, 0x0001),
    (0x0108a7, 0x0002),
    (0x0108b0, 0x0001),
    (0x0108e0, 0x0004),
    (0x0108f3, 0x0001),
    (0x0108f4, 0x0004),
    (0x0108f6, 0x0001),
    (0x0108fb, 0x0002),
    (0x010900, 0x0004),
    (0x010916, 0x0002),
    (0x01091c, 0x0001),
    (0x01091f, 0x0020),
    (0x010920, 0x0004),
    (0x01093a, 0x0001),
    (0x01093f, 0x0020),
    (0x010940, 0x0001),
    (0x010980, 0x0004),
    (0x0109b8, 0x0001),
    (0x0109bc, 0x0002),
    (0x0109be, 0x0004),
    (0x0109c0, 0x0002),
    (0x0109d0, 0x0001),
    (0x0109d2, 0x0002),
    (0x010a00, 0x0004),
    (0x010a01, 0x0010),
    (0x010a04, 0x0001),
    (0x010a05, 0x0010),
    (0x010a07, 0x0001),
    (0x010a0c, 0x0010),
    (0x010a10, 0x0004),
    (0x010a14, 0x0001),
    (0x010a15, 0x0004),
    (0x010a18, 0x0001),
    (0x010a19, 0x0004),
    (0x010a36, 0x0001),
    (0x010a38, 0x0010),
    (0x010a3b, 0x0001),
    (0x010a3f, 0x0010),
    (0x010a40, 0x0002),
    (0x010a49, 0x0001),
    (0x010a50, 0x0020),
    (0x010a59, 0x0001),
    (0x010a60, 0x0004),
    (0x010a7d, 0x0002),
    (0x010a7f, 0x0020),
    (0x010a80, 0x0004),
    (0x010a9d, 0x0002),
    (0x010aa0, 0x0001),
    (0x010ac0, 0x0004),
    (0x010ac8, 0x0040),
    (0x010ac9, 0x0004),
    (0x010ae5, 0x0010),
    (0x010ae7, 0x0001),
    (0x010aeb, 0x0002),
    (0x010af0, 0x0020),
    (0x010af7, 0x0001),
    (0x010b00, 0x0004),
    (0x010b36, 0x0001),
    (0x010b39, 0x0020),
    (0x010b40, 0x0004),
    (0x010b56, 0x0001),
    (0x010b58, 0x0002),
    (0x010b60, 0x0004),
    (0x010b73, 0x0001),
    (0x010b78, 0x0002),
    (0x010b80, 0x0004),
    (0x010b92, 0x0001),
    (0x010b99, 0x0020),
    (0x010b9d, 0x0001),
    (0x010ba9, 0x0002),
    (0x010bb0, 0x0001),
    (0x010c00, 0x0004),
    (0x010c49, 0x0001),
    (0x010c80, 0x0004),
    (0x010cb3, 0x0001),
    (0x010cc0, 0x0004),
    (0x010cf3, 0x0001),
    (0x010cfa, 0x0002),
    (0x010d00, 0x0004),
    (0x010d24, 0x0010),
    (0x010d28, 0x0001),
    (0x010d30, 0x0002),
    (0x010d3a, 0x0001),
    (0x010e60, 0x0002),
    (0x010e7f, 0x0001),
    (0x010e80, 0x0004),
    (0x010eaa, 0x0001),
    (0x010eab, 0x0010),
    (0x010ead, 0x0020),
    (0x010eae, 0x0001),
    (0x010eb0, 0x0004),
    (0x010eb2, 0x0001),
    (0x010efd, 0x0010),
    (0x010f00, 0x0004),
    (0x010f1d, 0x0002),
    (0x010f27, 0x0004),
    (0x010f28, 0x0001),
    (0x010f30, 0x0004),
    (0x010f46, 0x0010),
    (0x010f51, 0x0002),
    (0x010f55, 0x0020),
    (0x010f5a, 0x0001),
    (0x010f70, 0x0004),
    (0x010f82, 0x0010),
    (0x010f86, 0x0020),
    (0x010f8a, 0x0001),
    (0x010fb0, 0x0004),
    (0x010fc5, 0x0002),
    (0x010fcc, 0x0001),
    (0x010fe0, 0x0004),
    (0x010ff7, 0x0001),
    (0x011000, 0x0010),
    (0x011003, 0x0004),
    (0x011038, 0x0010),
    (0x011047, 0x0020),
    (0x01104e, 0x0001),
    (0x011052, 0x0002),
    (0x011070, 0x0010),
    (0x011071, 0x0004),
    (0x011073, 0x0010),
    (0x011075, 0x0004),
    (0x011076, 0x0001),
    (0x01107f, 0x0010),
    (0x011083, 0x0004),
    (0x0110b0, 0x0010),
    (0x0110bb, 0x0020),
    (0x0110bd, 0x0080),
    (0x0110be, 0x0020),
    (0x0110c2, 0x0010),
    (0x0110c3, 0x0001),
    (0x0110cd, 0x0080),
    (0x0110ce, 0x0001),
    (0x0110d0, 0x0004),
    (0x0110e9, 0x0001),
    (0x0110f0, 0x0002),
    (0x0110fa, 0x0001),
    (0x011100, 0x0010),
    (0x011103, 0x0004),
    (0x011127, 0x0010),
    (0x011135, 0x0001),
    (0x011136, 0x0002),
    (0x011140, 0x0020),
    (0x011144, 0x0004),
    (0x011145, 0x0010),
    (0x011147, 0x0004),
    (0x011148, 0x0001),
    (0x011150, 0x0004),
    (0x011173, 0x0010),
    (0x011174, 0x0020),
    (0x011176, 0x0004),
    (0x011177, 0x0001),
    (0x011180, 0x0010),
    (0x011183, 0x0004),
    (0x0111b3, 0x0010),
    (0x0111c1, 0x0004),
    (0x0111c5, 0x0020),
    (0x0111c9, 0x0010),
    (0x0111cd, 0x0020),
    (0x0111ce, 0x0010),
    (0x0111d0, 0x0002),
    (0x0111da, 0x0004),
    (0x0111db, 0x0020),
    (0x0111dc, 0x0004),
    (0x0111dd, 0x0020),
    (0x0111e0, 0x0001),
    (0x0111e1, 0x0002),
    (0x0111f5, 0x0001),
    (0x011200, 0x0004),
    (0x011212, 0x0001),
    (0x011213, 0x0004),
    (0x01122c, 0x0010),
    (0x011238, 0x0020),
    (0x01123e, 0x0010),
    (0x01123f, 0x0004),
    (0x011241, 0x0010),
    (0x011242, 0x0001),
    (0x011280, 0x0004),
    (0x011287, 0x0001),
    (0x011288, 0x0004),
    (0x011289, 0x0001),
    (0x01128a, 0x0004),
    (0x01128e, 0x0001),
    (0x01128f, 0x0004),
    (0x01129e, 0x0001),
    (0x01129f, 0x0004),
    (0x0112a9, 0x0020),
    (0x0112aa, 0x0001),
    (0x0112b0, 0x0004),
    (0x0112df, 0x0010),
    (0x0112eb, 0x0001),
    (0x0112f0, 0x0002),
    (0x0112fa, 0x0001),
    (0x011300, 0x0010),
    (0x011304, 0x0001),
    (0x011305, 0x0004),
    (0x01130d, 0x0001),
    (0x01130f, 0x0004),
    (0x011311, 0x0001),
    (0x011313, 0x0004),
    (0x011329, 0x0001),
    (0x01132a, 0x0004),
    (0x011331, 0x0001),
    (0x011332, 0x0004),
    (0x011334, 0x0001),
    (0x011335, 0x0004),
    (0x01133a, 0x0001),
    (0x01133b, 0x0010),
    (0x01133d, 0x0004),
    (0x01133e, 0x0010),
    (0x011345, 0x0001),
    (0x011347, 0x0010),
    (0x011349, 0x0001),
    (0x01134b, 0x0010),
    (0x01134e, 0x0001),
    (0x011350, 0x0004),
    (0x011351, 0x0001),
    (0x011357, 0x0010),
    (0x011358, 0x0001),
    (0x01135d, 0x0004),
    (0x011362, 0x0010),
    (0x011364, 0x0001),
    (0x011366, 0x0010),
    (0x01136d, 0x0001),
    (0x011370, 0x0010),
    (0x011375, 0x0001),
    (0x011400, 0x0004),
    (0x011435, 0x0010),
    (0x011447, 0x0004),
    (0x01144b, 0x0020),
    (0x011450, 0x0002),
    (0x01145a, 0x0020),
    (0x01145c, 0x0001),
    (0x01145d, 0x0020),
    (0x01145e, 0x0010),
    (0x01145f, 0x0004),
    (0x011462, 0x0001),
    (0x011480, 0x0004),
    (0x0114b0, 0x0010),
    (0x0114c4, 0x0004),
    (0x0114c6, 0x0020),
    (0x0114c7, 0x0004),
    (0x0114c8, 0x0001),
    (0x0114d0, 0x0002),
    (0x0114da, 0x0001),
    (0x011580, 0x0004),
    (0x0115af, 0x0010),
    (0x0115b6, 0x0001),
    (0x0115b8, 0x0010),
    (0x0115c1, 0x0020),
    (0x0115d8, 0x0004),
    (0x0115dc, 0x0010),
    (0x0115de, 0x0001),
    (0x011600, 0x0004),
    (0x011630, 0x0010),
    (0x011641, 0x0020),
    (0x011644, 0x0004),
    (0x011645, 0x0001),
    (0x011650, 0x0002),
    (0x01165a, 0x0001),
    (0x011660, 0x0020),
    (0x01166d, 0x0001),
    (0x011680, 0x0004),
    (0x0116ab, 0x0010),
    (0x0116b8, 0x0004),
    (0x0116b9, 0x0020),
    (0x0116ba, 0x0001),
    (0x0116c0, 0x0002),
    (0x0116ca, 0x0001),
    (0x011700, 0x0004),
    (0x01171b, 0x0001),
    (0x01171d, 0x0010),
    (0x01172c, 0x0001),
    (0x011730, 0x0002),
    (0x01173c, 0x0020),
    (0x01173f, 0x0040),
    (0x011740, 0x0004),
    (0x011747, 0x0001),
    (0x011800, 0x0004),
    (0x01182c, 0x0010),
    (0x01183b, 0x0020),
    (0x01183c, 0x0001),
    (0x0118a0, 0x0004),
    (0x0118e0, 0x0002),
    (0x0118f3, 0x0001),
    (0x0118ff, 0x0004),
    (0x011907, 0x0001),
    (0x011909, 0x0004),
    (0x01190a, 0x0001),
    (0x01190c, 0x0004),
    (0x011914, 0x0001),
    (0x011915, 0x0004),
    (0x011917, 0x0001),
    (0x011918, 0x0004),
    (0x011930, 0x0010),
    (0x011936, 0x0001),
    (0x011937, 0x0010),
    (0x011939, 0x0001),
    (0x01193b, 0x0010),
    (0x01193f, 0x0004),
    (0x011940, 0x0010),
    (0x011941, 0x0004),
    (0x011942, 0x0010),
    (0x011944, 0x0020),
    (0x011947, 0x0001),
    (0x011950, 0x0002),
    (0x01195a, 0x0001),
    (0x0119a0, 0x0004),
    (0x0119a8, 0x0001),
    (0x0119aa, 0x0004),
    (0x0119d1, 0x0010),
    (0x0119d8, 0x0001),
    (0x0119da, 0x0010),
    (0x0119e1, 0x0004),
    (0x0119e2, 0x0020),
    (0x0119e3, 0x0004),
    (0x0119e4, 0x0010),
    (0x0119e5, 0x0001),
    (0x011a00, 0x0004),
    (0x011a01, 0x0010),
    (0x011a0b, 0x0004),
    (0x011a33, 0x0010),
    (0x011a3a, 0x0004),
    (0x011a3b, 0x0010),
    (0x011a3f, 0x0020),
    (0x011a47, 0x0010),
    (0x011a48, 0x0001),
    (0x011a50, 0x0004),
    (0x011a51, 0x0010),
    (0x011a5c, 0x0004),
    (0x011a8a, 0x0010),
    (0x011a9a, 0x0020),
    (0x011a9d, 0x0004),
    (0x011a9e, 0x0020),
    (0x011aa3, 0x0001),
    (0x011ab0, 0x0004),
    (0x011af9, 0x0001),
    (0x011b00, 0x0020),
    (0x011b0a, 0x0001),
    (0x011c00, 0x0004),
    (0x011c09, 0x0001),
    (0x011c0a, 0x0004),
    (0x011c2f, 0x0010),
    (0x011c37, 0x0001),
    (0x011c38, 0x0010),
    (0x011c40, 0x0004),
    (0x011c41, 0x0020),
    (0x011c46, 0x0001),
    (0x011c50, 0x0002),
    (0x011c6d, 0x0001),
    (0x011c70, 0x0020),
    (0x011c72, 0x0004),
    (0x011c90, 0x0001),
    (0x011c92, 0x0010),
    (0x011ca8, 0x0001),
    (0x011ca9, 0x0010),
    (0x011cb7, 0x0001),
    (0x011d00, 0x0004),
    (0x011d07, 0x0001),
    (0x011d08, 0x0004),
    (0x011d0a, 0x0001),
    (0x011d0b, 0x0004),
    (0x011d31, 0x0010),
    (0x011d37, 0x0001),
    (0x011d3a, 0x0010),
    (0x011d3b, 0x0001),
    (0x011d3c, 0x0010),
    (0x011d3e, 0x0001),
    (0x011d3f, 0x0010),
    (0x011d46, 0x0004),
    (0x011d47, 0x0010),
    (0x011d48, 0x0001),
    (0x011d50, 0x0002),
    (0x011d5a, 0x0001),
    (0x011d60, 0x0004),
    (0x011d66, 0x0001),
    (0x011d67, 0x0004),
    (0x011d69, 0x0001),
    (0x011d6a, 0x0004),
    (0x011d8a, 0x0010),
    (0x011d8f, 0x0001),
    (0x011d90, 0x0010),
    (0x011d92, 0x0001),
    (0x011d93, 0x0010),
    (0x011d98, 0x0004),
    (0x011d99, 0x0001),
    (0x011da0, 0x0002),
    (0x011daa, 0x0001),
    (0x011ee0, 0x0004),
    (0x011ef3, 0x0010),
    (0x011ef7, 0x0020),
    (0x011ef9, 0x0001),
    (0x011f00, 0x0010),
    (0x011f02, 0x0004),
    (0x011f03, 0x0010),
    (0x011f04, 0x0004),
    (0x011f11, 0x0001),
    (0x011f12, 0x0004),
    (0x011f34, 0x0010),
    (0x011f3b, 0x0001),
    (0x011f3e, 0x0010),
    (0x011f43, 0x0020),
    (0x011f50, 0x0002),
    (0x011f5a, 0x0001),
    (0x011fb0, 0x0004),
    (0x011fb1, 0x0001),
    (0x011fc0, 0x0002),
    (0x011fd5, 0x0040),
    (0x011ff2, 0x0001),
    (0x011fff, 0x0020),
    (0x012000, 0x0004),
    (0x01239a, 0x0001),
    (0x012400, 0x0002),
    (0x01246f, 0x0001),
    (0x012470, 0x0020),
    (0x012475, 0x0001),
    (0x012480, 0x0004),
    (0x012544, 0x0001),
    (0x012f90, 0x0004),
    (0x012ff1, 0x0020),
    (0x012ff3, 0x0001),
    (0x013000, 0x0004),
    (0x013430, 0x0080),
    (0x013440, 0x0010),
    (0x013441, 0x0004),
    (0x013447, 0x0010),
    (0x013456, 0x0001),
    (0x014400, 0x0004),
    (0x014647, 0x0001),
    (0x016800, 0x0004),
    (0x016a39, 0x0001),
    (0x016a40, 0x0004),
    (0x016a5f, 0x0001),
    (0x016a60, 0x0002),
    (0x016a6a, 0x0001),
    (0x016a6e, 0x0020),
    (0x016a70, 0x0004),
    (0x016abf, 0x0001),
    (0x016ac0, 0x0002),
    (0x016aca, 0x0001),
    (0x016ad0, 0x0004),
    (0x016aee, 0x0001),
    (0x016af0, 0x0010),
    (0x016af5, 0x0020),
    (0x016af6, 0x0001),
    (0x016b00, 0x0004),
    (0x016b30, 0x0010),
    (0x016b37, 0x0020),
    (0x016b3c, 0x0040),
    (0x016b40, 0x0004),
    (0x016b44, 0x0020),
    (0x016b45, 0x0040),
    (0x016b46, 0x0001),
    (0x016b50, 0x0002),
    (0x016b5a, 0x0001),
    (0x016b5b, 0x0002),
    (0x016b62, 0x0001),
    (0x016b63, 0x0004),
    (0x016b78, 0x0001),
    (0x016b7d, 0x0004),
    (0x016b90, 0x0001),
    (0x016e40, 0x0004),
    (0x016e80, 0x0002),
    (0x016e97, 0x0020),
    (0x016e9b, 0x0001),
    (0x016f00, 0x0004),
    (0x016f4b, 0x0001),
    (0x016f4f, 0x0010),
    (0x016f50, 0x0004),
    (0x016f51, 0x0010),
    (0x016f88, 0x0001),
    (0x016f8f, 0x0010),
    (0x016f93, 0x0004),
    (0x016fa0, 0x0001),
    (0x016fe0, 0x0004),
    (0x016fe2, 0x0020),
    (0x016fe3, 0x0004),
    (0x016fe4, 0x0010),
    (0x016fe5, 0x0001),
    (0x016ff0, 0x0010),
    (0x016ff2, 0x0001),
    (0x017000, 0x0004),
    (0x0187f8, 0x0001),
    (0x018800, 0x0004),
    (0x018cd6, 0x0001),
    (0x018d00, 0x0004),
    (0x018d09, 0x0001),
    (0x01aff0, 0x0004),
    (0x01aff4, 0x0001),
    (0x01aff5, 0x0004),
    (0x01affc, 0x0001),
    (0x01affd, 0x0004),
    (0x01afff, 0x0001),
    (0x01b000, 0x0004),
    (0x01b123, 0x0001),
    (0x01b132, 0x0004),
    (0x01b133, 0x0001),
    (0x01b150, 0x0004),
    (0x01b153, 0x0001),
    (0x01b155, 0x0004),
    (0x01b156, 0x0001),
    (0x01b164, 0x0004),
    (0x01b168, 0x0001),
    (0x01b170, 0x0004),
    (0x01b2fc, 0x0001),
    (0x01bc00, 0x0004),
    (0x01bc6b, 0x0001),
    (0x01bc70, 0x0004),
    (0x01bc7d, 0x0001),
    (0x01bc80, 0x0004),
    (0x01bc89, 0x0001),
    (0x01bc90, 0x0004),
    (0x01bc9a, 0x0001),
    (0x01bc9c, 0x0040),
    (0x01bc9d, 0x0010),
    (0x01bc9f, 0x0020),
    (0x01bca0, 0x0080),
    (0x01bca4, 0x0001),
    (0x01cf00, 0x0010),
    (0x01cf2e, 0x0001),
    (0x01cf30, 0x0010),
    (0x01cf47, 0x0001),
    (0x01cf50, 0x0040),
    (0x01cfc4, 0x0001),
    (0x01d000, 0x0040),
    (0x01d0f6, 0x0001),
    (0x01d100, 0x0040),
    (0x01d127, 0x0001),
    (0x01d129, 0x0040),
    (0x01d165, 0x0010),
    (0x01d16a, 0x0040),
    (0x01d16d, 0x0010),
    (0x01d173, 0x0080),
    (0x01d17b, 0x0010),
    (0x01d183, 0x0040),
    (0x01d185, 0x0010),
    (0x01d18c, 0x0040),
    (0x01d1aa, 0x0010),
    (0x01d1ae, 0x0040),
    (0x01d1eb, 0x0001),
    (0x01d200, 0x0040),
    (0x01d242, 0x0010),
    (0x01d245, 0x0040),
    (0x01d246, 0x0001),
    (0x01d2c0, 0x0002),
    (0x01d2d4, 0x0001),
    (0x01d2e0, 0x0002),
    (0x01d2f4, 0x0001),
    (0x01d300, 0x0040),
    (0x01d357, 0x0001),
    (0x01d360, 0x0002),
    (0x01d379, 0x0001),
    (0x01d400, 0x0004),
    (0x01d455, 0x0001),
    (0x01d456, 0x0004),
    (0x01d49d, 0x0001),
    (0x01d49e, 0x0004),
    (0x01d4a0, 0x0001),
    (0x01d4a2, 0x0004),
    (0x01d4a3, 0x0001),
    (0x01d4a5, 0x0004),
    (0x01d4a7, 0x0001),
    (0x01d4a9, 0x0004),
    (0x01d4ad, 0x0001),
    (0x01d4ae, 0x0004),
    (0x01d4ba, 0x0001),
    (0x01d4bb, 0x0004),
    (0x01d4bc, 0x0001),
    (0x01d4bd, 0x0004),
    (0x01d4c4, 0x0001),
    (0x01d4c5, 0x0004),
    (0x01d506, 0x0001),
    (0x01d507, 0x0004),
    (0x01d50b, 0x0001),
    (0x01d50d, 0x0004),
    (0x01d515, 0x0001),
    (0x01d516, 0x0004),
    (0x01d51d, 0x0001),
    (0x01d51e, 0x0004),
    (0x01d53a, 0x0001),
    (0x01d53b, 0x0004),
    (0x01d53f, 0x0001),
    (0x01d540, 0x0004),
    (0x01d545, 0x0001),
    (0x01d546, 0x0004),
    (0x01d547, 0x0001),
    (0x01d54a, 0x0004),
    (0x01d551, 0x0001),
    (0x01d552, 0x0004),
    (0x01d6a6, 0x0001),
    (0x01d6a8, 0x0004),
    (0x01d6c1, 0x0040),
    (0x01d6c2, 0x0004),
    (0x01d6db, 0x0040),
    (0x01d6dc, 0x0004),
    (0x01d6fb, 0x0040),
    (0x01d6fc, 0x0004),
    (0x01d715, 0x0040),
    (0x01d716, 0x0004),
    (0x01d735, 0x0040),
    (0x01d736, 0x0004),
    (0x01d74f, 0x0040),
    (0x01d750, 0x0004),
    (0x01d76f, 0x0040),
    (0x01d770, 0x0004),
    (0x01d789, 0x0040),
    (0x01d78a, 0x0004),
    (0x01d7a9, 0x0040),
    (0x01d7aa, 0x0004),
    (0x01d7c3, 0x0040),
    (0x01d7c4, 0x0004),
    (0x01d7cc, 0x0001),
    (0x01d7ce, 0x0002),
    (0x01d800, 0x0040),
    (0x01da00, 0x0010),
    (0x01da37, 0x0040),
    (0x01da3b, 0x0010),
    (0x01da6d, 0x0040),
    (0x01da75, 0x0010),
    (0x01da76, 0x0040),
    (0x01da84, 0x0010),
    (0x01da85, 0x0040),
    (0x01da87, 0x0020),
    (0x01da8c, 0x0001),
    (0x01da9b, 0x0010),
    (0x01daa0, 0x0001),
    (0x01daa1, 0x0010),
    (0x01dab0, 0x0001),
    (0x01df00, 0x0004),
    (0x01df1f, 0x0001),
    (0x01df25, 0x0004),
    (0x01df2b, 0x0001),
    (0x01e000, 0x0010),
    (0x01e007, 0x0001),
    (0x01e008, 0x0010),
    (0x01e019, 0x0001),
    (0x01e01b, 0x0010),
    (0x01e022, 0x0001),
    (0x01e023, 0x0010),
    (0x01e025, 0x0001),
    (0x01e026, 0x0010),
    (0x01e02b, 0x0001),
    (0x01e030, 0x0004),
    (0x01e06e, 0x0001),
    (0x01e08f, 0x0010),
    (0x01e090, 0x0001),
    (0x01e100, 0x0004),
    (0x01e12d, 0x0001),
    (0x01e130, 0x0010),
    (0x01e137, 0x0004),
    (0x01e13e, 0x0001),
    (0x01e140, 0x0002),
    (0x01e14a, 0x0001),
    (0x01e14e, 0x0004),
    (0x01e14f, 0x0040),
    (0x01e150, 0x0001),
    (0x01e290, 0x0004),
    (0x01e2ae, 0x0010),
    (0x01e2af, 0x0001),
    (0x01e2c0, 0x0004),
    (0x01e2ec, 0x0010),
    (0x01e2f0, 0x0002),
    (0x01e2fa, 0x0001),
    (0x01e2ff, 0x0040),
    (0x01e300, 0x0001),
    (0x01e4d0, 0x0004),
    (0x01e4ec, 0x0010),
    (0x01e4f0, 0x0002),
    (0x01e4fa, 0x0001),
    (0x01e7e0, 0x0004),
    (0x01e7e7, 0x0001),
    (0x01e7e8, 0x0004),
    (0x01e7ec, 0x0001),
    (0x01e7ed, 0x0004),
    (0x01e7ef, 0x0001),
    (0x01e7f0, 0x0004),
    (0x01e7ff, 0x0001),
    (0x01e800, 0x0004),
    (0x01e8c5, 0x0001),
    (0x01e8c7, 0x0002),
    (0x01e8d0, 0x0010),
    (0x01e8d7, 0x0001),
    (0x01e900, 0x0004),
    (0x01e944, 0x0010),
    (0x01e94b, 0x0004),
    (0x01e94c, 0x0001),
    (0x01e950, 0x0002),
    (0x01e95a, 0x0001),
    (0x01e95e, 0x0020),
    (0x01e960, 0x0001),
    (0x01ec71, 0x0002),
    (0x01ecac, 0x0040),
    (0x01ecad, 0x0002),
    (0x01ecb0, 0x0040),
    (0x01ecb1, 0x0002),
    (0x01ecb5, 0x0001),
    (0x01ed01, 0x0002),
    (0x01ed2e, 0x0040),
    (0x01ed2f, 0x0002),
    (0x01ed3e, 0x0001),
    (0x01ee00, 0x0004),
    (0x01ee04, 0x0001),
    (0x01ee05, 0x0004),
    (0x01ee20, 0x0001),
    (0x01ee21, 0x0004),
    (0x01ee23, 0x0001),
    (0x01ee24, 0x0004),
    (0x01ee25, 0x0001),
    (0x01ee27, 0x0004),
    (0x01ee28, 0x0001),
    (0x01ee29, 0x0004),
    (0x01ee33, 0x0001),
    (0x01ee34, 0x0004),
    (0x01ee38, 0x0001),
    (0x01ee39, 0x0004),
    (0x01ee3a, 0x0001),
    (0x01ee3b, 0x0004),
    (0x01ee3c, 0x0001),
    (0x01ee42, 0x0004),
    (0x01ee43, 0x0001),
    (0x01ee47, 0x0004),
    (0x01ee48, 0x0001),
    (0x01ee49, 0x0004),
    (0x01ee4a, 0x0001),
    (0x01ee4b, 0x0004),
    (0x01ee4c, 0x0001),
    (0x01ee4d, 0x0004),
    (0x01ee50, 0x0001),
    (0x01ee51, 0x0004),
    (0x01ee53, 0x0001),
    (0x01ee54, 0x0004),
    (0x01ee55, 0x0001),
    (0x01ee57, 0x0004),
    (0x01ee58, 0x0001),
    (0x01ee59, 0x0004),
    (0x01ee5a, 0x0001),
    (0x01ee5b, 0x0004),
    (0x01ee5c, 0x0001),
    (0x01ee5d, 0x0004),
    (0x01ee5e, 0x0001),
    (0x01ee5f, 0x0004),
    (0x01ee60, 0x0001),
    (0x01ee61, 0x0004),
    (0x01ee63, 0x0001),
    (0x01ee64, 0x0004),
    (0x01ee65, 0x0001),
    (0x01ee67, 0x0004),
    (0x01ee6b, 0x0001),
    (0x01ee6c, 0x0004),
    (0x01ee73, 0x0001),
    (0x01ee74, 0x0004),
    (0x01ee78, 0x0001),
    (0x01ee79, 0x0004),
    (0x01ee7d, 0x0001),
    (0x01ee7e, 0x0004),
    (0x01ee7f, 0x0001),
    (0x01ee80, 0x0004),
    (0x01ee8a, 0x0001),
    (0x01ee8b, 0x0004),
    (0x01ee9c, 0x0001),
    (0x01eea1, 0x0004),
    (0x01eea4, 0x0001),
    (0x01eea5, 0x0004),
    (0x01eeaa, 0x0001),
    (0x01eeab, 0x0004),
    (0x01eebc, 0x0001),
    (0x01eef0, 0x0040),
    (0x01eef2, 0x0001),
    (0x01f000, 0x0040),
    (0x01f02c, 0x0001),
    (0x01f030, 0x0040),
    (0x01f094, 0x0001),
    (0x01f0a0, 0x0040),
    (0x01f0af, 0x0001),
    (0x01f0b1, 0x0040),
    (0x01f0c0, 0x0001),
    (0x01f0c1, 0x0040),
    (0x01f0d0, 0x0001),
    (0x01f0d1, 0x0040),
    (0x01f0f6, 0x0001),
    (0x01f100, 0x0002),
    (0x01f10d, 0x0040),
    (0x01f1ae, 0x0001),
    (0x01f1e6, 0x0040),
    (0x01f203, 0x0001),
    (0x01f210, 0x0040),
    (0x01f23c, 0x0001),
    (0x01f240, 0x0040),
    (0x01f249, 0x0001),
    (0x01f250, 0x0040),
    (0x01f252, 0x0001),
    (0x01f260, 0x0040),
    (0x01f266, 0x0001),
    (0x01f300, 0x0040),
    (0x01f6d8, 0x0001),
    (0x01f6dc, 0x0040),
    (0x01f6ed, 0x0001),
    (0x01f6f0, 0x0040),
    (0x01f6fd, 0x0001),
    (0x01f700, 0x0040),
    (0x01f777, 0x0001),
    (0x01f77b, 0x0040),
    (0x01f7da, 0x0001),
    (0x01f7e0, 0x0040),
    (0x01f7ec, 0x0001),
    (0x01f7f0, 0x0040),
    (0x01f7f1, 0x0001),
    (0x01f800, 0x0040),
    (0x01f80c, 0x0001),
    (0x01f810, 0x0040),
    (0x01f848, 0x0001),
    (0x01f850, 0x0040),
    (0x01f85a, 0x0001),
    (0x01f860, 0x0040),
    (0x01f888, 0x0001),
    (0x01f890, 0x0040),
    (0x01f8ae, 0x0001),
    (0x01f8b0, 0x0040),
    (0x01f8b2, 0x0001),
    (0x01f900, 0x0040),
    (0x01fa54, 0x0001),
    (0x01fa60, 0x0040),
    (0x01fa6e, 0x0001),
    (0x01fa70, 0x0040),
    (0x01fa7d, 0x0001),
    (0x01fa80, 0x0040),
    (0x01fa89, 0x0001),
    (0x01fa90, 0x0040),
    (0x01fabe, 0x0001),
    (0x01fabf, 0x0040),
    (0x01fac6, 0x0001),
    (0x01face, 0x0040),
    (0x01fadc, 0x0001),
    (0x01fae0, 0x0040),
    (0x01fae9, 0x0001),
    (0x01faf0, 0x0040),
    (0x01faf9, 0x0001),
    (0x01fb00, 0x0040),
    (0x01fb93, 0x0001),
    (0x01fb94, 0x0040),
    (0x01fbcb, 0x0001),
    (0x01fbf0, 0x0002),
    (0x01fbfa, 0x0001),
    (0x020000, 0x0004),
    (0x02a6e0, 0x0001),
    (0x02a700, 0x0004),
    (0x02b73a, 0x0001),
    (0x02b740, 0x0004),
    (0x02b81e, 0x0001),
    (0x02b820, 0x0004),
    (0x02cea2, 0x0001),
    (0x02ceb0, 0x0004),
    (0x02ebe1, 0x0001),
    (0x02ebf0, 0x0004),
    (0x02ee5e, 0x0001),
    (0x02f800, 0x0004),
    (0x02fa1e, 0x0001),
    (0x030000, 0x0004),
    (0x03134b, 0x0001),
    (0x031350, 0x0004),
    (0x0323b0, 0x0001),
    (0x0e0001, 0x0080),
    (0x0e0002, 0x0001),
    (0x0e0020, 0x0080),
    (0x0e0080, 0x0001),
    (0x0e0100, 0x0010),
    (0x0e01f0, 0x0001),
    (0x0f0000, 0x0080),
    (0x0ffffe, 0x0001),
    (0x100000, 0x0080),
    (0x10fffe, 0x0001),
    (0x110000, 0x0000),
];

/// Codepoints with the `is_whitespace` helper flag (regex: \s superset source).
pub const UNICODE_SET_WHITESPACE: &[u32] = &[
    0x000009, 0x00000a, 0x00000b, 0x00000c, 0x00000d, 0x000020, 0x000085, 0x0000a0, 0x001680,
    0x002000, 0x002001, 0x002002, 0x002003, 0x002004, 0x002005, 0x002006, 0x002007, 0x002008,
    0x002009, 0x00200a, 0x002028, 0x002029, 0x00202f, 0x00205f, 0x003000,
];

/// (from, to) simple lowercase mapping, sorted by `from` (binary-searched).
pub const UNICODE_MAP_LOWERCASE: &[(u32, u32)] = &[
    (0x000041, 0x0061),
    (0x000042, 0x0062),
    (0x000043, 0x0063),
    (0x000044, 0x0064),
    (0x000045, 0x0065),
    (0x000046, 0x0066),
    (0x000047, 0x0067),
    (0x000048, 0x0068),
    (0x000049, 0x0069),
    (0x00004a, 0x006a),
    (0x00004b, 0x006b),
    (0x00004c, 0x006c),
    (0x00004d, 0x006d),
    (0x00004e, 0x006e),
    (0x00004f, 0x006f),
    (0x000050, 0x0070),
    (0x000051, 0x0071),
    (0x000052, 0x0072),
    (0x000053, 0x0073),
    (0x000054, 0x0074),
    (0x000055, 0x0075),
    (0x000056, 0x0076),
    (0x000057, 0x0077),
    (0x000058, 0x0078),
    (0x000059, 0x0079),
    (0x00005a, 0x007a),
    (0x0000c0, 0x00e0),
    (0x0000c1, 0x00e1),
    (0x0000c2, 0x00e2),
    (0x0000c3, 0x00e3),
    (0x0000c4, 0x00e4),
    (0x0000c5, 0x00e5),
    (0x0000c6, 0x00e6),
    (0x0000c7, 0x00e7),
    (0x0000c8, 0x00e8),
    (0x0000c9, 0x00e9),
    (0x0000ca, 0x00ea),
    (0x0000cb, 0x00eb),
    (0x0000cc, 0x00ec),
    (0x0000cd, 0x00ed),
    (0x0000ce, 0x00ee),
    (0x0000cf, 0x00ef),
    (0x0000d0, 0x00f0),
    (0x0000d1, 0x00f1),
    (0x0000d2, 0x00f2),
    (0x0000d3, 0x00f3),
    (0x0000d4, 0x00f4),
    (0x0000d5, 0x00f5),
    (0x0000d6, 0x00f6),
    (0x0000d8, 0x00f8),
    (0x0000d9, 0x00f9),
    (0x0000da, 0x00fa),
    (0x0000db, 0x00fb),
    (0x0000dc, 0x00fc),
    (0x0000dd, 0x00fd),
    (0x0000de, 0x00fe),
    (0x000100, 0x0101),
    (0x000102, 0x0103),
    (0x000104, 0x0105),
    (0x000106, 0x0107),
    (0x000108, 0x0109),
    (0x00010a, 0x010b),
    (0x00010c, 0x010d),
    (0x00010e, 0x010f),
    (0x000110, 0x0111),
    (0x000112, 0x0113),
    (0x000114, 0x0115),
    (0x000116, 0x0117),
    (0x000118, 0x0119),
    (0x00011a, 0x011b),
    (0x00011c, 0x011d),
    (0x00011e, 0x011f),
    (0x000120, 0x0121),
    (0x000122, 0x0123),
    (0x000124, 0x0125),
    (0x000126, 0x0127),
    (0x000128, 0x0129),
    (0x00012a, 0x012b),
    (0x00012c, 0x012d),
    (0x00012e, 0x012f),
    (0x000130, 0x0069),
    (0x000132, 0x0133),
    (0x000134, 0x0135),
    (0x000136, 0x0137),
    (0x000139, 0x013a),
    (0x00013b, 0x013c),
    (0x00013d, 0x013e),
    (0x00013f, 0x0140),
    (0x000141, 0x0142),
    (0x000143, 0x0144),
    (0x000145, 0x0146),
    (0x000147, 0x0148),
    (0x00014a, 0x014b),
    (0x00014c, 0x014d),
    (0x00014e, 0x014f),
    (0x000150, 0x0151),
    (0x000152, 0x0153),
    (0x000154, 0x0155),
    (0x000156, 0x0157),
    (0x000158, 0x0159),
    (0x00015a, 0x015b),
    (0x00015c, 0x015d),
    (0x00015e, 0x015f),
    (0x000160, 0x0161),
    (0x000162, 0x0163),
    (0x000164, 0x0165),
    (0x000166, 0x0167),
    (0x000168, 0x0169),
    (0x00016a, 0x016b),
    (0x00016c, 0x016d),
    (0x00016e, 0x016f),
    (0x000170, 0x0171),
    (0x000172, 0x0173),
    (0x000174, 0x0175),
    (0x000176, 0x0177),
    (0x000178, 0x00ff),
    (0x000179, 0x017a),
    (0x00017b, 0x017c),
    (0x00017d, 0x017e),
    (0x000181, 0x0253),
    (0x000182, 0x0183),
    (0x000184, 0x0185),
    (0x000186, 0x0254),
    (0x000187, 0x0188),
    (0x000189, 0x0256),
    (0x00018a, 0x0257),
    (0x00018b, 0x018c),
    (0x00018e, 0x01dd),
    (0x00018f, 0x0259),
    (0x000190, 0x025b),
    (0x000191, 0x0192),
    (0x000193, 0x0260),
    (0x000194, 0x0263),
    (0x000196, 0x0269),
    (0x000197, 0x0268),
    (0x000198, 0x0199),
    (0x00019c, 0x026f),
    (0x00019d, 0x0272),
    (0x00019f, 0x0275),
    (0x0001a0, 0x01a1),
    (0x0001a2, 0x01a3),
    (0x0001a4, 0x01a5),
    (0x0001a6, 0x0280),
    (0x0001a7, 0x01a8),
    (0x0001a9, 0x0283),
    (0x0001ac, 0x01ad),
    (0x0001ae, 0x0288),
    (0x0001af, 0x01b0),
    (0x0001b1, 0x028a),
    (0x0001b2, 0x028b),
    (0x0001b3, 0x01b4),
    (0x0001b5, 0x01b6),
    (0x0001b7, 0x0292),
    (0x0001b8, 0x01b9),
    (0x0001bc, 0x01bd),
    (0x0001c4, 0x01c6),
    (0x0001c5, 0x01c6),
    (0x0001c7, 0x01c9),
    (0x0001c8, 0x01c9),
    (0x0001ca, 0x01cc),
    (0x0001cb, 0x01cc),
    (0x0001cd, 0x01ce),
    (0x0001cf, 0x01d0),
    (0x0001d1, 0x01d2),
    (0x0001d3, 0x01d4),
    (0x0001d5, 0x01d6),
    (0x0001d7, 0x01d8),
    (0x0001d9, 0x01da),
    (0x0001db, 0x01dc),
    (0x0001de, 0x01df),
    (0x0001e0, 0x01e1),
    (0x0001e2, 0x01e3),
    (0x0001e4, 0x01e5),
    (0x0001e6, 0x01e7),
    (0x0001e8, 0x01e9),
    (0x0001ea, 0x01eb),
    (0x0001ec, 0x01ed),
    (0x0001ee, 0x01ef),
    (0x0001f1, 0x01f3),
    (0x0001f2, 0x01f3),
    (0x0001f4, 0x01f5),
    (0x0001f6, 0x0195),
    (0x0001f7, 0x01bf),
    (0x0001f8, 0x01f9),
    (0x0001fa, 0x01fb),
    (0x0001fc, 0x01fd),
    (0x0001fe, 0x01ff),
    (0x000200, 0x0201),
    (0x000202, 0x0203),
    (0x000204, 0x0205),
    (0x000206, 0x0207),
    (0x000208, 0x0209),
    (0x00020a, 0x020b),
    (0x00020c, 0x020d),
    (0x00020e, 0x020f),
    (0x000210, 0x0211),
    (0x000212, 0x0213),
    (0x000214, 0x0215),
    (0x000216, 0x0217),
    (0x000218, 0x0219),
    (0x00021a, 0x021b),
    (0x00021c, 0x021d),
    (0x00021e, 0x021f),
    (0x000220, 0x019e),
    (0x000222, 0x0223),
    (0x000224, 0x0225),
    (0x000226, 0x0227),
    (0x000228, 0x0229),
    (0x00022a, 0x022b),
    (0x00022c, 0x022d),
    (0x00022e, 0x022f),
    (0x000230, 0x0231),
    (0x000232, 0x0233),
    (0x00023a, 0x2c65),
    (0x00023b, 0x023c),
    (0x00023d, 0x019a),
    (0x00023e, 0x2c66),
    (0x000241, 0x0242),
    (0x000243, 0x0180),
    (0x000244, 0x0289),
    (0x000245, 0x028c),
    (0x000246, 0x0247),
    (0x000248, 0x0249),
    (0x00024a, 0x024b),
    (0x00024c, 0x024d),
    (0x00024e, 0x024f),
    (0x000370, 0x0371),
    (0x000372, 0x0373),
    (0x000376, 0x0377),
    (0x00037f, 0x03f3),
    (0x000386, 0x03ac),
    (0x000388, 0x03ad),
    (0x000389, 0x03ae),
    (0x00038a, 0x03af),
    (0x00038c, 0x03cc),
    (0x00038e, 0x03cd),
    (0x00038f, 0x03ce),
    (0x000391, 0x03b1),
    (0x000392, 0x03b2),
    (0x000393, 0x03b3),
    (0x000394, 0x03b4),
    (0x000395, 0x03b5),
    (0x000396, 0x03b6),
    (0x000397, 0x03b7),
    (0x000398, 0x03b8),
    (0x000399, 0x03b9),
    (0x00039a, 0x03ba),
    (0x00039b, 0x03bb),
    (0x00039c, 0x03bc),
    (0x00039d, 0x03bd),
    (0x00039e, 0x03be),
    (0x00039f, 0x03bf),
    (0x0003a0, 0x03c0),
    (0x0003a1, 0x03c1),
    (0x0003a3, 0x03c3),
    (0x0003a4, 0x03c4),
    (0x0003a5, 0x03c5),
    (0x0003a6, 0x03c6),
    (0x0003a7, 0x03c7),
    (0x0003a8, 0x03c8),
    (0x0003a9, 0x03c9),
    (0x0003aa, 0x03ca),
    (0x0003ab, 0x03cb),
    (0x0003cf, 0x03d7),
    (0x0003d8, 0x03d9),
    (0x0003da, 0x03db),
    (0x0003dc, 0x03dd),
    (0x0003de, 0x03df),
    (0x0003e0, 0x03e1),
    (0x0003e2, 0x03e3),
    (0x0003e4, 0x03e5),
    (0x0003e6, 0x03e7),
    (0x0003e8, 0x03e9),
    (0x0003ea, 0x03eb),
    (0x0003ec, 0x03ed),
    (0x0003ee, 0x03ef),
    (0x0003f4, 0x03b8),
    (0x0003f7, 0x03f8),
    (0x0003f9, 0x03f2),
    (0x0003fa, 0x03fb),
    (0x0003fd, 0x037b),
    (0x0003fe, 0x037c),
    (0x0003ff, 0x037d),
    (0x000400, 0x0450),
    (0x000401, 0x0451),
    (0x000402, 0x0452),
    (0x000403, 0x0453),
    (0x000404, 0x0454),
    (0x000405, 0x0455),
    (0x000406, 0x0456),
    (0x000407, 0x0457),
    (0x000408, 0x0458),
    (0x000409, 0x0459),
    (0x00040a, 0x045a),
    (0x00040b, 0x045b),
    (0x00040c, 0x045c),
    (0x00040d, 0x045d),
    (0x00040e, 0x045e),
    (0x00040f, 0x045f),
    (0x000410, 0x0430),
    (0x000411, 0x0431),
    (0x000412, 0x0432),
    (0x000413, 0x0433),
    (0x000414, 0x0434),
    (0x000415, 0x0435),
    (0x000416, 0x0436),
    (0x000417, 0x0437),
    (0x000418, 0x0438),
    (0x000419, 0x0439),
    (0x00041a, 0x043a),
    (0x00041b, 0x043b),
    (0x00041c, 0x043c),
    (0x00041d, 0x043d),
    (0x00041e, 0x043e),
    (0x00041f, 0x043f),
    (0x000420, 0x0440),
    (0x000421, 0x0441),
    (0x000422, 0x0442),
    (0x000423, 0x0443),
    (0x000424, 0x0444),
    (0x000425, 0x0445),
    (0x000426, 0x0446),
    (0x000427, 0x0447),
    (0x000428, 0x0448),
    (0x000429, 0x0449),
    (0x00042a, 0x044a),
    (0x00042b, 0x044b),
    (0x00042c, 0x044c),
    (0x00042d, 0x044d),
    (0x00042e, 0x044e),
    (0x00042f, 0x044f),
    (0x000460, 0x0461),
    (0x000462, 0x0463),
    (0x000464, 0x0465),
    (0x000466, 0x0467),
    (0x000468, 0x0469),
    (0x00046a, 0x046b),
    (0x00046c, 0x046d),
    (0x00046e, 0x046f),
    (0x000470, 0x0471),
    (0x000472, 0x0473),
    (0x000474, 0x0475),
    (0x000476, 0x0477),
    (0x000478, 0x0479),
    (0x00047a, 0x047b),
    (0x00047c, 0x047d),
    (0x00047e, 0x047f),
    (0x000480, 0x0481),
    (0x00048a, 0x048b),
    (0x00048c, 0x048d),
    (0x00048e, 0x048f),
    (0x000490, 0x0491),
    (0x000492, 0x0493),
    (0x000494, 0x0495),
    (0x000496, 0x0497),
    (0x000498, 0x0499),
    (0x00049a, 0x049b),
    (0x00049c, 0x049d),
    (0x00049e, 0x049f),
    (0x0004a0, 0x04a1),
    (0x0004a2, 0x04a3),
    (0x0004a4, 0x04a5),
    (0x0004a6, 0x04a7),
    (0x0004a8, 0x04a9),
    (0x0004aa, 0x04ab),
    (0x0004ac, 0x04ad),
    (0x0004ae, 0x04af),
    (0x0004b0, 0x04b1),
    (0x0004b2, 0x04b3),
    (0x0004b4, 0x04b5),
    (0x0004b6, 0x04b7),
    (0x0004b8, 0x04b9),
    (0x0004ba, 0x04bb),
    (0x0004bc, 0x04bd),
    (0x0004be, 0x04bf),
    (0x0004c0, 0x04cf),
    (0x0004c1, 0x04c2),
    (0x0004c3, 0x04c4),
    (0x0004c5, 0x04c6),
    (0x0004c7, 0x04c8),
    (0x0004c9, 0x04ca),
    (0x0004cb, 0x04cc),
    (0x0004cd, 0x04ce),
    (0x0004d0, 0x04d1),
    (0x0004d2, 0x04d3),
    (0x0004d4, 0x04d5),
    (0x0004d6, 0x04d7),
    (0x0004d8, 0x04d9),
    (0x0004da, 0x04db),
    (0x0004dc, 0x04dd),
    (0x0004de, 0x04df),
    (0x0004e0, 0x04e1),
    (0x0004e2, 0x04e3),
    (0x0004e4, 0x04e5),
    (0x0004e6, 0x04e7),
    (0x0004e8, 0x04e9),
    (0x0004ea, 0x04eb),
    (0x0004ec, 0x04ed),
    (0x0004ee, 0x04ef),
    (0x0004f0, 0x04f1),
    (0x0004f2, 0x04f3),
    (0x0004f4, 0x04f5),
    (0x0004f6, 0x04f7),
    (0x0004f8, 0x04f9),
    (0x0004fa, 0x04fb),
    (0x0004fc, 0x04fd),
    (0x0004fe, 0x04ff),
    (0x000500, 0x0501),
    (0x000502, 0x0503),
    (0x000504, 0x0505),
    (0x000506, 0x0507),
    (0x000508, 0x0509),
    (0x00050a, 0x050b),
    (0x00050c, 0x050d),
    (0x00050e, 0x050f),
    (0x000510, 0x0511),
    (0x000512, 0x0513),
    (0x000514, 0x0515),
    (0x000516, 0x0517),
    (0x000518, 0x0519),
    (0x00051a, 0x051b),
    (0x00051c, 0x051d),
    (0x00051e, 0x051f),
    (0x000520, 0x0521),
    (0x000522, 0x0523),
    (0x000524, 0x0525),
    (0x000526, 0x0527),
    (0x000528, 0x0529),
    (0x00052a, 0x052b),
    (0x00052c, 0x052d),
    (0x00052e, 0x052f),
    (0x000531, 0x0561),
    (0x000532, 0x0562),
    (0x000533, 0x0563),
    (0x000534, 0x0564),
    (0x000535, 0x0565),
    (0x000536, 0x0566),
    (0x000537, 0x0567),
    (0x000538, 0x0568),
    (0x000539, 0x0569),
    (0x00053a, 0x056a),
    (0x00053b, 0x056b),
    (0x00053c, 0x056c),
    (0x00053d, 0x056d),
    (0x00053e, 0x056e),
    (0x00053f, 0x056f),
    (0x000540, 0x0570),
    (0x000541, 0x0571),
    (0x000542, 0x0572),
    (0x000543, 0x0573),
    (0x000544, 0x0574),
    (0x000545, 0x0575),
    (0x000546, 0x0576),
    (0x000547, 0x0577),
    (0x000548, 0x0578),
    (0x000549, 0x0579),
    (0x00054a, 0x057a),
    (0x00054b, 0x057b),
    (0x00054c, 0x057c),
    (0x00054d, 0x057d),
    (0x00054e, 0x057e),
    (0x00054f, 0x057f),
    (0x000550, 0x0580),
    (0x000551, 0x0581),
    (0x000552, 0x0582),
    (0x000553, 0x0583),
    (0x000554, 0x0584),
    (0x000555, 0x0585),
    (0x000556, 0x0586),
    (0x0010a0, 0x2d00),
    (0x0010a1, 0x2d01),
    (0x0010a2, 0x2d02),
    (0x0010a3, 0x2d03),
    (0x0010a4, 0x2d04),
    (0x0010a5, 0x2d05),
    (0x0010a6, 0x2d06),
    (0x0010a7, 0x2d07),
    (0x0010a8, 0x2d08),
    (0x0010a9, 0x2d09),
    (0x0010aa, 0x2d0a),
    (0x0010ab, 0x2d0b),
    (0x0010ac, 0x2d0c),
    (0x0010ad, 0x2d0d),
    (0x0010ae, 0x2d0e),
    (0x0010af, 0x2d0f),
    (0x0010b0, 0x2d10),
    (0x0010b1, 0x2d11),
    (0x0010b2, 0x2d12),
    (0x0010b3, 0x2d13),
    (0x0010b4, 0x2d14),
    (0x0010b5, 0x2d15),
    (0x0010b6, 0x2d16),
    (0x0010b7, 0x2d17),
    (0x0010b8, 0x2d18),
    (0x0010b9, 0x2d19),
    (0x0010ba, 0x2d1a),
    (0x0010bb, 0x2d1b),
    (0x0010bc, 0x2d1c),
    (0x0010bd, 0x2d1d),
    (0x0010be, 0x2d1e),
    (0x0010bf, 0x2d1f),
    (0x0010c0, 0x2d20),
    (0x0010c1, 0x2d21),
    (0x0010c2, 0x2d22),
    (0x0010c3, 0x2d23),
    (0x0010c4, 0x2d24),
    (0x0010c5, 0x2d25),
    (0x0010c7, 0x2d27),
    (0x0010cd, 0x2d2d),
    (0x0013a0, 0xab70),
    (0x0013a1, 0xab71),
    (0x0013a2, 0xab72),
    (0x0013a3, 0xab73),
    (0x0013a4, 0xab74),
    (0x0013a5, 0xab75),
    (0x0013a6, 0xab76),
    (0x0013a7, 0xab77),
    (0x0013a8, 0xab78),
    (0x0013a9, 0xab79),
    (0x0013aa, 0xab7a),
    (0x0013ab, 0xab7b),
    (0x0013ac, 0xab7c),
    (0x0013ad, 0xab7d),
    (0x0013ae, 0xab7e),
    (0x0013af, 0xab7f),
    (0x0013b0, 0xab80),
    (0x0013b1, 0xab81),
    (0x0013b2, 0xab82),
    (0x0013b3, 0xab83),
    (0x0013b4, 0xab84),
    (0x0013b5, 0xab85),
    (0x0013b6, 0xab86),
    (0x0013b7, 0xab87),
    (0x0013b8, 0xab88),
    (0x0013b9, 0xab89),
    (0x0013ba, 0xab8a),
    (0x0013bb, 0xab8b),
    (0x0013bc, 0xab8c),
    (0x0013bd, 0xab8d),
    (0x0013be, 0xab8e),
    (0x0013bf, 0xab8f),
    (0x0013c0, 0xab90),
    (0x0013c1, 0xab91),
    (0x0013c2, 0xab92),
    (0x0013c3, 0xab93),
    (0x0013c4, 0xab94),
    (0x0013c5, 0xab95),
    (0x0013c6, 0xab96),
    (0x0013c7, 0xab97),
    (0x0013c8, 0xab98),
    (0x0013c9, 0xab99),
    (0x0013ca, 0xab9a),
    (0x0013cb, 0xab9b),
    (0x0013cc, 0xab9c),
    (0x0013cd, 0xab9d),
    (0x0013ce, 0xab9e),
    (0x0013cf, 0xab9f),
    (0x0013d0, 0xaba0),
    (0x0013d1, 0xaba1),
    (0x0013d2, 0xaba2),
    (0x0013d3, 0xaba3),
    (0x0013d4, 0xaba4),
    (0x0013d5, 0xaba5),
    (0x0013d6, 0xaba6),
    (0x0013d7, 0xaba7),
    (0x0013d8, 0xaba8),
    (0x0013d9, 0xaba9),
    (0x0013da, 0xabaa),
    (0x0013db, 0xabab),
    (0x0013dc, 0xabac),
    (0x0013dd, 0xabad),
    (0x0013de, 0xabae),
    (0x0013df, 0xabaf),
    (0x0013e0, 0xabb0),
    (0x0013e1, 0xabb1),
    (0x0013e2, 0xabb2),
    (0x0013e3, 0xabb3),
    (0x0013e4, 0xabb4),
    (0x0013e5, 0xabb5),
    (0x0013e6, 0xabb6),
    (0x0013e7, 0xabb7),
    (0x0013e8, 0xabb8),
    (0x0013e9, 0xabb9),
    (0x0013ea, 0xabba),
    (0x0013eb, 0xabbb),
    (0x0013ec, 0xabbc),
    (0x0013ed, 0xabbd),
    (0x0013ee, 0xabbe),
    (0x0013ef, 0xabbf),
    (0x0013f0, 0x13f8),
    (0x0013f1, 0x13f9),
    (0x0013f2, 0x13fa),
    (0x0013f3, 0x13fb),
    (0x0013f4, 0x13fc),
    (0x0013f5, 0x13fd),
    (0x001c90, 0x10d0),
    (0x001c91, 0x10d1),
    (0x001c92, 0x10d2),
    (0x001c93, 0x10d3),
    (0x001c94, 0x10d4),
    (0x001c95, 0x10d5),
    (0x001c96, 0x10d6),
    (0x001c97, 0x10d7),
    (0x001c98, 0x10d8),
    (0x001c99, 0x10d9),
    (0x001c9a, 0x10da),
    (0x001c9b, 0x10db),
    (0x001c9c, 0x10dc),
    (0x001c9d, 0x10dd),
    (0x001c9e, 0x10de),
    (0x001c9f, 0x10df),
    (0x001ca0, 0x10e0),
    (0x001ca1, 0x10e1),
    (0x001ca2, 0x10e2),
    (0x001ca3, 0x10e3),
    (0x001ca4, 0x10e4),
    (0x001ca5, 0x10e5),
    (0x001ca6, 0x10e6),
    (0x001ca7, 0x10e7),
    (0x001ca8, 0x10e8),
    (0x001ca9, 0x10e9),
    (0x001caa, 0x10ea),
    (0x001cab, 0x10eb),
    (0x001cac, 0x10ec),
    (0x001cad, 0x10ed),
    (0x001cae, 0x10ee),
    (0x001caf, 0x10ef),
    (0x001cb0, 0x10f0),
    (0x001cb1, 0x10f1),
    (0x001cb2, 0x10f2),
    (0x001cb3, 0x10f3),
    (0x001cb4, 0x10f4),
    (0x001cb5, 0x10f5),
    (0x001cb6, 0x10f6),
    (0x001cb7, 0x10f7),
    (0x001cb8, 0x10f8),
    (0x001cb9, 0x10f9),
    (0x001cba, 0x10fa),
    (0x001cbd, 0x10fd),
    (0x001cbe, 0x10fe),
    (0x001cbf, 0x10ff),
    (0x001e00, 0x1e01),
    (0x001e02, 0x1e03),
    (0x001e04, 0x1e05),
    (0x001e06, 0x1e07),
    (0x001e08, 0x1e09),
    (0x001e0a, 0x1e0b),
    (0x001e0c, 0x1e0d),
    (0x001e0e, 0x1e0f),
    (0x001e10, 0x1e11),
    (0x001e12, 0x1e13),
    (0x001e14, 0x1e15),
    (0x001e16, 0x1e17),
    (0x001e18, 0x1e19),
    (0x001e1a, 0x1e1b),
    (0x001e1c, 0x1e1d),
    (0x001e1e, 0x1e1f),
    (0x001e20, 0x1e21),
    (0x001e22, 0x1e23),
    (0x001e24, 0x1e25),
    (0x001e26, 0x1e27),
    (0x001e28, 0x1e29),
    (0x001e2a, 0x1e2b),
    (0x001e2c, 0x1e2d),
    (0x001e2e, 0x1e2f),
    (0x001e30, 0x1e31),
    (0x001e32, 0x1e33),
    (0x001e34, 0x1e35),
    (0x001e36, 0x1e37),
    (0x001e38, 0x1e39),
    (0x001e3a, 0x1e3b),
    (0x001e3c, 0x1e3d),
    (0x001e3e, 0x1e3f),
    (0x001e40, 0x1e41),
    (0x001e42, 0x1e43),
    (0x001e44, 0x1e45),
    (0x001e46, 0x1e47),
    (0x001e48, 0x1e49),
    (0x001e4a, 0x1e4b),
    (0x001e4c, 0x1e4d),
    (0x001e4e, 0x1e4f),
    (0x001e50, 0x1e51),
    (0x001e52, 0x1e53),
    (0x001e54, 0x1e55),
    (0x001e56, 0x1e57),
    (0x001e58, 0x1e59),
    (0x001e5a, 0x1e5b),
    (0x001e5c, 0x1e5d),
    (0x001e5e, 0x1e5f),
    (0x001e60, 0x1e61),
    (0x001e62, 0x1e63),
    (0x001e64, 0x1e65),
    (0x001e66, 0x1e67),
    (0x001e68, 0x1e69),
    (0x001e6a, 0x1e6b),
    (0x001e6c, 0x1e6d),
    (0x001e6e, 0x1e6f),
    (0x001e70, 0x1e71),
    (0x001e72, 0x1e73),
    (0x001e74, 0x1e75),
    (0x001e76, 0x1e77),
    (0x001e78, 0x1e79),
    (0x001e7a, 0x1e7b),
    (0x001e7c, 0x1e7d),
    (0x001e7e, 0x1e7f),
    (0x001e80, 0x1e81),
    (0x001e82, 0x1e83),
    (0x001e84, 0x1e85),
    (0x001e86, 0x1e87),
    (0x001e88, 0x1e89),
    (0x001e8a, 0x1e8b),
    (0x001e8c, 0x1e8d),
    (0x001e8e, 0x1e8f),
    (0x001e90, 0x1e91),
    (0x001e92, 0x1e93),
    (0x001e94, 0x1e95),
    (0x001e9e, 0x00df),
    (0x001ea0, 0x1ea1),
    (0x001ea2, 0x1ea3),
    (0x001ea4, 0x1ea5),
    (0x001ea6, 0x1ea7),
    (0x001ea8, 0x1ea9),
    (0x001eaa, 0x1eab),
    (0x001eac, 0x1ead),
    (0x001eae, 0x1eaf),
    (0x001eb0, 0x1eb1),
    (0x001eb2, 0x1eb3),
    (0x001eb4, 0x1eb5),
    (0x001eb6, 0x1eb7),
    (0x001eb8, 0x1eb9),
    (0x001eba, 0x1ebb),
    (0x001ebc, 0x1ebd),
    (0x001ebe, 0x1ebf),
    (0x001ec0, 0x1ec1),
    (0x001ec2, 0x1ec3),
    (0x001ec4, 0x1ec5),
    (0x001ec6, 0x1ec7),
    (0x001ec8, 0x1ec9),
    (0x001eca, 0x1ecb),
    (0x001ecc, 0x1ecd),
    (0x001ece, 0x1ecf),
    (0x001ed0, 0x1ed1),
    (0x001ed2, 0x1ed3),
    (0x001ed4, 0x1ed5),
    (0x001ed6, 0x1ed7),
    (0x001ed8, 0x1ed9),
    (0x001eda, 0x1edb),
    (0x001edc, 0x1edd),
    (0x001ede, 0x1edf),
    (0x001ee0, 0x1ee1),
    (0x001ee2, 0x1ee3),
    (0x001ee4, 0x1ee5),
    (0x001ee6, 0x1ee7),
    (0x001ee8, 0x1ee9),
    (0x001eea, 0x1eeb),
    (0x001eec, 0x1eed),
    (0x001eee, 0x1eef),
    (0x001ef0, 0x1ef1),
    (0x001ef2, 0x1ef3),
    (0x001ef4, 0x1ef5),
    (0x001ef6, 0x1ef7),
    (0x001ef8, 0x1ef9),
    (0x001efa, 0x1efb),
    (0x001efc, 0x1efd),
    (0x001efe, 0x1eff),
    (0x001f08, 0x1f00),
    (0x001f09, 0x1f01),
    (0x001f0a, 0x1f02),
    (0x001f0b, 0x1f03),
    (0x001f0c, 0x1f04),
    (0x001f0d, 0x1f05),
    (0x001f0e, 0x1f06),
    (0x001f0f, 0x1f07),
    (0x001f18, 0x1f10),
    (0x001f19, 0x1f11),
    (0x001f1a, 0x1f12),
    (0x001f1b, 0x1f13),
    (0x001f1c, 0x1f14),
    (0x001f1d, 0x1f15),
    (0x001f28, 0x1f20),
    (0x001f29, 0x1f21),
    (0x001f2a, 0x1f22),
    (0x001f2b, 0x1f23),
    (0x001f2c, 0x1f24),
    (0x001f2d, 0x1f25),
    (0x001f2e, 0x1f26),
    (0x001f2f, 0x1f27),
    (0x001f38, 0x1f30),
    (0x001f39, 0x1f31),
    (0x001f3a, 0x1f32),
    (0x001f3b, 0x1f33),
    (0x001f3c, 0x1f34),
    (0x001f3d, 0x1f35),
    (0x001f3e, 0x1f36),
    (0x001f3f, 0x1f37),
    (0x001f48, 0x1f40),
    (0x001f49, 0x1f41),
    (0x001f4a, 0x1f42),
    (0x001f4b, 0x1f43),
    (0x001f4c, 0x1f44),
    (0x001f4d, 0x1f45),
    (0x001f59, 0x1f51),
    (0x001f5b, 0x1f53),
    (0x001f5d, 0x1f55),
    (0x001f5f, 0x1f57),
    (0x001f68, 0x1f60),
    (0x001f69, 0x1f61),
    (0x001f6a, 0x1f62),
    (0x001f6b, 0x1f63),
    (0x001f6c, 0x1f64),
    (0x001f6d, 0x1f65),
    (0x001f6e, 0x1f66),
    (0x001f6f, 0x1f67),
    (0x001f88, 0x1f80),
    (0x001f89, 0x1f81),
    (0x001f8a, 0x1f82),
    (0x001f8b, 0x1f83),
    (0x001f8c, 0x1f84),
    (0x001f8d, 0x1f85),
    (0x001f8e, 0x1f86),
    (0x001f8f, 0x1f87),
    (0x001f98, 0x1f90),
    (0x001f99, 0x1f91),
    (0x001f9a, 0x1f92),
    (0x001f9b, 0x1f93),
    (0x001f9c, 0x1f94),
    (0x001f9d, 0x1f95),
    (0x001f9e, 0x1f96),
    (0x001f9f, 0x1f97),
    (0x001fa8, 0x1fa0),
    (0x001fa9, 0x1fa1),
    (0x001faa, 0x1fa2),
    (0x001fab, 0x1fa3),
    (0x001fac, 0x1fa4),
    (0x001fad, 0x1fa5),
    (0x001fae, 0x1fa6),
    (0x001faf, 0x1fa7),
    (0x001fb8, 0x1fb0),
    (0x001fb9, 0x1fb1),
    (0x001fba, 0x1f70),
    (0x001fbb, 0x1f71),
    (0x001fbc, 0x1fb3),
    (0x001fc8, 0x1f72),
    (0x001fc9, 0x1f73),
    (0x001fca, 0x1f74),
    (0x001fcb, 0x1f75),
    (0x001fcc, 0x1fc3),
    (0x001fd8, 0x1fd0),
    (0x001fd9, 0x1fd1),
    (0x001fda, 0x1f76),
    (0x001fdb, 0x1f77),
    (0x001fe8, 0x1fe0),
    (0x001fe9, 0x1fe1),
    (0x001fea, 0x1f7a),
    (0x001feb, 0x1f7b),
    (0x001fec, 0x1fe5),
    (0x001ff8, 0x1f78),
    (0x001ff9, 0x1f79),
    (0x001ffa, 0x1f7c),
    (0x001ffb, 0x1f7d),
    (0x001ffc, 0x1ff3),
    (0x002126, 0x03c9),
    (0x00212a, 0x006b),
    (0x00212b, 0x00e5),
    (0x002132, 0x214e),
    (0x002160, 0x2170),
    (0x002161, 0x2171),
    (0x002162, 0x2172),
    (0x002163, 0x2173),
    (0x002164, 0x2174),
    (0x002165, 0x2175),
    (0x002166, 0x2176),
    (0x002167, 0x2177),
    (0x002168, 0x2178),
    (0x002169, 0x2179),
    (0x00216a, 0x217a),
    (0x00216b, 0x217b),
    (0x00216c, 0x217c),
    (0x00216d, 0x217d),
    (0x00216e, 0x217e),
    (0x00216f, 0x217f),
    (0x002183, 0x2184),
    (0x0024b6, 0x24d0),
    (0x0024b7, 0x24d1),
    (0x0024b8, 0x24d2),
    (0x0024b9, 0x24d3),
    (0x0024ba, 0x24d4),
    (0x0024bb, 0x24d5),
    (0x0024bc, 0x24d6),
    (0x0024bd, 0x24d7),
    (0x0024be, 0x24d8),
    (0x0024bf, 0x24d9),
    (0x0024c0, 0x24da),
    (0x0024c1, 0x24db),
    (0x0024c2, 0x24dc),
    (0x0024c3, 0x24dd),
    (0x0024c4, 0x24de),
    (0x0024c5, 0x24df),
    (0x0024c6, 0x24e0),
    (0x0024c7, 0x24e1),
    (0x0024c8, 0x24e2),
    (0x0024c9, 0x24e3),
    (0x0024ca, 0x24e4),
    (0x0024cb, 0x24e5),
    (0x0024cc, 0x24e6),
    (0x0024cd, 0x24e7),
    (0x0024ce, 0x24e8),
    (0x0024cf, 0x24e9),
    (0x002c00, 0x2c30),
    (0x002c01, 0x2c31),
    (0x002c02, 0x2c32),
    (0x002c03, 0x2c33),
    (0x002c04, 0x2c34),
    (0x002c05, 0x2c35),
    (0x002c06, 0x2c36),
    (0x002c07, 0x2c37),
    (0x002c08, 0x2c38),
    (0x002c09, 0x2c39),
    (0x002c0a, 0x2c3a),
    (0x002c0b, 0x2c3b),
    (0x002c0c, 0x2c3c),
    (0x002c0d, 0x2c3d),
    (0x002c0e, 0x2c3e),
    (0x002c0f, 0x2c3f),
    (0x002c10, 0x2c40),
    (0x002c11, 0x2c41),
    (0x002c12, 0x2c42),
    (0x002c13, 0x2c43),
    (0x002c14, 0x2c44),
    (0x002c15, 0x2c45),
    (0x002c16, 0x2c46),
    (0x002c17, 0x2c47),
    (0x002c18, 0x2c48),
    (0x002c19, 0x2c49),
    (0x002c1a, 0x2c4a),
    (0x002c1b, 0x2c4b),
    (0x002c1c, 0x2c4c),
    (0x002c1d, 0x2c4d),
    (0x002c1e, 0x2c4e),
    (0x002c1f, 0x2c4f),
    (0x002c20, 0x2c50),
    (0x002c21, 0x2c51),
    (0x002c22, 0x2c52),
    (0x002c23, 0x2c53),
    (0x002c24, 0x2c54),
    (0x002c25, 0x2c55),
    (0x002c26, 0x2c56),
    (0x002c27, 0x2c57),
    (0x002c28, 0x2c58),
    (0x002c29, 0x2c59),
    (0x002c2a, 0x2c5a),
    (0x002c2b, 0x2c5b),
    (0x002c2c, 0x2c5c),
    (0x002c2d, 0x2c5d),
    (0x002c2e, 0x2c5e),
    (0x002c2f, 0x2c5f),
    (0x002c60, 0x2c61),
    (0x002c62, 0x026b),
    (0x002c63, 0x1d7d),
    (0x002c64, 0x027d),
    (0x002c67, 0x2c68),
    (0x002c69, 0x2c6a),
    (0x002c6b, 0x2c6c),
    (0x002c6d, 0x0251),
    (0x002c6e, 0x0271),
    (0x002c6f, 0x0250),
    (0x002c70, 0x0252),
    (0x002c72, 0x2c73),
    (0x002c75, 0x2c76),
    (0x002c7e, 0x023f),
    (0x002c7f, 0x0240),
    (0x002c80, 0x2c81),
    (0x002c82, 0x2c83),
    (0x002c84, 0x2c85),
    (0x002c86, 0x2c87),
    (0x002c88, 0x2c89),
    (0x002c8a, 0x2c8b),
    (0x002c8c, 0x2c8d),
    (0x002c8e, 0x2c8f),
    (0x002c90, 0x2c91),
    (0x002c92, 0x2c93),
    (0x002c94, 0x2c95),
    (0x002c96, 0x2c97),
    (0x002c98, 0x2c99),
    (0x002c9a, 0x2c9b),
    (0x002c9c, 0x2c9d),
    (0x002c9e, 0x2c9f),
    (0x002ca0, 0x2ca1),
    (0x002ca2, 0x2ca3),
    (0x002ca4, 0x2ca5),
    (0x002ca6, 0x2ca7),
    (0x002ca8, 0x2ca9),
    (0x002caa, 0x2cab),
    (0x002cac, 0x2cad),
    (0x002cae, 0x2caf),
    (0x002cb0, 0x2cb1),
    (0x002cb2, 0x2cb3),
    (0x002cb4, 0x2cb5),
    (0x002cb6, 0x2cb7),
    (0x002cb8, 0x2cb9),
    (0x002cba, 0x2cbb),
    (0x002cbc, 0x2cbd),
    (0x002cbe, 0x2cbf),
    (0x002cc0, 0x2cc1),
    (0x002cc2, 0x2cc3),
    (0x002cc4, 0x2cc5),
    (0x002cc6, 0x2cc7),
    (0x002cc8, 0x2cc9),
    (0x002cca, 0x2ccb),
    (0x002ccc, 0x2ccd),
    (0x002cce, 0x2ccf),
    (0x002cd0, 0x2cd1),
    (0x002cd2, 0x2cd3),
    (0x002cd4, 0x2cd5),
    (0x002cd6, 0x2cd7),
    (0x002cd8, 0x2cd9),
    (0x002cda, 0x2cdb),
    (0x002cdc, 0x2cdd),
    (0x002cde, 0x2cdf),
    (0x002ce0, 0x2ce1),
    (0x002ce2, 0x2ce3),
    (0x002ceb, 0x2cec),
    (0x002ced, 0x2cee),
    (0x002cf2, 0x2cf3),
    (0x00a640, 0xa641),
    (0x00a642, 0xa643),
    (0x00a644, 0xa645),
    (0x00a646, 0xa647),
    (0x00a648, 0xa649),
    (0x00a64a, 0xa64b),
    (0x00a64c, 0xa64d),
    (0x00a64e, 0xa64f),
    (0x00a650, 0xa651),
    (0x00a652, 0xa653),
    (0x00a654, 0xa655),
    (0x00a656, 0xa657),
    (0x00a658, 0xa659),
    (0x00a65a, 0xa65b),
    (0x00a65c, 0xa65d),
    (0x00a65e, 0xa65f),
    (0x00a660, 0xa661),
    (0x00a662, 0xa663),
    (0x00a664, 0xa665),
    (0x00a666, 0xa667),
    (0x00a668, 0xa669),
    (0x00a66a, 0xa66b),
    (0x00a66c, 0xa66d),
    (0x00a680, 0xa681),
    (0x00a682, 0xa683),
    (0x00a684, 0xa685),
    (0x00a686, 0xa687),
    (0x00a688, 0xa689),
    (0x00a68a, 0xa68b),
    (0x00a68c, 0xa68d),
    (0x00a68e, 0xa68f),
    (0x00a690, 0xa691),
    (0x00a692, 0xa693),
    (0x00a694, 0xa695),
    (0x00a696, 0xa697),
    (0x00a698, 0xa699),
    (0x00a69a, 0xa69b),
    (0x00a722, 0xa723),
    (0x00a724, 0xa725),
    (0x00a726, 0xa727),
    (0x00a728, 0xa729),
    (0x00a72a, 0xa72b),
    (0x00a72c, 0xa72d),
    (0x00a72e, 0xa72f),
    (0x00a732, 0xa733),
    (0x00a734, 0xa735),
    (0x00a736, 0xa737),
    (0x00a738, 0xa739),
    (0x00a73a, 0xa73b),
    (0x00a73c, 0xa73d),
    (0x00a73e, 0xa73f),
    (0x00a740, 0xa741),
    (0x00a742, 0xa743),
    (0x00a744, 0xa745),
    (0x00a746, 0xa747),
    (0x00a748, 0xa749),
    (0x00a74a, 0xa74b),
    (0x00a74c, 0xa74d),
    (0x00a74e, 0xa74f),
    (0x00a750, 0xa751),
    (0x00a752, 0xa753),
    (0x00a754, 0xa755),
    (0x00a756, 0xa757),
    (0x00a758, 0xa759),
    (0x00a75a, 0xa75b),
    (0x00a75c, 0xa75d),
    (0x00a75e, 0xa75f),
    (0x00a760, 0xa761),
    (0x00a762, 0xa763),
    (0x00a764, 0xa765),
    (0x00a766, 0xa767),
    (0x00a768, 0xa769),
    (0x00a76a, 0xa76b),
    (0x00a76c, 0xa76d),
    (0x00a76e, 0xa76f),
    (0x00a779, 0xa77a),
    (0x00a77b, 0xa77c),
    (0x00a77d, 0x1d79),
    (0x00a77e, 0xa77f),
    (0x00a780, 0xa781),
    (0x00a782, 0xa783),
    (0x00a784, 0xa785),
    (0x00a786, 0xa787),
    (0x00a78b, 0xa78c),
    (0x00a78d, 0x0265),
    (0x00a790, 0xa791),
    (0x00a792, 0xa793),
    (0x00a796, 0xa797),
    (0x00a798, 0xa799),
    (0x00a79a, 0xa79b),
    (0x00a79c, 0xa79d),
    (0x00a79e, 0xa79f),
    (0x00a7a0, 0xa7a1),
    (0x00a7a2, 0xa7a3),
    (0x00a7a4, 0xa7a5),
    (0x00a7a6, 0xa7a7),
    (0x00a7a8, 0xa7a9),
    (0x00a7aa, 0x0266),
    (0x00a7ab, 0x025c),
    (0x00a7ac, 0x0261),
    (0x00a7ad, 0x026c),
    (0x00a7ae, 0x026a),
    (0x00a7b0, 0x029e),
    (0x00a7b1, 0x0287),
    (0x00a7b2, 0x029d),
    (0x00a7b3, 0xab53),
    (0x00a7b4, 0xa7b5),
    (0x00a7b6, 0xa7b7),
    (0x00a7b8, 0xa7b9),
    (0x00a7ba, 0xa7bb),
    (0x00a7bc, 0xa7bd),
    (0x00a7be, 0xa7bf),
    (0x00a7c0, 0xa7c1),
    (0x00a7c2, 0xa7c3),
    (0x00a7c4, 0xa794),
    (0x00a7c5, 0x0282),
    (0x00a7c6, 0x1d8e),
    (0x00a7c7, 0xa7c8),
    (0x00a7c9, 0xa7ca),
    (0x00a7d0, 0xa7d1),
    (0x00a7d6, 0xa7d7),
    (0x00a7d8, 0xa7d9),
    (0x00a7f5, 0xa7f6),
    (0x00ff21, 0xff41),
    (0x00ff22, 0xff42),
    (0x00ff23, 0xff43),
    (0x00ff24, 0xff44),
    (0x00ff25, 0xff45),
    (0x00ff26, 0xff46),
    (0x00ff27, 0xff47),
    (0x00ff28, 0xff48),
    (0x00ff29, 0xff49),
    (0x00ff2a, 0xff4a),
    (0x00ff2b, 0xff4b),
    (0x00ff2c, 0xff4c),
    (0x00ff2d, 0xff4d),
    (0x00ff2e, 0xff4e),
    (0x00ff2f, 0xff4f),
    (0x00ff30, 0xff50),
    (0x00ff31, 0xff51),
    (0x00ff32, 0xff52),
    (0x00ff33, 0xff53),
    (0x00ff34, 0xff54),
    (0x00ff35, 0xff55),
    (0x00ff36, 0xff56),
    (0x00ff37, 0xff57),
    (0x00ff38, 0xff58),
    (0x00ff39, 0xff59),
    (0x00ff3a, 0xff5a),
    (0x010400, 0x10428),
    (0x010401, 0x10429),
    (0x010402, 0x1042a),
    (0x010403, 0x1042b),
    (0x010404, 0x1042c),
    (0x010405, 0x1042d),
    (0x010406, 0x1042e),
    (0x010407, 0x1042f),
    (0x010408, 0x10430),
    (0x010409, 0x10431),
    (0x01040a, 0x10432),
    (0x01040b, 0x10433),
    (0x01040c, 0x10434),
    (0x01040d, 0x10435),
    (0x01040e, 0x10436),
    (0x01040f, 0x10437),
    (0x010410, 0x10438),
    (0x010411, 0x10439),
    (0x010412, 0x1043a),
    (0x010413, 0x1043b),
    (0x010414, 0x1043c),
    (0x010415, 0x1043d),
    (0x010416, 0x1043e),
    (0x010417, 0x1043f),
    (0x010418, 0x10440),
    (0x010419, 0x10441),
    (0x01041a, 0x10442),
    (0x01041b, 0x10443),
    (0x01041c, 0x10444),
    (0x01041d, 0x10445),
    (0x01041e, 0x10446),
    (0x01041f, 0x10447),
    (0x010420, 0x10448),
    (0x010421, 0x10449),
    (0x010422, 0x1044a),
    (0x010423, 0x1044b),
    (0x010424, 0x1044c),
    (0x010425, 0x1044d),
    (0x010426, 0x1044e),
    (0x010427, 0x1044f),
    (0x0104b0, 0x104d8),
    (0x0104b1, 0x104d9),
    (0x0104b2, 0x104da),
    (0x0104b3, 0x104db),
    (0x0104b4, 0x104dc),
    (0x0104b5, 0x104dd),
    (0x0104b6, 0x104de),
    (0x0104b7, 0x104df),
    (0x0104b8, 0x104e0),
    (0x0104b9, 0x104e1),
    (0x0104ba, 0x104e2),
    (0x0104bb, 0x104e3),
    (0x0104bc, 0x104e4),
    (0x0104bd, 0x104e5),
    (0x0104be, 0x104e6),
    (0x0104bf, 0x104e7),
    (0x0104c0, 0x104e8),
    (0x0104c1, 0x104e9),
    (0x0104c2, 0x104ea),
    (0x0104c3, 0x104eb),
    (0x0104c4, 0x104ec),
    (0x0104c5, 0x104ed),
    (0x0104c6, 0x104ee),
    (0x0104c7, 0x104ef),
    (0x0104c8, 0x104f0),
    (0x0104c9, 0x104f1),
    (0x0104ca, 0x104f2),
    (0x0104cb, 0x104f3),
    (0x0104cc, 0x104f4),
    (0x0104cd, 0x104f5),
    (0x0104ce, 0x104f6),
    (0x0104cf, 0x104f7),
    (0x0104d0, 0x104f8),
    (0x0104d1, 0x104f9),
    (0x0104d2, 0x104fa),
    (0x0104d3, 0x104fb),
    (0x010570, 0x10597),
    (0x010571, 0x10598),
    (0x010572, 0x10599),
    (0x010573, 0x1059a),
    (0x010574, 0x1059b),
    (0x010575, 0x1059c),
    (0x010576, 0x1059d),
    (0x010577, 0x1059e),
    (0x010578, 0x1059f),
    (0x010579, 0x105a0),
    (0x01057a, 0x105a1),
    (0x01057c, 0x105a3),
    (0x01057d, 0x105a4),
    (0x01057e, 0x105a5),
    (0x01057f, 0x105a6),
    (0x010580, 0x105a7),
    (0x010581, 0x105a8),
    (0x010582, 0x105a9),
    (0x010583, 0x105aa),
    (0x010584, 0x105ab),
    (0x010585, 0x105ac),
    (0x010586, 0x105ad),
    (0x010587, 0x105ae),
    (0x010588, 0x105af),
    (0x010589, 0x105b0),
    (0x01058a, 0x105b1),
    (0x01058c, 0x105b3),
    (0x01058d, 0x105b4),
    (0x01058e, 0x105b5),
    (0x01058f, 0x105b6),
    (0x010590, 0x105b7),
    (0x010591, 0x105b8),
    (0x010592, 0x105b9),
    (0x010594, 0x105bb),
    (0x010595, 0x105bc),
    (0x010c80, 0x10cc0),
    (0x010c81, 0x10cc1),
    (0x010c82, 0x10cc2),
    (0x010c83, 0x10cc3),
    (0x010c84, 0x10cc4),
    (0x010c85, 0x10cc5),
    (0x010c86, 0x10cc6),
    (0x010c87, 0x10cc7),
    (0x010c88, 0x10cc8),
    (0x010c89, 0x10cc9),
    (0x010c8a, 0x10cca),
    (0x010c8b, 0x10ccb),
    (0x010c8c, 0x10ccc),
    (0x010c8d, 0x10ccd),
    (0x010c8e, 0x10cce),
    (0x010c8f, 0x10ccf),
    (0x010c90, 0x10cd0),
    (0x010c91, 0x10cd1),
    (0x010c92, 0x10cd2),
    (0x010c93, 0x10cd3),
    (0x010c94, 0x10cd4),
    (0x010c95, 0x10cd5),
    (0x010c96, 0x10cd6),
    (0x010c97, 0x10cd7),
    (0x010c98, 0x10cd8),
    (0x010c99, 0x10cd9),
    (0x010c9a, 0x10cda),
    (0x010c9b, 0x10cdb),
    (0x010c9c, 0x10cdc),
    (0x010c9d, 0x10cdd),
    (0x010c9e, 0x10cde),
    (0x010c9f, 0x10cdf),
    (0x010ca0, 0x10ce0),
    (0x010ca1, 0x10ce1),
    (0x010ca2, 0x10ce2),
    (0x010ca3, 0x10ce3),
    (0x010ca4, 0x10ce4),
    (0x010ca5, 0x10ce5),
    (0x010ca6, 0x10ce6),
    (0x010ca7, 0x10ce7),
    (0x010ca8, 0x10ce8),
    (0x010ca9, 0x10ce9),
    (0x010caa, 0x10cea),
    (0x010cab, 0x10ceb),
    (0x010cac, 0x10cec),
    (0x010cad, 0x10ced),
    (0x010cae, 0x10cee),
    (0x010caf, 0x10cef),
    (0x010cb0, 0x10cf0),
    (0x010cb1, 0x10cf1),
    (0x010cb2, 0x10cf2),
    (0x0118a0, 0x118c0),
    (0x0118a1, 0x118c1),
    (0x0118a2, 0x118c2),
    (0x0118a3, 0x118c3),
    (0x0118a4, 0x118c4),
    (0x0118a5, 0x118c5),
    (0x0118a6, 0x118c6),
    (0x0118a7, 0x118c7),
    (0x0118a8, 0x118c8),
    (0x0118a9, 0x118c9),
    (0x0118aa, 0x118ca),
    (0x0118ab, 0x118cb),
    (0x0118ac, 0x118cc),
    (0x0118ad, 0x118cd),
    (0x0118ae, 0x118ce),
    (0x0118af, 0x118cf),
    (0x0118b0, 0x118d0),
    (0x0118b1, 0x118d1),
    (0x0118b2, 0x118d2),
    (0x0118b3, 0x118d3),
    (0x0118b4, 0x118d4),
    (0x0118b5, 0x118d5),
    (0x0118b6, 0x118d6),
    (0x0118b7, 0x118d7),
    (0x0118b8, 0x118d8),
    (0x0118b9, 0x118d9),
    (0x0118ba, 0x118da),
    (0x0118bb, 0x118db),
    (0x0118bc, 0x118dc),
    (0x0118bd, 0x118dd),
    (0x0118be, 0x118de),
    (0x0118bf, 0x118df),
    (0x016e40, 0x16e60),
    (0x016e41, 0x16e61),
    (0x016e42, 0x16e62),
    (0x016e43, 0x16e63),
    (0x016e44, 0x16e64),
    (0x016e45, 0x16e65),
    (0x016e46, 0x16e66),
    (0x016e47, 0x16e67),
    (0x016e48, 0x16e68),
    (0x016e49, 0x16e69),
    (0x016e4a, 0x16e6a),
    (0x016e4b, 0x16e6b),
    (0x016e4c, 0x16e6c),
    (0x016e4d, 0x16e6d),
    (0x016e4e, 0x16e6e),
    (0x016e4f, 0x16e6f),
    (0x016e50, 0x16e70),
    (0x016e51, 0x16e71),
    (0x016e52, 0x16e72),
    (0x016e53, 0x16e73),
    (0x016e54, 0x16e74),
    (0x016e55, 0x16e75),
    (0x016e56, 0x16e76),
    (0x016e57, 0x16e77),
    (0x016e58, 0x16e78),
    (0x016e59, 0x16e79),
    (0x016e5a, 0x16e7a),
    (0x016e5b, 0x16e7b),
    (0x016e5c, 0x16e7c),
    (0x016e5d, 0x16e7d),
    (0x016e5e, 0x16e7e),
    (0x016e5f, 0x16e7f),
    (0x01e900, 0x1e922),
    (0x01e901, 0x1e923),
    (0x01e902, 0x1e924),
    (0x01e903, 0x1e925),
    (0x01e904, 0x1e926),
    (0x01e905, 0x1e927),
    (0x01e906, 0x1e928),
    (0x01e907, 0x1e929),
    (0x01e908, 0x1e92a),
    (0x01e909, 0x1e92b),
    (0x01e90a, 0x1e92c),
    (0x01e90b, 0x1e92d),
    (0x01e90c, 0x1e92e),
    (0x01e90d, 0x1e92f),
    (0x01e90e, 0x1e930),
    (0x01e90f, 0x1e931),
    (0x01e910, 0x1e932),
    (0x01e911, 0x1e933),
    (0x01e912, 0x1e934),
    (0x01e913, 0x1e935),
    (0x01e914, 0x1e936),
    (0x01e915, 0x1e937),
    (0x01e916, 0x1e938),
    (0x01e917, 0x1e939),
    (0x01e918, 0x1e93a),
    (0x01e919, 0x1e93b),
    (0x01e91a, 0x1e93c),
    (0x01e91b, 0x1e93d),
    (0x01e91c, 0x1e93e),
    (0x01e91d, 0x1e93f),
    (0x01e91e, 0x1e940),
    (0x01e91f, 0x1e941),
    (0x01e920, 0x1e942),
    (0x01e921, 0x1e943),
];

/// (from, to) simple uppercase mapping, sorted by `from`.
pub const UNICODE_MAP_UPPERCASE: &[(u32, u32)] = &[
    (0x000061, 0x0041),
    (0x000062, 0x0042),
    (0x000063, 0x0043),
    (0x000064, 0x0044),
    (0x000065, 0x0045),
    (0x000066, 0x0046),
    (0x000067, 0x0047),
    (0x000068, 0x0048),
    (0x000069, 0x0049),
    (0x00006a, 0x004a),
    (0x00006b, 0x004b),
    (0x00006c, 0x004c),
    (0x00006d, 0x004d),
    (0x00006e, 0x004e),
    (0x00006f, 0x004f),
    (0x000070, 0x0050),
    (0x000071, 0x0051),
    (0x000072, 0x0052),
    (0x000073, 0x0053),
    (0x000074, 0x0054),
    (0x000075, 0x0055),
    (0x000076, 0x0056),
    (0x000077, 0x0057),
    (0x000078, 0x0058),
    (0x000079, 0x0059),
    (0x00007a, 0x005a),
    (0x0000b5, 0x039c),
    (0x0000e0, 0x00c0),
    (0x0000e1, 0x00c1),
    (0x0000e2, 0x00c2),
    (0x0000e3, 0x00c3),
    (0x0000e4, 0x00c4),
    (0x0000e5, 0x00c5),
    (0x0000e6, 0x00c6),
    (0x0000e7, 0x00c7),
    (0x0000e8, 0x00c8),
    (0x0000e9, 0x00c9),
    (0x0000ea, 0x00ca),
    (0x0000eb, 0x00cb),
    (0x0000ec, 0x00cc),
    (0x0000ed, 0x00cd),
    (0x0000ee, 0x00ce),
    (0x0000ef, 0x00cf),
    (0x0000f0, 0x00d0),
    (0x0000f1, 0x00d1),
    (0x0000f2, 0x00d2),
    (0x0000f3, 0x00d3),
    (0x0000f4, 0x00d4),
    (0x0000f5, 0x00d5),
    (0x0000f6, 0x00d6),
    (0x0000f8, 0x00d8),
    (0x0000f9, 0x00d9),
    (0x0000fa, 0x00da),
    (0x0000fb, 0x00db),
    (0x0000fc, 0x00dc),
    (0x0000fd, 0x00dd),
    (0x0000fe, 0x00de),
    (0x0000ff, 0x0178),
    (0x000101, 0x0100),
    (0x000103, 0x0102),
    (0x000105, 0x0104),
    (0x000107, 0x0106),
    (0x000109, 0x0108),
    (0x00010b, 0x010a),
    (0x00010d, 0x010c),
    (0x00010f, 0x010e),
    (0x000111, 0x0110),
    (0x000113, 0x0112),
    (0x000115, 0x0114),
    (0x000117, 0x0116),
    (0x000119, 0x0118),
    (0x00011b, 0x011a),
    (0x00011d, 0x011c),
    (0x00011f, 0x011e),
    (0x000121, 0x0120),
    (0x000123, 0x0122),
    (0x000125, 0x0124),
    (0x000127, 0x0126),
    (0x000129, 0x0128),
    (0x00012b, 0x012a),
    (0x00012d, 0x012c),
    (0x00012f, 0x012e),
    (0x000131, 0x0049),
    (0x000133, 0x0132),
    (0x000135, 0x0134),
    (0x000137, 0x0136),
    (0x00013a, 0x0139),
    (0x00013c, 0x013b),
    (0x00013e, 0x013d),
    (0x000140, 0x013f),
    (0x000142, 0x0141),
    (0x000144, 0x0143),
    (0x000146, 0x0145),
    (0x000148, 0x0147),
    (0x00014b, 0x014a),
    (0x00014d, 0x014c),
    (0x00014f, 0x014e),
    (0x000151, 0x0150),
    (0x000153, 0x0152),
    (0x000155, 0x0154),
    (0x000157, 0x0156),
    (0x000159, 0x0158),
    (0x00015b, 0x015a),
    (0x00015d, 0x015c),
    (0x00015f, 0x015e),
    (0x000161, 0x0160),
    (0x000163, 0x0162),
    (0x000165, 0x0164),
    (0x000167, 0x0166),
    (0x000169, 0x0168),
    (0x00016b, 0x016a),
    (0x00016d, 0x016c),
    (0x00016f, 0x016e),
    (0x000171, 0x0170),
    (0x000173, 0x0172),
    (0x000175, 0x0174),
    (0x000177, 0x0176),
    (0x00017a, 0x0179),
    (0x00017c, 0x017b),
    (0x00017e, 0x017d),
    (0x00017f, 0x0053),
    (0x000180, 0x0243),
    (0x000183, 0x0182),
    (0x000185, 0x0184),
    (0x000188, 0x0187),
    (0x00018c, 0x018b),
    (0x000192, 0x0191),
    (0x000195, 0x01f6),
    (0x000199, 0x0198),
    (0x00019a, 0x023d),
    (0x00019e, 0x0220),
    (0x0001a1, 0x01a0),
    (0x0001a3, 0x01a2),
    (0x0001a5, 0x01a4),
    (0x0001a8, 0x01a7),
    (0x0001ad, 0x01ac),
    (0x0001b0, 0x01af),
    (0x0001b4, 0x01b3),
    (0x0001b6, 0x01b5),
    (0x0001b9, 0x01b8),
    (0x0001bd, 0x01bc),
    (0x0001bf, 0x01f7),
    (0x0001c5, 0x01c4),
    (0x0001c6, 0x01c4),
    (0x0001c8, 0x01c7),
    (0x0001c9, 0x01c7),
    (0x0001cb, 0x01ca),
    (0x0001cc, 0x01ca),
    (0x0001ce, 0x01cd),
    (0x0001d0, 0x01cf),
    (0x0001d2, 0x01d1),
    (0x0001d4, 0x01d3),
    (0x0001d6, 0x01d5),
    (0x0001d8, 0x01d7),
    (0x0001da, 0x01d9),
    (0x0001dc, 0x01db),
    (0x0001dd, 0x018e),
    (0x0001df, 0x01de),
    (0x0001e1, 0x01e0),
    (0x0001e3, 0x01e2),
    (0x0001e5, 0x01e4),
    (0x0001e7, 0x01e6),
    (0x0001e9, 0x01e8),
    (0x0001eb, 0x01ea),
    (0x0001ed, 0x01ec),
    (0x0001ef, 0x01ee),
    (0x0001f2, 0x01f1),
    (0x0001f3, 0x01f1),
    (0x0001f5, 0x01f4),
    (0x0001f9, 0x01f8),
    (0x0001fb, 0x01fa),
    (0x0001fd, 0x01fc),
    (0x0001ff, 0x01fe),
    (0x000201, 0x0200),
    (0x000203, 0x0202),
    (0x000205, 0x0204),
    (0x000207, 0x0206),
    (0x000209, 0x0208),
    (0x00020b, 0x020a),
    (0x00020d, 0x020c),
    (0x00020f, 0x020e),
    (0x000211, 0x0210),
    (0x000213, 0x0212),
    (0x000215, 0x0214),
    (0x000217, 0x0216),
    (0x000219, 0x0218),
    (0x00021b, 0x021a),
    (0x00021d, 0x021c),
    (0x00021f, 0x021e),
    (0x000223, 0x0222),
    (0x000225, 0x0224),
    (0x000227, 0x0226),
    (0x000229, 0x0228),
    (0x00022b, 0x022a),
    (0x00022d, 0x022c),
    (0x00022f, 0x022e),
    (0x000231, 0x0230),
    (0x000233, 0x0232),
    (0x00023c, 0x023b),
    (0x00023f, 0x2c7e),
    (0x000240, 0x2c7f),
    (0x000242, 0x0241),
    (0x000247, 0x0246),
    (0x000249, 0x0248),
    (0x00024b, 0x024a),
    (0x00024d, 0x024c),
    (0x00024f, 0x024e),
    (0x000250, 0x2c6f),
    (0x000251, 0x2c6d),
    (0x000252, 0x2c70),
    (0x000253, 0x0181),
    (0x000254, 0x0186),
    (0x000256, 0x0189),
    (0x000257, 0x018a),
    (0x000259, 0x018f),
    (0x00025b, 0x0190),
    (0x00025c, 0xa7ab),
    (0x000260, 0x0193),
    (0x000261, 0xa7ac),
    (0x000263, 0x0194),
    (0x000265, 0xa78d),
    (0x000266, 0xa7aa),
    (0x000268, 0x0197),
    (0x000269, 0x0196),
    (0x00026a, 0xa7ae),
    (0x00026b, 0x2c62),
    (0x00026c, 0xa7ad),
    (0x00026f, 0x019c),
    (0x000271, 0x2c6e),
    (0x000272, 0x019d),
    (0x000275, 0x019f),
    (0x00027d, 0x2c64),
    (0x000280, 0x01a6),
    (0x000282, 0xa7c5),
    (0x000283, 0x01a9),
    (0x000287, 0xa7b1),
    (0x000288, 0x01ae),
    (0x000289, 0x0244),
    (0x00028a, 0x01b1),
    (0x00028b, 0x01b2),
    (0x00028c, 0x0245),
    (0x000292, 0x01b7),
    (0x00029d, 0xa7b2),
    (0x00029e, 0xa7b0),
    (0x000345, 0x0399),
    (0x000371, 0x0370),
    (0x000373, 0x0372),
    (0x000377, 0x0376),
    (0x00037b, 0x03fd),
    (0x00037c, 0x03fe),
    (0x00037d, 0x03ff),
    (0x0003ac, 0x0386),
    (0x0003ad, 0x0388),
    (0x0003ae, 0x0389),
    (0x0003af, 0x038a),
    (0x0003b1, 0x0391),
    (0x0003b2, 0x0392),
    (0x0003b3, 0x0393),
    (0x0003b4, 0x0394),
    (0x0003b5, 0x0395),
    (0x0003b6, 0x0396),
    (0x0003b7, 0x0397),
    (0x0003b8, 0x0398),
    (0x0003b9, 0x0399),
    (0x0003ba, 0x039a),
    (0x0003bb, 0x039b),
    (0x0003bc, 0x039c),
    (0x0003bd, 0x039d),
    (0x0003be, 0x039e),
    (0x0003bf, 0x039f),
    (0x0003c0, 0x03a0),
    (0x0003c1, 0x03a1),
    (0x0003c2, 0x03a3),
    (0x0003c3, 0x03a3),
    (0x0003c4, 0x03a4),
    (0x0003c5, 0x03a5),
    (0x0003c6, 0x03a6),
    (0x0003c7, 0x03a7),
    (0x0003c8, 0x03a8),
    (0x0003c9, 0x03a9),
    (0x0003ca, 0x03aa),
    (0x0003cb, 0x03ab),
    (0x0003cc, 0x038c),
    (0x0003cd, 0x038e),
    (0x0003ce, 0x038f),
    (0x0003d0, 0x0392),
    (0x0003d1, 0x0398),
    (0x0003d5, 0x03a6),
    (0x0003d6, 0x03a0),
    (0x0003d7, 0x03cf),
    (0x0003d9, 0x03d8),
    (0x0003db, 0x03da),
    (0x0003dd, 0x03dc),
    (0x0003df, 0x03de),
    (0x0003e1, 0x03e0),
    (0x0003e3, 0x03e2),
    (0x0003e5, 0x03e4),
    (0x0003e7, 0x03e6),
    (0x0003e9, 0x03e8),
    (0x0003eb, 0x03ea),
    (0x0003ed, 0x03ec),
    (0x0003ef, 0x03ee),
    (0x0003f0, 0x039a),
    (0x0003f1, 0x03a1),
    (0x0003f2, 0x03f9),
    (0x0003f3, 0x037f),
    (0x0003f5, 0x0395),
    (0x0003f8, 0x03f7),
    (0x0003fb, 0x03fa),
    (0x000430, 0x0410),
    (0x000431, 0x0411),
    (0x000432, 0x0412),
    (0x000433, 0x0413),
    (0x000434, 0x0414),
    (0x000435, 0x0415),
    (0x000436, 0x0416),
    (0x000437, 0x0417),
    (0x000438, 0x0418),
    (0x000439, 0x0419),
    (0x00043a, 0x041a),
    (0x00043b, 0x041b),
    (0x00043c, 0x041c),
    (0x00043d, 0x041d),
    (0x00043e, 0x041e),
    (0x00043f, 0x041f),
    (0x000440, 0x0420),
    (0x000441, 0x0421),
    (0x000442, 0x0422),
    (0x000443, 0x0423),
    (0x000444, 0x0424),
    (0x000445, 0x0425),
    (0x000446, 0x0426),
    (0x000447, 0x0427),
    (0x000448, 0x0428),
    (0x000449, 0x0429),
    (0x00044a, 0x042a),
    (0x00044b, 0x042b),
    (0x00044c, 0x042c),
    (0x00044d, 0x042d),
    (0x00044e, 0x042e),
    (0x00044f, 0x042f),
    (0x000450, 0x0400),
    (0x000451, 0x0401),
    (0x000452, 0x0402),
    (0x000453, 0x0403),
    (0x000454, 0x0404),
    (0x000455, 0x0405),
    (0x000456, 0x0406),
    (0x000457, 0x0407),
    (0x000458, 0x0408),
    (0x000459, 0x0409),
    (0x00045a, 0x040a),
    (0x00045b, 0x040b),
    (0x00045c, 0x040c),
    (0x00045d, 0x040d),
    (0x00045e, 0x040e),
    (0x00045f, 0x040f),
    (0x000461, 0x0460),
    (0x000463, 0x0462),
    (0x000465, 0x0464),
    (0x000467, 0x0466),
    (0x000469, 0x0468),
    (0x00046b, 0x046a),
    (0x00046d, 0x046c),
    (0x00046f, 0x046e),
    (0x000471, 0x0470),
    (0x000473, 0x0472),
    (0x000475, 0x0474),
    (0x000477, 0x0476),
    (0x000479, 0x0478),
    (0x00047b, 0x047a),
    (0x00047d, 0x047c),
    (0x00047f, 0x047e),
    (0x000481, 0x0480),
    (0x00048b, 0x048a),
    (0x00048d, 0x048c),
    (0x00048f, 0x048e),
    (0x000491, 0x0490),
    (0x000493, 0x0492),
    (0x000495, 0x0494),
    (0x000497, 0x0496),
    (0x000499, 0x0498),
    (0x00049b, 0x049a),
    (0x00049d, 0x049c),
    (0x00049f, 0x049e),
    (0x0004a1, 0x04a0),
    (0x0004a3, 0x04a2),
    (0x0004a5, 0x04a4),
    (0x0004a7, 0x04a6),
    (0x0004a9, 0x04a8),
    (0x0004ab, 0x04aa),
    (0x0004ad, 0x04ac),
    (0x0004af, 0x04ae),
    (0x0004b1, 0x04b0),
    (0x0004b3, 0x04b2),
    (0x0004b5, 0x04b4),
    (0x0004b7, 0x04b6),
    (0x0004b9, 0x04b8),
    (0x0004bb, 0x04ba),
    (0x0004bd, 0x04bc),
    (0x0004bf, 0x04be),
    (0x0004c2, 0x04c1),
    (0x0004c4, 0x04c3),
    (0x0004c6, 0x04c5),
    (0x0004c8, 0x04c7),
    (0x0004ca, 0x04c9),
    (0x0004cc, 0x04cb),
    (0x0004ce, 0x04cd),
    (0x0004cf, 0x04c0),
    (0x0004d1, 0x04d0),
    (0x0004d3, 0x04d2),
    (0x0004d5, 0x04d4),
    (0x0004d7, 0x04d6),
    (0x0004d9, 0x04d8),
    (0x0004db, 0x04da),
    (0x0004dd, 0x04dc),
    (0x0004df, 0x04de),
    (0x0004e1, 0x04e0),
    (0x0004e3, 0x04e2),
    (0x0004e5, 0x04e4),
    (0x0004e7, 0x04e6),
    (0x0004e9, 0x04e8),
    (0x0004eb, 0x04ea),
    (0x0004ed, 0x04ec),
    (0x0004ef, 0x04ee),
    (0x0004f1, 0x04f0),
    (0x0004f3, 0x04f2),
    (0x0004f5, 0x04f4),
    (0x0004f7, 0x04f6),
    (0x0004f9, 0x04f8),
    (0x0004fb, 0x04fa),
    (0x0004fd, 0x04fc),
    (0x0004ff, 0x04fe),
    (0x000501, 0x0500),
    (0x000503, 0x0502),
    (0x000505, 0x0504),
    (0x000507, 0x0506),
    (0x000509, 0x0508),
    (0x00050b, 0x050a),
    (0x00050d, 0x050c),
    (0x00050f, 0x050e),
    (0x000511, 0x0510),
    (0x000513, 0x0512),
    (0x000515, 0x0514),
    (0x000517, 0x0516),
    (0x000519, 0x0518),
    (0x00051b, 0x051a),
    (0x00051d, 0x051c),
    (0x00051f, 0x051e),
    (0x000521, 0x0520),
    (0x000523, 0x0522),
    (0x000525, 0x0524),
    (0x000527, 0x0526),
    (0x000529, 0x0528),
    (0x00052b, 0x052a),
    (0x00052d, 0x052c),
    (0x00052f, 0x052e),
    (0x000561, 0x0531),
    (0x000562, 0x0532),
    (0x000563, 0x0533),
    (0x000564, 0x0534),
    (0x000565, 0x0535),
    (0x000566, 0x0536),
    (0x000567, 0x0537),
    (0x000568, 0x0538),
    (0x000569, 0x0539),
    (0x00056a, 0x053a),
    (0x00056b, 0x053b),
    (0x00056c, 0x053c),
    (0x00056d, 0x053d),
    (0x00056e, 0x053e),
    (0x00056f, 0x053f),
    (0x000570, 0x0540),
    (0x000571, 0x0541),
    (0x000572, 0x0542),
    (0x000573, 0x0543),
    (0x000574, 0x0544),
    (0x000575, 0x0545),
    (0x000576, 0x0546),
    (0x000577, 0x0547),
    (0x000578, 0x0548),
    (0x000579, 0x0549),
    (0x00057a, 0x054a),
    (0x00057b, 0x054b),
    (0x00057c, 0x054c),
    (0x00057d, 0x054d),
    (0x00057e, 0x054e),
    (0x00057f, 0x054f),
    (0x000580, 0x0550),
    (0x000581, 0x0551),
    (0x000582, 0x0552),
    (0x000583, 0x0553),
    (0x000584, 0x0554),
    (0x000585, 0x0555),
    (0x000586, 0x0556),
    (0x0010d0, 0x1c90),
    (0x0010d1, 0x1c91),
    (0x0010d2, 0x1c92),
    (0x0010d3, 0x1c93),
    (0x0010d4, 0x1c94),
    (0x0010d5, 0x1c95),
    (0x0010d6, 0x1c96),
    (0x0010d7, 0x1c97),
    (0x0010d8, 0x1c98),
    (0x0010d9, 0x1c99),
    (0x0010da, 0x1c9a),
    (0x0010db, 0x1c9b),
    (0x0010dc, 0x1c9c),
    (0x0010dd, 0x1c9d),
    (0x0010de, 0x1c9e),
    (0x0010df, 0x1c9f),
    (0x0010e0, 0x1ca0),
    (0x0010e1, 0x1ca1),
    (0x0010e2, 0x1ca2),
    (0x0010e3, 0x1ca3),
    (0x0010e4, 0x1ca4),
    (0x0010e5, 0x1ca5),
    (0x0010e6, 0x1ca6),
    (0x0010e7, 0x1ca7),
    (0x0010e8, 0x1ca8),
    (0x0010e9, 0x1ca9),
    (0x0010ea, 0x1caa),
    (0x0010eb, 0x1cab),
    (0x0010ec, 0x1cac),
    (0x0010ed, 0x1cad),
    (0x0010ee, 0x1cae),
    (0x0010ef, 0x1caf),
    (0x0010f0, 0x1cb0),
    (0x0010f1, 0x1cb1),
    (0x0010f2, 0x1cb2),
    (0x0010f3, 0x1cb3),
    (0x0010f4, 0x1cb4),
    (0x0010f5, 0x1cb5),
    (0x0010f6, 0x1cb6),
    (0x0010f7, 0x1cb7),
    (0x0010f8, 0x1cb8),
    (0x0010f9, 0x1cb9),
    (0x0010fa, 0x1cba),
    (0x0010fd, 0x1cbd),
    (0x0010fe, 0x1cbe),
    (0x0010ff, 0x1cbf),
    (0x0013f8, 0x13f0),
    (0x0013f9, 0x13f1),
    (0x0013fa, 0x13f2),
    (0x0013fb, 0x13f3),
    (0x0013fc, 0x13f4),
    (0x0013fd, 0x13f5),
    (0x001c80, 0x0412),
    (0x001c81, 0x0414),
    (0x001c82, 0x041e),
    (0x001c83, 0x0421),
    (0x001c84, 0x0422),
    (0x001c85, 0x0422),
    (0x001c86, 0x042a),
    (0x001c87, 0x0462),
    (0x001c88, 0xa64a),
    (0x001d79, 0xa77d),
    (0x001d7d, 0x2c63),
    (0x001d8e, 0xa7c6),
    (0x001e01, 0x1e00),
    (0x001e03, 0x1e02),
    (0x001e05, 0x1e04),
    (0x001e07, 0x1e06),
    (0x001e09, 0x1e08),
    (0x001e0b, 0x1e0a),
    (0x001e0d, 0x1e0c),
    (0x001e0f, 0x1e0e),
    (0x001e11, 0x1e10),
    (0x001e13, 0x1e12),
    (0x001e15, 0x1e14),
    (0x001e17, 0x1e16),
    (0x001e19, 0x1e18),
    (0x001e1b, 0x1e1a),
    (0x001e1d, 0x1e1c),
    (0x001e1f, 0x1e1e),
    (0x001e21, 0x1e20),
    (0x001e23, 0x1e22),
    (0x001e25, 0x1e24),
    (0x001e27, 0x1e26),
    (0x001e29, 0x1e28),
    (0x001e2b, 0x1e2a),
    (0x001e2d, 0x1e2c),
    (0x001e2f, 0x1e2e),
    (0x001e31, 0x1e30),
    (0x001e33, 0x1e32),
    (0x001e35, 0x1e34),
    (0x001e37, 0x1e36),
    (0x001e39, 0x1e38),
    (0x001e3b, 0x1e3a),
    (0x001e3d, 0x1e3c),
    (0x001e3f, 0x1e3e),
    (0x001e41, 0x1e40),
    (0x001e43, 0x1e42),
    (0x001e45, 0x1e44),
    (0x001e47, 0x1e46),
    (0x001e49, 0x1e48),
    (0x001e4b, 0x1e4a),
    (0x001e4d, 0x1e4c),
    (0x001e4f, 0x1e4e),
    (0x001e51, 0x1e50),
    (0x001e53, 0x1e52),
    (0x001e55, 0x1e54),
    (0x001e57, 0x1e56),
    (0x001e59, 0x1e58),
    (0x001e5b, 0x1e5a),
    (0x001e5d, 0x1e5c),
    (0x001e5f, 0x1e5e),
    (0x001e61, 0x1e60),
    (0x001e63, 0x1e62),
    (0x001e65, 0x1e64),
    (0x001e67, 0x1e66),
    (0x001e69, 0x1e68),
    (0x001e6b, 0x1e6a),
    (0x001e6d, 0x1e6c),
    (0x001e6f, 0x1e6e),
    (0x001e71, 0x1e70),
    (0x001e73, 0x1e72),
    (0x001e75, 0x1e74),
    (0x001e77, 0x1e76),
    (0x001e79, 0x1e78),
    (0x001e7b, 0x1e7a),
    (0x001e7d, 0x1e7c),
    (0x001e7f, 0x1e7e),
    (0x001e81, 0x1e80),
    (0x001e83, 0x1e82),
    (0x001e85, 0x1e84),
    (0x001e87, 0x1e86),
    (0x001e89, 0x1e88),
    (0x001e8b, 0x1e8a),
    (0x001e8d, 0x1e8c),
    (0x001e8f, 0x1e8e),
    (0x001e91, 0x1e90),
    (0x001e93, 0x1e92),
    (0x001e95, 0x1e94),
    (0x001e9b, 0x1e60),
    (0x001ea1, 0x1ea0),
    (0x001ea3, 0x1ea2),
    (0x001ea5, 0x1ea4),
    (0x001ea7, 0x1ea6),
    (0x001ea9, 0x1ea8),
    (0x001eab, 0x1eaa),
    (0x001ead, 0x1eac),
    (0x001eaf, 0x1eae),
    (0x001eb1, 0x1eb0),
    (0x001eb3, 0x1eb2),
    (0x001eb5, 0x1eb4),
    (0x001eb7, 0x1eb6),
    (0x001eb9, 0x1eb8),
    (0x001ebb, 0x1eba),
    (0x001ebd, 0x1ebc),
    (0x001ebf, 0x1ebe),
    (0x001ec1, 0x1ec0),
    (0x001ec3, 0x1ec2),
    (0x001ec5, 0x1ec4),
    (0x001ec7, 0x1ec6),
    (0x001ec9, 0x1ec8),
    (0x001ecb, 0x1eca),
    (0x001ecd, 0x1ecc),
    (0x001ecf, 0x1ece),
    (0x001ed1, 0x1ed0),
    (0x001ed3, 0x1ed2),
    (0x001ed5, 0x1ed4),
    (0x001ed7, 0x1ed6),
    (0x001ed9, 0x1ed8),
    (0x001edb, 0x1eda),
    (0x001edd, 0x1edc),
    (0x001edf, 0x1ede),
    (0x001ee1, 0x1ee0),
    (0x001ee3, 0x1ee2),
    (0x001ee5, 0x1ee4),
    (0x001ee7, 0x1ee6),
    (0x001ee9, 0x1ee8),
    (0x001eeb, 0x1eea),
    (0x001eed, 0x1eec),
    (0x001eef, 0x1eee),
    (0x001ef1, 0x1ef0),
    (0x001ef3, 0x1ef2),
    (0x001ef5, 0x1ef4),
    (0x001ef7, 0x1ef6),
    (0x001ef9, 0x1ef8),
    (0x001efb, 0x1efa),
    (0x001efd, 0x1efc),
    (0x001eff, 0x1efe),
    (0x001f00, 0x1f08),
    (0x001f01, 0x1f09),
    (0x001f02, 0x1f0a),
    (0x001f03, 0x1f0b),
    (0x001f04, 0x1f0c),
    (0x001f05, 0x1f0d),
    (0x001f06, 0x1f0e),
    (0x001f07, 0x1f0f),
    (0x001f10, 0x1f18),
    (0x001f11, 0x1f19),
    (0x001f12, 0x1f1a),
    (0x001f13, 0x1f1b),
    (0x001f14, 0x1f1c),
    (0x001f15, 0x1f1d),
    (0x001f20, 0x1f28),
    (0x001f21, 0x1f29),
    (0x001f22, 0x1f2a),
    (0x001f23, 0x1f2b),
    (0x001f24, 0x1f2c),
    (0x001f25, 0x1f2d),
    (0x001f26, 0x1f2e),
    (0x001f27, 0x1f2f),
    (0x001f30, 0x1f38),
    (0x001f31, 0x1f39),
    (0x001f32, 0x1f3a),
    (0x001f33, 0x1f3b),
    (0x001f34, 0x1f3c),
    (0x001f35, 0x1f3d),
    (0x001f36, 0x1f3e),
    (0x001f37, 0x1f3f),
    (0x001f40, 0x1f48),
    (0x001f41, 0x1f49),
    (0x001f42, 0x1f4a),
    (0x001f43, 0x1f4b),
    (0x001f44, 0x1f4c),
    (0x001f45, 0x1f4d),
    (0x001f51, 0x1f59),
    (0x001f53, 0x1f5b),
    (0x001f55, 0x1f5d),
    (0x001f57, 0x1f5f),
    (0x001f60, 0x1f68),
    (0x001f61, 0x1f69),
    (0x001f62, 0x1f6a),
    (0x001f63, 0x1f6b),
    (0x001f64, 0x1f6c),
    (0x001f65, 0x1f6d),
    (0x001f66, 0x1f6e),
    (0x001f67, 0x1f6f),
    (0x001f70, 0x1fba),
    (0x001f71, 0x1fbb),
    (0x001f72, 0x1fc8),
    (0x001f73, 0x1fc9),
    (0x001f74, 0x1fca),
    (0x001f75, 0x1fcb),
    (0x001f76, 0x1fda),
    (0x001f77, 0x1fdb),
    (0x001f78, 0x1ff8),
    (0x001f79, 0x1ff9),
    (0x001f7a, 0x1fea),
    (0x001f7b, 0x1feb),
    (0x001f7c, 0x1ffa),
    (0x001f7d, 0x1ffb),
    (0x001f80, 0x1f88),
    (0x001f81, 0x1f89),
    (0x001f82, 0x1f8a),
    (0x001f83, 0x1f8b),
    (0x001f84, 0x1f8c),
    (0x001f85, 0x1f8d),
    (0x001f86, 0x1f8e),
    (0x001f87, 0x1f8f),
    (0x001f90, 0x1f98),
    (0x001f91, 0x1f99),
    (0x001f92, 0x1f9a),
    (0x001f93, 0x1f9b),
    (0x001f94, 0x1f9c),
    (0x001f95, 0x1f9d),
    (0x001f96, 0x1f9e),
    (0x001f97, 0x1f9f),
    (0x001fa0, 0x1fa8),
    (0x001fa1, 0x1fa9),
    (0x001fa2, 0x1faa),
    (0x001fa3, 0x1fab),
    (0x001fa4, 0x1fac),
    (0x001fa5, 0x1fad),
    (0x001fa6, 0x1fae),
    (0x001fa7, 0x1faf),
    (0x001fb0, 0x1fb8),
    (0x001fb1, 0x1fb9),
    (0x001fb3, 0x1fbc),
    (0x001fbe, 0x0399),
    (0x001fc3, 0x1fcc),
    (0x001fd0, 0x1fd8),
    (0x001fd1, 0x1fd9),
    (0x001fe0, 0x1fe8),
    (0x001fe1, 0x1fe9),
    (0x001fe5, 0x1fec),
    (0x001ff3, 0x1ffc),
    (0x00214e, 0x2132),
    (0x002170, 0x2160),
    (0x002171, 0x2161),
    (0x002172, 0x2162),
    (0x002173, 0x2163),
    (0x002174, 0x2164),
    (0x002175, 0x2165),
    (0x002176, 0x2166),
    (0x002177, 0x2167),
    (0x002178, 0x2168),
    (0x002179, 0x2169),
    (0x00217a, 0x216a),
    (0x00217b, 0x216b),
    (0x00217c, 0x216c),
    (0x00217d, 0x216d),
    (0x00217e, 0x216e),
    (0x00217f, 0x216f),
    (0x002184, 0x2183),
    (0x0024d0, 0x24b6),
    (0x0024d1, 0x24b7),
    (0x0024d2, 0x24b8),
    (0x0024d3, 0x24b9),
    (0x0024d4, 0x24ba),
    (0x0024d5, 0x24bb),
    (0x0024d6, 0x24bc),
    (0x0024d7, 0x24bd),
    (0x0024d8, 0x24be),
    (0x0024d9, 0x24bf),
    (0x0024da, 0x24c0),
    (0x0024db, 0x24c1),
    (0x0024dc, 0x24c2),
    (0x0024dd, 0x24c3),
    (0x0024de, 0x24c4),
    (0x0024df, 0x24c5),
    (0x0024e0, 0x24c6),
    (0x0024e1, 0x24c7),
    (0x0024e2, 0x24c8),
    (0x0024e3, 0x24c9),
    (0x0024e4, 0x24ca),
    (0x0024e5, 0x24cb),
    (0x0024e6, 0x24cc),
    (0x0024e7, 0x24cd),
    (0x0024e8, 0x24ce),
    (0x0024e9, 0x24cf),
    (0x002c30, 0x2c00),
    (0x002c31, 0x2c01),
    (0x002c32, 0x2c02),
    (0x002c33, 0x2c03),
    (0x002c34, 0x2c04),
    (0x002c35, 0x2c05),
    (0x002c36, 0x2c06),
    (0x002c37, 0x2c07),
    (0x002c38, 0x2c08),
    (0x002c39, 0x2c09),
    (0x002c3a, 0x2c0a),
    (0x002c3b, 0x2c0b),
    (0x002c3c, 0x2c0c),
    (0x002c3d, 0x2c0d),
    (0x002c3e, 0x2c0e),
    (0x002c3f, 0x2c0f),
    (0x002c40, 0x2c10),
    (0x002c41, 0x2c11),
    (0x002c42, 0x2c12),
    (0x002c43, 0x2c13),
    (0x002c44, 0x2c14),
    (0x002c45, 0x2c15),
    (0x002c46, 0x2c16),
    (0x002c47, 0x2c17),
    (0x002c48, 0x2c18),
    (0x002c49, 0x2c19),
    (0x002c4a, 0x2c1a),
    (0x002c4b, 0x2c1b),
    (0x002c4c, 0x2c1c),
    (0x002c4d, 0x2c1d),
    (0x002c4e, 0x2c1e),
    (0x002c4f, 0x2c1f),
    (0x002c50, 0x2c20),
    (0x002c51, 0x2c21),
    (0x002c52, 0x2c22),
    (0x002c53, 0x2c23),
    (0x002c54, 0x2c24),
    (0x002c55, 0x2c25),
    (0x002c56, 0x2c26),
    (0x002c57, 0x2c27),
    (0x002c58, 0x2c28),
    (0x002c59, 0x2c29),
    (0x002c5a, 0x2c2a),
    (0x002c5b, 0x2c2b),
    (0x002c5c, 0x2c2c),
    (0x002c5d, 0x2c2d),
    (0x002c5e, 0x2c2e),
    (0x002c5f, 0x2c2f),
    (0x002c61, 0x2c60),
    (0x002c65, 0x023a),
    (0x002c66, 0x023e),
    (0x002c68, 0x2c67),
    (0x002c6a, 0x2c69),
    (0x002c6c, 0x2c6b),
    (0x002c73, 0x2c72),
    (0x002c76, 0x2c75),
    (0x002c81, 0x2c80),
    (0x002c83, 0x2c82),
    (0x002c85, 0x2c84),
    (0x002c87, 0x2c86),
    (0x002c89, 0x2c88),
    (0x002c8b, 0x2c8a),
    (0x002c8d, 0x2c8c),
    (0x002c8f, 0x2c8e),
    (0x002c91, 0x2c90),
    (0x002c93, 0x2c92),
    (0x002c95, 0x2c94),
    (0x002c97, 0x2c96),
    (0x002c99, 0x2c98),
    (0x002c9b, 0x2c9a),
    (0x002c9d, 0x2c9c),
    (0x002c9f, 0x2c9e),
    (0x002ca1, 0x2ca0),
    (0x002ca3, 0x2ca2),
    (0x002ca5, 0x2ca4),
    (0x002ca7, 0x2ca6),
    (0x002ca9, 0x2ca8),
    (0x002cab, 0x2caa),
    (0x002cad, 0x2cac),
    (0x002caf, 0x2cae),
    (0x002cb1, 0x2cb0),
    (0x002cb3, 0x2cb2),
    (0x002cb5, 0x2cb4),
    (0x002cb7, 0x2cb6),
    (0x002cb9, 0x2cb8),
    (0x002cbb, 0x2cba),
    (0x002cbd, 0x2cbc),
    (0x002cbf, 0x2cbe),
    (0x002cc1, 0x2cc0),
    (0x002cc3, 0x2cc2),
    (0x002cc5, 0x2cc4),
    (0x002cc7, 0x2cc6),
    (0x002cc9, 0x2cc8),
    (0x002ccb, 0x2cca),
    (0x002ccd, 0x2ccc),
    (0x002ccf, 0x2cce),
    (0x002cd1, 0x2cd0),
    (0x002cd3, 0x2cd2),
    (0x002cd5, 0x2cd4),
    (0x002cd7, 0x2cd6),
    (0x002cd9, 0x2cd8),
    (0x002cdb, 0x2cda),
    (0x002cdd, 0x2cdc),
    (0x002cdf, 0x2cde),
    (0x002ce1, 0x2ce0),
    (0x002ce3, 0x2ce2),
    (0x002cec, 0x2ceb),
    (0x002cee, 0x2ced),
    (0x002cf3, 0x2cf2),
    (0x002d00, 0x10a0),
    (0x002d01, 0x10a1),
    (0x002d02, 0x10a2),
    (0x002d03, 0x10a3),
    (0x002d04, 0x10a4),
    (0x002d05, 0x10a5),
    (0x002d06, 0x10a6),
    (0x002d07, 0x10a7),
    (0x002d08, 0x10a8),
    (0x002d09, 0x10a9),
    (0x002d0a, 0x10aa),
    (0x002d0b, 0x10ab),
    (0x002d0c, 0x10ac),
    (0x002d0d, 0x10ad),
    (0x002d0e, 0x10ae),
    (0x002d0f, 0x10af),
    (0x002d10, 0x10b0),
    (0x002d11, 0x10b1),
    (0x002d12, 0x10b2),
    (0x002d13, 0x10b3),
    (0x002d14, 0x10b4),
    (0x002d15, 0x10b5),
    (0x002d16, 0x10b6),
    (0x002d17, 0x10b7),
    (0x002d18, 0x10b8),
    (0x002d19, 0x10b9),
    (0x002d1a, 0x10ba),
    (0x002d1b, 0x10bb),
    (0x002d1c, 0x10bc),
    (0x002d1d, 0x10bd),
    (0x002d1e, 0x10be),
    (0x002d1f, 0x10bf),
    (0x002d20, 0x10c0),
    (0x002d21, 0x10c1),
    (0x002d22, 0x10c2),
    (0x002d23, 0x10c3),
    (0x002d24, 0x10c4),
    (0x002d25, 0x10c5),
    (0x002d27, 0x10c7),
    (0x002d2d, 0x10cd),
    (0x00a641, 0xa640),
    (0x00a643, 0xa642),
    (0x00a645, 0xa644),
    (0x00a647, 0xa646),
    (0x00a649, 0xa648),
    (0x00a64b, 0xa64a),
    (0x00a64d, 0xa64c),
    (0x00a64f, 0xa64e),
    (0x00a651, 0xa650),
    (0x00a653, 0xa652),
    (0x00a655, 0xa654),
    (0x00a657, 0xa656),
    (0x00a659, 0xa658),
    (0x00a65b, 0xa65a),
    (0x00a65d, 0xa65c),
    (0x00a65f, 0xa65e),
    (0x00a661, 0xa660),
    (0x00a663, 0xa662),
    (0x00a665, 0xa664),
    (0x00a667, 0xa666),
    (0x00a669, 0xa668),
    (0x00a66b, 0xa66a),
    (0x00a66d, 0xa66c),
    (0x00a681, 0xa680),
    (0x00a683, 0xa682),
    (0x00a685, 0xa684),
    (0x00a687, 0xa686),
    (0x00a689, 0xa688),
    (0x00a68b, 0xa68a),
    (0x00a68d, 0xa68c),
    (0x00a68f, 0xa68e),
    (0x00a691, 0xa690),
    (0x00a693, 0xa692),
    (0x00a695, 0xa694),
    (0x00a697, 0xa696),
    (0x00a699, 0xa698),
    (0x00a69b, 0xa69a),
    (0x00a723, 0xa722),
    (0x00a725, 0xa724),
    (0x00a727, 0xa726),
    (0x00a729, 0xa728),
    (0x00a72b, 0xa72a),
    (0x00a72d, 0xa72c),
    (0x00a72f, 0xa72e),
    (0x00a733, 0xa732),
    (0x00a735, 0xa734),
    (0x00a737, 0xa736),
    (0x00a739, 0xa738),
    (0x00a73b, 0xa73a),
    (0x00a73d, 0xa73c),
    (0x00a73f, 0xa73e),
    (0x00a741, 0xa740),
    (0x00a743, 0xa742),
    (0x00a745, 0xa744),
    (0x00a747, 0xa746),
    (0x00a749, 0xa748),
    (0x00a74b, 0xa74a),
    (0x00a74d, 0xa74c),
    (0x00a74f, 0xa74e),
    (0x00a751, 0xa750),
    (0x00a753, 0xa752),
    (0x00a755, 0xa754),
    (0x00a757, 0xa756),
    (0x00a759, 0xa758),
    (0x00a75b, 0xa75a),
    (0x00a75d, 0xa75c),
    (0x00a75f, 0xa75e),
    (0x00a761, 0xa760),
    (0x00a763, 0xa762),
    (0x00a765, 0xa764),
    (0x00a767, 0xa766),
    (0x00a769, 0xa768),
    (0x00a76b, 0xa76a),
    (0x00a76d, 0xa76c),
    (0x00a76f, 0xa76e),
    (0x00a77a, 0xa779),
    (0x00a77c, 0xa77b),
    (0x00a77f, 0xa77e),
    (0x00a781, 0xa780),
    (0x00a783, 0xa782),
    (0x00a785, 0xa784),
    (0x00a787, 0xa786),
    (0x00a78c, 0xa78b),
    (0x00a791, 0xa790),
    (0x00a793, 0xa792),
    (0x00a794, 0xa7c4),
    (0x00a797, 0xa796),
    (0x00a799, 0xa798),
    (0x00a79b, 0xa79a),
    (0x00a79d, 0xa79c),
    (0x00a79f, 0xa79e),
    (0x00a7a1, 0xa7a0),
    (0x00a7a3, 0xa7a2),
    (0x00a7a5, 0xa7a4),
    (0x00a7a7, 0xa7a6),
    (0x00a7a9, 0xa7a8),
    (0x00a7b5, 0xa7b4),
    (0x00a7b7, 0xa7b6),
    (0x00a7b9, 0xa7b8),
    (0x00a7bb, 0xa7ba),
    (0x00a7bd, 0xa7bc),
    (0x00a7bf, 0xa7be),
    (0x00a7c1, 0xa7c0),
    (0x00a7c3, 0xa7c2),
    (0x00a7c8, 0xa7c7),
    (0x00a7ca, 0xa7c9),
    (0x00a7d1, 0xa7d0),
    (0x00a7d7, 0xa7d6),
    (0x00a7d9, 0xa7d8),
    (0x00a7f6, 0xa7f5),
    (0x00ab53, 0xa7b3),
    (0x00ab70, 0x13a0),
    (0x00ab71, 0x13a1),
    (0x00ab72, 0x13a2),
    (0x00ab73, 0x13a3),
    (0x00ab74, 0x13a4),
    (0x00ab75, 0x13a5),
    (0x00ab76, 0x13a6),
    (0x00ab77, 0x13a7),
    (0x00ab78, 0x13a8),
    (0x00ab79, 0x13a9),
    (0x00ab7a, 0x13aa),
    (0x00ab7b, 0x13ab),
    (0x00ab7c, 0x13ac),
    (0x00ab7d, 0x13ad),
    (0x00ab7e, 0x13ae),
    (0x00ab7f, 0x13af),
    (0x00ab80, 0x13b0),
    (0x00ab81, 0x13b1),
    (0x00ab82, 0x13b2),
    (0x00ab83, 0x13b3),
    (0x00ab84, 0x13b4),
    (0x00ab85, 0x13b5),
    (0x00ab86, 0x13b6),
    (0x00ab87, 0x13b7),
    (0x00ab88, 0x13b8),
    (0x00ab89, 0x13b9),
    (0x00ab8a, 0x13ba),
    (0x00ab8b, 0x13bb),
    (0x00ab8c, 0x13bc),
    (0x00ab8d, 0x13bd),
    (0x00ab8e, 0x13be),
    (0x00ab8f, 0x13bf),
    (0x00ab90, 0x13c0),
    (0x00ab91, 0x13c1),
    (0x00ab92, 0x13c2),
    (0x00ab93, 0x13c3),
    (0x00ab94, 0x13c4),
    (0x00ab95, 0x13c5),
    (0x00ab96, 0x13c6),
    (0x00ab97, 0x13c7),
    (0x00ab98, 0x13c8),
    (0x00ab99, 0x13c9),
    (0x00ab9a, 0x13ca),
    (0x00ab9b, 0x13cb),
    (0x00ab9c, 0x13cc),
    (0x00ab9d, 0x13cd),
    (0x00ab9e, 0x13ce),
    (0x00ab9f, 0x13cf),
    (0x00aba0, 0x13d0),
    (0x00aba1, 0x13d1),
    (0x00aba2, 0x13d2),
    (0x00aba3, 0x13d3),
    (0x00aba4, 0x13d4),
    (0x00aba5, 0x13d5),
    (0x00aba6, 0x13d6),
    (0x00aba7, 0x13d7),
    (0x00aba8, 0x13d8),
    (0x00aba9, 0x13d9),
    (0x00abaa, 0x13da),
    (0x00abab, 0x13db),
    (0x00abac, 0x13dc),
    (0x00abad, 0x13dd),
    (0x00abae, 0x13de),
    (0x00abaf, 0x13df),
    (0x00abb0, 0x13e0),
    (0x00abb1, 0x13e1),
    (0x00abb2, 0x13e2),
    (0x00abb3, 0x13e3),
    (0x00abb4, 0x13e4),
    (0x00abb5, 0x13e5),
    (0x00abb6, 0x13e6),
    (0x00abb7, 0x13e7),
    (0x00abb8, 0x13e8),
    (0x00abb9, 0x13e9),
    (0x00abba, 0x13ea),
    (0x00abbb, 0x13eb),
    (0x00abbc, 0x13ec),
    (0x00abbd, 0x13ed),
    (0x00abbe, 0x13ee),
    (0x00abbf, 0x13ef),
    (0x00ff41, 0xff21),
    (0x00ff42, 0xff22),
    (0x00ff43, 0xff23),
    (0x00ff44, 0xff24),
    (0x00ff45, 0xff25),
    (0x00ff46, 0xff26),
    (0x00ff47, 0xff27),
    (0x00ff48, 0xff28),
    (0x00ff49, 0xff29),
    (0x00ff4a, 0xff2a),
    (0x00ff4b, 0xff2b),
    (0x00ff4c, 0xff2c),
    (0x00ff4d, 0xff2d),
    (0x00ff4e, 0xff2e),
    (0x00ff4f, 0xff2f),
    (0x00ff50, 0xff30),
    (0x00ff51, 0xff31),
    (0x00ff52, 0xff32),
    (0x00ff53, 0xff33),
    (0x00ff54, 0xff34),
    (0x00ff55, 0xff35),
    (0x00ff56, 0xff36),
    (0x00ff57, 0xff37),
    (0x00ff58, 0xff38),
    (0x00ff59, 0xff39),
    (0x00ff5a, 0xff3a),
    (0x010428, 0x10400),
    (0x010429, 0x10401),
    (0x01042a, 0x10402),
    (0x01042b, 0x10403),
    (0x01042c, 0x10404),
    (0x01042d, 0x10405),
    (0x01042e, 0x10406),
    (0x01042f, 0x10407),
    (0x010430, 0x10408),
    (0x010431, 0x10409),
    (0x010432, 0x1040a),
    (0x010433, 0x1040b),
    (0x010434, 0x1040c),
    (0x010435, 0x1040d),
    (0x010436, 0x1040e),
    (0x010437, 0x1040f),
    (0x010438, 0x10410),
    (0x010439, 0x10411),
    (0x01043a, 0x10412),
    (0x01043b, 0x10413),
    (0x01043c, 0x10414),
    (0x01043d, 0x10415),
    (0x01043e, 0x10416),
    (0x01043f, 0x10417),
    (0x010440, 0x10418),
    (0x010441, 0x10419),
    (0x010442, 0x1041a),
    (0x010443, 0x1041b),
    (0x010444, 0x1041c),
    (0x010445, 0x1041d),
    (0x010446, 0x1041e),
    (0x010447, 0x1041f),
    (0x010448, 0x10420),
    (0x010449, 0x10421),
    (0x01044a, 0x10422),
    (0x01044b, 0x10423),
    (0x01044c, 0x10424),
    (0x01044d, 0x10425),
    (0x01044e, 0x10426),
    (0x01044f, 0x10427),
    (0x0104d8, 0x104b0),
    (0x0104d9, 0x104b1),
    (0x0104da, 0x104b2),
    (0x0104db, 0x104b3),
    (0x0104dc, 0x104b4),
    (0x0104dd, 0x104b5),
    (0x0104de, 0x104b6),
    (0x0104df, 0x104b7),
    (0x0104e0, 0x104b8),
    (0x0104e1, 0x104b9),
    (0x0104e2, 0x104ba),
    (0x0104e3, 0x104bb),
    (0x0104e4, 0x104bc),
    (0x0104e5, 0x104bd),
    (0x0104e6, 0x104be),
    (0x0104e7, 0x104bf),
    (0x0104e8, 0x104c0),
    (0x0104e9, 0x104c1),
    (0x0104ea, 0x104c2),
    (0x0104eb, 0x104c3),
    (0x0104ec, 0x104c4),
    (0x0104ed, 0x104c5),
    (0x0104ee, 0x104c6),
    (0x0104ef, 0x104c7),
    (0x0104f0, 0x104c8),
    (0x0104f1, 0x104c9),
    (0x0104f2, 0x104ca),
    (0x0104f3, 0x104cb),
    (0x0104f4, 0x104cc),
    (0x0104f5, 0x104cd),
    (0x0104f6, 0x104ce),
    (0x0104f7, 0x104cf),
    (0x0104f8, 0x104d0),
    (0x0104f9, 0x104d1),
    (0x0104fa, 0x104d2),
    (0x0104fb, 0x104d3),
    (0x010597, 0x10570),
    (0x010598, 0x10571),
    (0x010599, 0x10572),
    (0x01059a, 0x10573),
    (0x01059b, 0x10574),
    (0x01059c, 0x10575),
    (0x01059d, 0x10576),
    (0x01059e, 0x10577),
    (0x01059f, 0x10578),
    (0x0105a0, 0x10579),
    (0x0105a1, 0x1057a),
    (0x0105a3, 0x1057c),
    (0x0105a4, 0x1057d),
    (0x0105a5, 0x1057e),
    (0x0105a6, 0x1057f),
    (0x0105a7, 0x10580),
    (0x0105a8, 0x10581),
    (0x0105a9, 0x10582),
    (0x0105aa, 0x10583),
    (0x0105ab, 0x10584),
    (0x0105ac, 0x10585),
    (0x0105ad, 0x10586),
    (0x0105ae, 0x10587),
    (0x0105af, 0x10588),
    (0x0105b0, 0x10589),
    (0x0105b1, 0x1058a),
    (0x0105b3, 0x1058c),
    (0x0105b4, 0x1058d),
    (0x0105b5, 0x1058e),
    (0x0105b6, 0x1058f),
    (0x0105b7, 0x10590),
    (0x0105b8, 0x10591),
    (0x0105b9, 0x10592),
    (0x0105bb, 0x10594),
    (0x0105bc, 0x10595),
    (0x010cc0, 0x10c80),
    (0x010cc1, 0x10c81),
    (0x010cc2, 0x10c82),
    (0x010cc3, 0x10c83),
    (0x010cc4, 0x10c84),
    (0x010cc5, 0x10c85),
    (0x010cc6, 0x10c86),
    (0x010cc7, 0x10c87),
    (0x010cc8, 0x10c88),
    (0x010cc9, 0x10c89),
    (0x010cca, 0x10c8a),
    (0x010ccb, 0x10c8b),
    (0x010ccc, 0x10c8c),
    (0x010ccd, 0x10c8d),
    (0x010cce, 0x10c8e),
    (0x010ccf, 0x10c8f),
    (0x010cd0, 0x10c90),
    (0x010cd1, 0x10c91),
    (0x010cd2, 0x10c92),
    (0x010cd3, 0x10c93),
    (0x010cd4, 0x10c94),
    (0x010cd5, 0x10c95),
    (0x010cd6, 0x10c96),
    (0x010cd7, 0x10c97),
    (0x010cd8, 0x10c98),
    (0x010cd9, 0x10c99),
    (0x010cda, 0x10c9a),
    (0x010cdb, 0x10c9b),
    (0x010cdc, 0x10c9c),
    (0x010cdd, 0x10c9d),
    (0x010cde, 0x10c9e),
    (0x010cdf, 0x10c9f),
    (0x010ce0, 0x10ca0),
    (0x010ce1, 0x10ca1),
    (0x010ce2, 0x10ca2),
    (0x010ce3, 0x10ca3),
    (0x010ce4, 0x10ca4),
    (0x010ce5, 0x10ca5),
    (0x010ce6, 0x10ca6),
    (0x010ce7, 0x10ca7),
    (0x010ce8, 0x10ca8),
    (0x010ce9, 0x10ca9),
    (0x010cea, 0x10caa),
    (0x010ceb, 0x10cab),
    (0x010cec, 0x10cac),
    (0x010ced, 0x10cad),
    (0x010cee, 0x10cae),
    (0x010cef, 0x10caf),
    (0x010cf0, 0x10cb0),
    (0x010cf1, 0x10cb1),
    (0x010cf2, 0x10cb2),
    (0x0118c0, 0x118a0),
    (0x0118c1, 0x118a1),
    (0x0118c2, 0x118a2),
    (0x0118c3, 0x118a3),
    (0x0118c4, 0x118a4),
    (0x0118c5, 0x118a5),
    (0x0118c6, 0x118a6),
    (0x0118c7, 0x118a7),
    (0x0118c8, 0x118a8),
    (0x0118c9, 0x118a9),
    (0x0118ca, 0x118aa),
    (0x0118cb, 0x118ab),
    (0x0118cc, 0x118ac),
    (0x0118cd, 0x118ad),
    (0x0118ce, 0x118ae),
    (0x0118cf, 0x118af),
    (0x0118d0, 0x118b0),
    (0x0118d1, 0x118b1),
    (0x0118d2, 0x118b2),
    (0x0118d3, 0x118b3),
    (0x0118d4, 0x118b4),
    (0x0118d5, 0x118b5),
    (0x0118d6, 0x118b6),
    (0x0118d7, 0x118b7),
    (0x0118d8, 0x118b8),
    (0x0118d9, 0x118b9),
    (0x0118da, 0x118ba),
    (0x0118db, 0x118bb),
    (0x0118dc, 0x118bc),
    (0x0118dd, 0x118bd),
    (0x0118de, 0x118be),
    (0x0118df, 0x118bf),
    (0x016e60, 0x16e40),
    (0x016e61, 0x16e41),
    (0x016e62, 0x16e42),
    (0x016e63, 0x16e43),
    (0x016e64, 0x16e44),
    (0x016e65, 0x16e45),
    (0x016e66, 0x16e46),
    (0x016e67, 0x16e47),
    (0x016e68, 0x16e48),
    (0x016e69, 0x16e49),
    (0x016e6a, 0x16e4a),
    (0x016e6b, 0x16e4b),
    (0x016e6c, 0x16e4c),
    (0x016e6d, 0x16e4d),
    (0x016e6e, 0x16e4e),
    (0x016e6f, 0x16e4f),
    (0x016e70, 0x16e50),
    (0x016e71, 0x16e51),
    (0x016e72, 0x16e52),
    (0x016e73, 0x16e53),
    (0x016e74, 0x16e54),
    (0x016e75, 0x16e55),
    (0x016e76, 0x16e56),
    (0x016e77, 0x16e57),
    (0x016e78, 0x16e58),
    (0x016e79, 0x16e59),
    (0x016e7a, 0x16e5a),
    (0x016e7b, 0x16e5b),
    (0x016e7c, 0x16e5c),
    (0x016e7d, 0x16e5d),
    (0x016e7e, 0x16e5e),
    (0x016e7f, 0x16e5f),
    (0x01e922, 0x1e900),
    (0x01e923, 0x1e901),
    (0x01e924, 0x1e902),
    (0x01e925, 0x1e903),
    (0x01e926, 0x1e904),
    (0x01e927, 0x1e905),
    (0x01e928, 0x1e906),
    (0x01e929, 0x1e907),
    (0x01e92a, 0x1e908),
    (0x01e92b, 0x1e909),
    (0x01e92c, 0x1e90a),
    (0x01e92d, 0x1e90b),
    (0x01e92e, 0x1e90c),
    (0x01e92f, 0x1e90d),
    (0x01e930, 0x1e90e),
    (0x01e931, 0x1e90f),
    (0x01e932, 0x1e910),
    (0x01e933, 0x1e911),
    (0x01e934, 0x1e912),
    (0x01e935, 0x1e913),
    (0x01e936, 0x1e914),
    (0x01e937, 0x1e915),
    (0x01e938, 0x1e916),
    (0x01e939, 0x1e917),
    (0x01e93a, 0x1e918),
    (0x01e93b, 0x1e919),
    (0x01e93c, 0x1e91a),
    (0x01e93d, 0x1e91b),
    (0x01e93e, 0x1e91c),
    (0x01e93f, 0x1e91d),
    (0x01e940, 0x1e91e),
    (0x01e941, 0x1e91f),
    (0x01e942, 0x1e920),
    (0x01e943, 0x1e921),
];

/// (first, last, nfd) canonical decomposition base-codepoint ranges.
pub const UNICODE_RANGES_NFD: &[(u32, u32, u32)] = &[
    (0x000000, 0x000000, 0x000000),
    (0x0000c0, 0x0000c5, 0x000041),
    (0x0000c7, 0x0000c7, 0x000043),
    (0x0000c8, 0x0000cb, 0x000045),
    (0x0000cc, 0x0000cf, 0x000049),
    (0x0000d1, 0x0000d1, 0x00004e),
    (0x0000d2, 0x0000d6, 0x00004f),
    (0x0000d9, 0x0000dc, 0x000055),
    (0x0000dd, 0x0000dd, 0x000059),
    (0x0000e0, 0x0000e5, 0x000061),
    (0x0000e7, 0x0000e7, 0x000063),
    (0x0000e8, 0x0000eb, 0x000065),
    (0x0000ec, 0x0000ef, 0x000069),
    (0x0000f1, 0x0000f1, 0x00006e),
    (0x0000f2, 0x0000f6, 0x00006f),
    (0x0000f9, 0x0000fc, 0x000075),
    (0x0000fd, 0x0000fd, 0x000079),
    (0x0000ff, 0x0000ff, 0x000079),
    (0x000100, 0x000100, 0x000041),
    (0x000101, 0x000101, 0x000061),
    (0x000102, 0x000102, 0x000041),
    (0x000103, 0x000103, 0x000061),
    (0x000104, 0x000104, 0x000041),
    (0x000105, 0x000105, 0x000061),
    (0x000106, 0x000106, 0x000043),
    (0x000107, 0x000107, 0x000063),
    (0x000108, 0x000108, 0x000043),
    (0x000109, 0x000109, 0x000063),
    (0x00010a, 0x00010a, 0x000043),
    (0x00010b, 0x00010b, 0x000063),
    (0x00010c, 0x00010c, 0x000043),
    (0x00010d, 0x00010d, 0x000063),
    (0x00010e, 0x00010e, 0x000044),
    (0x00010f, 0x00010f, 0x000064),
    (0x000112, 0x000112, 0x000045),
    (0x000113, 0x000113, 0x000065),
    (0x000114, 0x000114, 0x000045),
    (0x000115, 0x000115, 0x000065),
    (0x000116, 0x000116, 0x000045),
    (0x000117, 0x000117, 0x000065),
    (0x000118, 0x000118, 0x000045),
    (0x000119, 0x000119, 0x000065),
    (0x00011a, 0x00011a, 0x000045),
    (0x00011b, 0x00011b, 0x000065),
    (0x00011c, 0x00011c, 0x000047),
    (0x00011d, 0x00011d, 0x000067),
    (0x00011e, 0x00011e, 0x000047),
    (0x00011f, 0x00011f, 0x000067),
    (0x000120, 0x000120, 0x000047),
    (0x000121, 0x000121, 0x000067),
    (0x000122, 0x000122, 0x000047),
    (0x000123, 0x000123, 0x000067),
    (0x000124, 0x000124, 0x000048),
    (0x000125, 0x000125, 0x000068),
    (0x000128, 0x000128, 0x000049),
    (0x000129, 0x000129, 0x000069),
    (0x00012a, 0x00012a, 0x000049),
    (0x00012b, 0x00012b, 0x000069),
    (0x00012c, 0x00012c, 0x000049),
    (0x00012d, 0x00012d, 0x000069),
    (0x00012e, 0x00012e, 0x000049),
    (0x00012f, 0x00012f, 0x000069),
    (0x000130, 0x000130, 0x000049),
    (0x000134, 0x000134, 0x00004a),
    (0x000135, 0x000135, 0x00006a),
    (0x000136, 0x000136, 0x00004b),
    (0x000137, 0x000137, 0x00006b),
    (0x000139, 0x000139, 0x00004c),
    (0x00013a, 0x00013a, 0x00006c),
    (0x00013b, 0x00013b, 0x00004c),
    (0x00013c, 0x00013c, 0x00006c),
    (0x00013d, 0x00013d, 0x00004c),
    (0x00013e, 0x00013e, 0x00006c),
    (0x000143, 0x000143, 0x00004e),
    (0x000144, 0x000144, 0x00006e),
    (0x000145, 0x000145, 0x00004e),
    (0x000146, 0x000146, 0x00006e),
    (0x000147, 0x000147, 0x00004e),
    (0x000148, 0x000148, 0x00006e),
    (0x00014c, 0x00014c, 0x00004f),
    (0x00014d, 0x00014d, 0x00006f),
    (0x00014e, 0x00014e, 0x00004f),
    (0x00014f, 0x00014f, 0x00006f),
    (0x000150, 0x000150, 0x00004f),
    (0x000151, 0x000151, 0x00006f),
    (0x000154, 0x000154, 0x000052),
    (0x000155, 0x000155, 0x000072),
    (0x000156, 0x000156, 0x000052),
    (0x000157, 0x000157, 0x000072),
    (0x000158, 0x000158, 0x000052),
    (0x000159, 0x000159, 0x000072),
    (0x00015a, 0x00015a, 0x000053),
    (0x00015b, 0x00015b, 0x000073),
    (0x00015c, 0x00015c, 0x000053),
    (0x00015d, 0x00015d, 0x000073),
    (0x00015e, 0x00015e, 0x000053),
    (0x00015f, 0x00015f, 0x000073),
    (0x000160, 0x000160, 0x000053),
    (0x000161, 0x000161, 0x000073),
    (0x000162, 0x000162, 0x000054),
    (0x000163, 0x000163, 0x000074),
    (0x000164, 0x000164, 0x000054),
    (0x000165, 0x000165, 0x000074),
    (0x000168, 0x000168, 0x000055),
    (0x000169, 0x000169, 0x000075),
    (0x00016a, 0x00016a, 0x000055),
    (0x00016b, 0x00016b, 0x000075),
    (0x00016c, 0x00016c, 0x000055),
    (0x00016d, 0x00016d, 0x000075),
    (0x00016e, 0x00016e, 0x000055),
    (0x00016f, 0x00016f, 0x000075),
    (0x000170, 0x000170, 0x000055),
    (0x000171, 0x000171, 0x000075),
    (0x000172, 0x000172, 0x000055),
    (0x000173, 0x000173, 0x000075),
    (0x000174, 0x000174, 0x000057),
    (0x000175, 0x000175, 0x000077),
    (0x000176, 0x000176, 0x000059),
    (0x000177, 0x000177, 0x000079),
    (0x000178, 0x000178, 0x000059),
    (0x000179, 0x000179, 0x00005a),
    (0x00017a, 0x00017a, 0x00007a),
    (0x00017b, 0x00017b, 0x00005a),
    (0x00017c, 0x00017c, 0x00007a),
    (0x00017d, 0x00017d, 0x00005a),
    (0x00017e, 0x00017e, 0x00007a),
    (0x0001a0, 0x0001a0, 0x00004f),
    (0x0001a1, 0x0001a1, 0x00006f),
    (0x0001af, 0x0001af, 0x000055),
    (0x0001b0, 0x0001b0, 0x000075),
    (0x0001cd, 0x0001cd, 0x000041),
    (0x0001ce, 0x0001ce, 0x000061),
    (0x0001cf, 0x0001cf, 0x000049),
    (0x0001d0, 0x0001d0, 0x000069),
    (0x0001d1, 0x0001d1, 0x00004f),
    (0x0001d2, 0x0001d2, 0x00006f),
    (0x0001d3, 0x0001d3, 0x000055),
    (0x0001d4, 0x0001d4, 0x000075),
    (0x0001d5, 0x0001d5, 0x000055),
    (0x0001d6, 0x0001d6, 0x000075),
    (0x0001d7, 0x0001d7, 0x000055),
    (0x0001d8, 0x0001d8, 0x000075),
    (0x0001d9, 0x0001d9, 0x000055),
    (0x0001da, 0x0001da, 0x000075),
    (0x0001db, 0x0001db, 0x000055),
    (0x0001dc, 0x0001dc, 0x000075),
    (0x0001de, 0x0001de, 0x000041),
    (0x0001df, 0x0001df, 0x000061),
    (0x0001e0, 0x0001e0, 0x000041),
    (0x0001e1, 0x0001e1, 0x000061),
    (0x0001e2, 0x0001e2, 0x0000c6),
    (0x0001e3, 0x0001e3, 0x0000e6),
    (0x0001e6, 0x0001e6, 0x000047),
    (0x0001e7, 0x0001e7, 0x000067),
    (0x0001e8, 0x0001e8, 0x00004b),
    (0x0001e9, 0x0001e9, 0x00006b),
    (0x0001ea, 0x0001ea, 0x00004f),
    (0x0001eb, 0x0001eb, 0x00006f),
    (0x0001ec, 0x0001ec, 0x00004f),
    (0x0001ed, 0x0001ed, 0x00006f),
    (0x0001ee, 0x0001ee, 0x0001b7),
    (0x0001ef, 0x0001ef, 0x000292),
    (0x0001f0, 0x0001f0, 0x00006a),
    (0x0001f4, 0x0001f4, 0x000047),
    (0x0001f5, 0x0001f5, 0x000067),
    (0x0001f8, 0x0001f8, 0x00004e),
    (0x0001f9, 0x0001f9, 0x00006e),
    (0x0001fa, 0x0001fa, 0x000041),
    (0x0001fb, 0x0001fb, 0x000061),
    (0x0001fc, 0x0001fc, 0x0000c6),
    (0x0001fd, 0x0001fd, 0x0000e6),
    (0x0001fe, 0x0001fe, 0x0000d8),
    (0x0001ff, 0x0001ff, 0x0000f8),
    (0x000200, 0x000200, 0x000041),
    (0x000201, 0x000201, 0x000061),
    (0x000202, 0x000202, 0x000041),
    (0x000203, 0x000203, 0x000061),
    (0x000204, 0x000204, 0x000045),
    (0x000205, 0x000205, 0x000065),
    (0x000206, 0x000206, 0x000045),
    (0x000207, 0x000207, 0x000065),
    (0x000208, 0x000208, 0x000049),
    (0x000209, 0x000209, 0x000069),
    (0x00020a, 0x00020a, 0x000049),
    (0x00020b, 0x00020b, 0x000069),
    (0x00020c, 0x00020c, 0x00004f),
    (0x00020d, 0x00020d, 0x00006f),
    (0x00020e, 0x00020e, 0x00004f),
    (0x00020f, 0x00020f, 0x00006f),
    (0x000210, 0x000210, 0x000052),
    (0x000211, 0x000211, 0x000072),
    (0x000212, 0x000212, 0x000052),
    (0x000213, 0x000213, 0x000072),
    (0x000214, 0x000214, 0x000055),
    (0x000215, 0x000215, 0x000075),
    (0x000216, 0x000216, 0x000055),
    (0x000217, 0x000217, 0x000075),
    (0x000218, 0x000218, 0x000053),
    (0x000219, 0x000219, 0x000073),
    (0x00021a, 0x00021a, 0x000054),
    (0x00021b, 0x00021b, 0x000074),
    (0x00021e, 0x00021e, 0x000048),
    (0x00021f, 0x00021f, 0x000068),
    (0x000226, 0x000226, 0x000041),
    (0x000227, 0x000227, 0x000061),
    (0x000228, 0x000228, 0x000045),
    (0x000229, 0x000229, 0x000065),
    (0x00022a, 0x00022a, 0x00004f),
    (0x00022b, 0x00022b, 0x00006f),
    (0x00022c, 0x00022c, 0x00004f),
    (0x00022d, 0x00022d, 0x00006f),
    (0x00022e, 0x00022e, 0x00004f),
    (0x00022f, 0x00022f, 0x00006f),
    (0x000230, 0x000230, 0x00004f),
    (0x000231, 0x000231, 0x00006f),
    (0x000232, 0x000232, 0x000059),
    (0x000233, 0x000233, 0x000079),
    (0x000340, 0x000340, 0x000300),
    (0x000341, 0x000341, 0x000301),
    (0x000343, 0x000343, 0x000313),
    (0x000344, 0x000344, 0x000308),
    (0x000374, 0x000374, 0x0002b9),
    (0x00037e, 0x00037e, 0x00003b),
    (0x000385, 0x000385, 0x0000a8),
    (0x000386, 0x000386, 0x000391),
    (0x000387, 0x000387, 0x0000b7),
    (0x000388, 0x000388, 0x000395),
    (0x000389, 0x000389, 0x000397),
    (0x00038a, 0x00038a, 0x000399),
    (0x00038c, 0x00038c, 0x00039f),
    (0x00038e, 0x00038e, 0x0003a5),
    (0x00038f, 0x00038f, 0x0003a9),
    (0x000390, 0x000390, 0x0003b9),
    (0x0003aa, 0x0003aa, 0x000399),
    (0x0003ab, 0x0003ab, 0x0003a5),
    (0x0003ac, 0x0003ac, 0x0003b1),
    (0x0003ad, 0x0003ad, 0x0003b5),
    (0x0003ae, 0x0003ae, 0x0003b7),
    (0x0003af, 0x0003af, 0x0003b9),
    (0x0003b0, 0x0003b0, 0x0003c5),
    (0x0003ca, 0x0003ca, 0x0003b9),
    (0x0003cb, 0x0003cb, 0x0003c5),
    (0x0003cc, 0x0003cc, 0x0003bf),
    (0x0003cd, 0x0003cd, 0x0003c5),
    (0x0003ce, 0x0003ce, 0x0003c9),
    (0x0003d3, 0x0003d4, 0x0003d2),
    (0x000400, 0x000401, 0x000415),
    (0x000403, 0x000403, 0x000413),
    (0x000407, 0x000407, 0x000406),
    (0x00040c, 0x00040c, 0x00041a),
    (0x00040d, 0x00040d, 0x000418),
    (0x00040e, 0x00040e, 0x000423),
    (0x000419, 0x000419, 0x000418),
    (0x000439, 0x000439, 0x000438),
    (0x000450, 0x000451, 0x000435),
    (0x000453, 0x000453, 0x000433),
    (0x000457, 0x000457, 0x000456),
    (0x00045c, 0x00045c, 0x00043a),
    (0x00045d, 0x00045d, 0x000438),
    (0x00045e, 0x00045e, 0x000443),
    (0x000476, 0x000476, 0x000474),
    (0x000477, 0x000477, 0x000475),
    (0x0004c1, 0x0004c1, 0x000416),
    (0x0004c2, 0x0004c2, 0x000436),
    (0x0004d0, 0x0004d0, 0x000410),
    (0x0004d1, 0x0004d1, 0x000430),
    (0x0004d2, 0x0004d2, 0x000410),
    (0x0004d3, 0x0004d3, 0x000430),
    (0x0004d6, 0x0004d6, 0x000415),
    (0x0004d7, 0x0004d7, 0x000435),
    (0x0004da, 0x0004da, 0x0004d8),
    (0x0004db, 0x0004db, 0x0004d9),
    (0x0004dc, 0x0004dc, 0x000416),
    (0x0004dd, 0x0004dd, 0x000436),
    (0x0004de, 0x0004de, 0x000417),
    (0x0004df, 0x0004df, 0x000437),
    (0x0004e2, 0x0004e2, 0x000418),
    (0x0004e3, 0x0004e3, 0x000438),
    (0x0004e4, 0x0004e4, 0x000418),
    (0x0004e5, 0x0004e5, 0x000438),
    (0x0004e6, 0x0004e6, 0x00041e),
    (0x0004e7, 0x0004e7, 0x00043e),
    (0x0004ea, 0x0004ea, 0x0004e8),
    (0x0004eb, 0x0004eb, 0x0004e9),
    (0x0004ec, 0x0004ec, 0x00042d),
    (0x0004ed, 0x0004ed, 0x00044d),
    (0x0004ee, 0x0004ee, 0x000423),
    (0x0004ef, 0x0004ef, 0x000443),
    (0x0004f0, 0x0004f0, 0x000423),
    (0x0004f1, 0x0004f1, 0x000443),
    (0x0004f2, 0x0004f2, 0x000423),
    (0x0004f3, 0x0004f3, 0x000443),
    (0x0004f4, 0x0004f4, 0x000427),
    (0x0004f5, 0x0004f5, 0x000447),
    (0x0004f8, 0x0004f8, 0x00042b),
    (0x0004f9, 0x0004f9, 0x00044b),
    (0x000622, 0x000623, 0x000627),
    (0x000624, 0x000624, 0x000648),
    (0x000625, 0x000625, 0x000627),
    (0x000626, 0x000626, 0x00064a),
    (0x0006c0, 0x0006c0, 0x0006d5),
    (0x0006c2, 0x0006c2, 0x0006c1),
    (0x0006d3, 0x0006d3, 0x0006d2),
    (0x000929, 0x000929, 0x000928),
    (0x000931, 0x000931, 0x000930),
    (0x000934, 0x000934, 0x000933),
    (0x000958, 0x000958, 0x000915),
    (0x000959, 0x000959, 0x000916),
    (0x00095a, 0x00095a, 0x000917),
    (0x00095b, 0x00095b, 0x00091c),
    (0x00095c, 0x00095c, 0x000921),
    (0x00095d, 0x00095d, 0x000922),
    (0x00095e, 0x00095e, 0x00092b),
    (0x00095f, 0x00095f, 0x00092f),
    (0x0009cb, 0x0009cc, 0x0009c7),
    (0x0009dc, 0x0009dc, 0x0009a1),
    (0x0009dd, 0x0009dd, 0x0009a2),
    (0x0009df, 0x0009df, 0x0009af),
    (0x000a33, 0x000a33, 0x000a32),
    (0x000a36, 0x000a36, 0x000a38),
    (0x000a59, 0x000a59, 0x000a16),
    (0x000a5a, 0x000a5a, 0x000a17),
    (0x000a5b, 0x000a5b, 0x000a1c),
    (0x000a5e, 0x000a5e, 0x000a2b),
    (0x000b48, 0x000b48, 0x000b47),
    (0x000b4b, 0x000b4c, 0x000b47),
    (0x000b5c, 0x000b5c, 0x000b21),
    (0x000b5d, 0x000b5d, 0x000b22),
    (0x000b94, 0x000b94, 0x000b92),
    (0x000bca, 0x000bca, 0x000bc6),
    (0x000bcb, 0x000bcb, 0x000bc7),
    (0x000bcc, 0x000bcc, 0x000bc6),
    (0x000c48, 0x000c48, 0x000c46),
    (0x000cc0, 0x000cc0, 0x000cbf),
    (0x000cc7, 0x000cc8, 0x000cc6),
    (0x000cca, 0x000ccb, 0x000cc6),
    (0x000d4a, 0x000d4a, 0x000d46),
    (0x000d4b, 0x000d4b, 0x000d47),
    (0x000d4c, 0x000d4c, 0x000d46),
    (0x000dda, 0x000dda, 0x000dd9),
    (0x000ddc, 0x000dde, 0x000dd9),
    (0x000f43, 0x000f43, 0x000f42),
    (0x000f4d, 0x000f4d, 0x000f4c),
    (0x000f52, 0x000f52, 0x000f51),
    (0x000f57, 0x000f57, 0x000f56),
    (0x000f5c, 0x000f5c, 0x000f5b),
    (0x000f69, 0x000f69, 0x000f40),
    (0x000f73, 0x000f73, 0x000f71),
    (0x000f75, 0x000f75, 0x000f71),
    (0x000f76, 0x000f76, 0x000fb2),
    (0x000f78, 0x000f78, 0x000fb3),
    (0x000f81, 0x000f81, 0x000f71),
    (0x000f93, 0x000f93, 0x000f92),
    (0x000f9d, 0x000f9d, 0x000f9c),
    (0x000fa2, 0x000fa2, 0x000fa1),
    (0x000fa7, 0x000fa7, 0x000fa6),
    (0x000fac, 0x000fac, 0x000fab),
    (0x000fb9, 0x000fb9, 0x000f90),
    (0x001026, 0x001026, 0x001025),
    (0x001b06, 0x001b06, 0x001b05),
    (0x001b08, 0x001b08, 0x001b07),
    (0x001b0a, 0x001b0a, 0x001b09),
    (0x001b0c, 0x001b0c, 0x001b0b),
    (0x001b0e, 0x001b0e, 0x001b0d),
    (0x001b12, 0x001b12, 0x001b11),
    (0x001b3b, 0x001b3b, 0x001b3a),
    (0x001b3d, 0x001b3d, 0x001b3c),
    (0x001b40, 0x001b40, 0x001b3e),
    (0x001b41, 0x001b41, 0x001b3f),
    (0x001b43, 0x001b43, 0x001b42),
    (0x001e00, 0x001e00, 0x000041),
    (0x001e01, 0x001e01, 0x000061),
    (0x001e02, 0x001e02, 0x000042),
    (0x001e03, 0x001e03, 0x000062),
    (0x001e04, 0x001e04, 0x000042),
    (0x001e05, 0x001e05, 0x000062),
    (0x001e06, 0x001e06, 0x000042),
    (0x001e07, 0x001e07, 0x000062),
    (0x001e08, 0x001e08, 0x000043),
    (0x001e09, 0x001e09, 0x000063),
    (0x001e0a, 0x001e0a, 0x000044),
    (0x001e0b, 0x001e0b, 0x000064),
    (0x001e0c, 0x001e0c, 0x000044),
    (0x001e0d, 0x001e0d, 0x000064),
    (0x001e0e, 0x001e0e, 0x000044),
    (0x001e0f, 0x001e0f, 0x000064),
    (0x001e10, 0x001e10, 0x000044),
    (0x001e11, 0x001e11, 0x000064),
    (0x001e12, 0x001e12, 0x000044),
    (0x001e13, 0x001e13, 0x000064),
    (0x001e14, 0x001e14, 0x000045),
    (0x001e15, 0x001e15, 0x000065),
    (0x001e16, 0x001e16, 0x000045),
    (0x001e17, 0x001e17, 0x000065),
    (0x001e18, 0x001e18, 0x000045),
    (0x001e19, 0x001e19, 0x000065),
    (0x001e1a, 0x001e1a, 0x000045),
    (0x001e1b, 0x001e1b, 0x000065),
    (0x001e1c, 0x001e1c, 0x000045),
    (0x001e1d, 0x001e1d, 0x000065),
    (0x001e1e, 0x001e1e, 0x000046),
    (0x001e1f, 0x001e1f, 0x000066),
    (0x001e20, 0x001e20, 0x000047),
    (0x001e21, 0x001e21, 0x000067),
    (0x001e22, 0x001e22, 0x000048),
    (0x001e23, 0x001e23, 0x000068),
    (0x001e24, 0x001e24, 0x000048),
    (0x001e25, 0x001e25, 0x000068),
    (0x001e26, 0x001e26, 0x000048),
    (0x001e27, 0x001e27, 0x000068),
    (0x001e28, 0x001e28, 0x000048),
    (0x001e29, 0x001e29, 0x000068),
    (0x001e2a, 0x001e2a, 0x000048),
    (0x001e2b, 0x001e2b, 0x000068),
    (0x001e2c, 0x001e2c, 0x000049),
    (0x001e2d, 0x001e2d, 0x000069),
    (0x001e2e, 0x001e2e, 0x000049),
    (0x001e2f, 0x001e2f, 0x000069),
    (0x001e30, 0x001e30, 0x00004b),
    (0x001e31, 0x001e31, 0x00006b),
    (0x001e32, 0x001e32, 0x00004b),
    (0x001e33, 0x001e33, 0x00006b),
    (0x001e34, 0x001e34, 0x00004b),
    (0x001e35, 0x001e35, 0x00006b),
    (0x001e36, 0x001e36, 0x00004c),
    (0x001e37, 0x001e37, 0x00006c),
    (0x001e38, 0x001e38, 0x00004c),
    (0x001e39, 0x001e39, 0x00006c),
    (0x001e3a, 0x001e3a, 0x00004c),
    (0x001e3b, 0x001e3b, 0x00006c),
    (0x001e3c, 0x001e3c, 0x00004c),
    (0x001e3d, 0x001e3d, 0x00006c),
    (0x001e3e, 0x001e3e, 0x00004d),
    (0x001e3f, 0x001e3f, 0x00006d),
    (0x001e40, 0x001e40, 0x00004d),
    (0x001e41, 0x001e41, 0x00006d),
    (0x001e42, 0x001e42, 0x00004d),
    (0x001e43, 0x001e43, 0x00006d),
    (0x001e44, 0x001e44, 0x00004e),
    (0x001e45, 0x001e45, 0x00006e),
    (0x001e46, 0x001e46, 0x00004e),
    (0x001e47, 0x001e47, 0x00006e),
    (0x001e48, 0x001e48, 0x00004e),
    (0x001e49, 0x001e49, 0x00006e),
    (0x001e4a, 0x001e4a, 0x00004e),
    (0x001e4b, 0x001e4b, 0x00006e),
    (0x001e4c, 0x001e4c, 0x00004f),
    (0x001e4d, 0x001e4d, 0x00006f),
    (0x001e4e, 0x001e4e, 0x00004f),
    (0x001e4f, 0x001e4f, 0x00006f),
    (0x001e50, 0x001e50, 0x00004f),
    (0x001e51, 0x001e51, 0x00006f),
    (0x001e52, 0x001e52, 0x00004f),
    (0x001e53, 0x001e53, 0x00006f),
    (0x001e54, 0x001e54, 0x000050),
    (0x001e55, 0x001e55, 0x000070),
    (0x001e56, 0x001e56, 0x000050),
    (0x001e57, 0x001e57, 0x000070),
    (0x001e58, 0x001e58, 0x000052),
    (0x001e59, 0x001e59, 0x000072),
    (0x001e5a, 0x001e5a, 0x000052),
    (0x001e5b, 0x001e5b, 0x000072),
    (0x001e5c, 0x001e5c, 0x000052),
    (0x001e5d, 0x001e5d, 0x000072),
    (0x001e5e, 0x001e5e, 0x000052),
    (0x001e5f, 0x001e5f, 0x000072),
    (0x001e60, 0x001e60, 0x000053),
    (0x001e61, 0x001e61, 0x000073),
    (0x001e62, 0x001e62, 0x000053),
    (0x001e63, 0x001e63, 0x000073),
    (0x001e64, 0x001e64, 0x000053),
    (0x001e65, 0x001e65, 0x000073),
    (0x001e66, 0x001e66, 0x000053),
    (0x001e67, 0x001e67, 0x000073),
    (0x001e68, 0x001e68, 0x000053),
    (0x001e69, 0x001e69, 0x000073),
    (0x001e6a, 0x001e6a, 0x000054),
    (0x001e6b, 0x001e6b, 0x000074),
    (0x001e6c, 0x001e6c, 0x000054),
    (0x001e6d, 0x001e6d, 0x000074),
    (0x001e6e, 0x001e6e, 0x000054),
    (0x001e6f, 0x001e6f, 0x000074),
    (0x001e70, 0x001e70, 0x000054),
    (0x001e71, 0x001e71, 0x000074),
    (0x001e72, 0x001e72, 0x000055),
    (0x001e73, 0x001e73, 0x000075),
    (0x001e74, 0x001e74, 0x000055),
    (0x001e75, 0x001e75, 0x000075),
    (0x001e76, 0x001e76, 0x000055),
    (0x001e77, 0x001e77, 0x000075),
    (0x001e78, 0x001e78, 0x000055),
    (0x001e79, 0x001e79, 0x000075),
    (0x001e7a, 0x001e7a, 0x000055),
    (0x001e7b, 0x001e7b, 0x000075),
    (0x001e7c, 0x001e7c, 0x000056),
    (0x001e7d, 0x001e7d, 0x000076),
    (0x001e7e, 0x001e7e, 0x000056),
    (0x001e7f, 0x001e7f, 0x000076),
    (0x001e80, 0x001e80, 0x000057),
    (0x001e81, 0x001e81, 0x000077),
    (0x001e82, 0x001e82, 0x000057),
    (0x001e83, 0x001e83, 0x000077),
    (0x001e84, 0x001e84, 0x000057),
    (0x001e85, 0x001e85, 0x000077),
    (0x001e86, 0x001e86, 0x000057),
    (0x001e87, 0x001e87, 0x000077),
    (0x001e88, 0x001e88, 0x000057),
    (0x001e89, 0x001e89, 0x000077),
    (0x001e8a, 0x001e8a, 0x000058),
    (0x001e8b, 0x001e8b, 0x000078),
    (0x001e8c, 0x001e8c, 0x000058),
    (0x001e8d, 0x001e8d, 0x000078),
    (0x001e8e, 0x001e8e, 0x000059),
    (0x001e8f, 0x001e8f, 0x000079),
    (0x001e90, 0x001e90, 0x00005a),
    (0x001e91, 0x001e91, 0x00007a),
    (0x001e92, 0x001e92, 0x00005a),
    (0x001e93, 0x001e93, 0x00007a),
    (0x001e94, 0x001e94, 0x00005a),
    (0x001e95, 0x001e95, 0x00007a),
    (0x001e96, 0x001e96, 0x000068),
    (0x001e97, 0x001e97, 0x000074),
    (0x001e98, 0x001e98, 0x000077),
    (0x001e99, 0x001e99, 0x000079),
    (0x001e9b, 0x001e9b, 0x00017f),
    (0x001ea0, 0x001ea0, 0x000041),
    (0x001ea1, 0x001ea1, 0x000061),
    (0x001ea2, 0x001ea2, 0x000041),
    (0x001ea3, 0x001ea3, 0x000061),
    (0x001ea4, 0x001ea4, 0x000041),
    (0x001ea5, 0x001ea5, 0x000061),
    (0x001ea6, 0x001ea6, 0x000041),
    (0x001ea7, 0x001ea7, 0x000061),
    (0x001ea8, 0x001ea8, 0x000041),
    (0x001ea9, 0x001ea9, 0x000061),
    (0x001eaa, 0x001eaa, 0x000041),
    (0x001eab, 0x001eab, 0x000061),
    (0x001eac, 0x001eac, 0x000041),
    (0x001ead, 0x001ead, 0x000061),
    (0x001eae, 0x001eae, 0x000041),
    (0x001eaf, 0x001eaf, 0x000061),
    (0x001eb0, 0x001eb0, 0x000041),
    (0x001eb1, 0x001eb1, 0x000061),
    (0x001eb2, 0x001eb2, 0x000041),
    (0x001eb3, 0x001eb3, 0x000061),
    (0x001eb4, 0x001eb4, 0x000041),
    (0x001eb5, 0x001eb5, 0x000061),
    (0x001eb6, 0x001eb6, 0x000041),
    (0x001eb7, 0x001eb7, 0x000061),
    (0x001eb8, 0x001eb8, 0x000045),
    (0x001eb9, 0x001eb9, 0x000065),
    (0x001eba, 0x001eba, 0x000045),
    (0x001ebb, 0x001ebb, 0x000065),
    (0x001ebc, 0x001ebc, 0x000045),
    (0x001ebd, 0x001ebd, 0x000065),
    (0x001ebe, 0x001ebe, 0x000045),
    (0x001ebf, 0x001ebf, 0x000065),
    (0x001ec0, 0x001ec0, 0x000045),
    (0x001ec1, 0x001ec1, 0x000065),
    (0x001ec2, 0x001ec2, 0x000045),
    (0x001ec3, 0x001ec3, 0x000065),
    (0x001ec4, 0x001ec4, 0x000045),
    (0x001ec5, 0x001ec5, 0x000065),
    (0x001ec6, 0x001ec6, 0x000045),
    (0x001ec7, 0x001ec7, 0x000065),
    (0x001ec8, 0x001ec8, 0x000049),
    (0x001ec9, 0x001ec9, 0x000069),
    (0x001eca, 0x001eca, 0x000049),
    (0x001ecb, 0x001ecb, 0x000069),
    (0x001ecc, 0x001ecc, 0x00004f),
    (0x001ecd, 0x001ecd, 0x00006f),
    (0x001ece, 0x001ece, 0x00004f),
    (0x001ecf, 0x001ecf, 0x00006f),
    (0x001ed0, 0x001ed0, 0x00004f),
    (0x001ed1, 0x001ed1, 0x00006f),
    (0x001ed2, 0x001ed2, 0x00004f),
    (0x001ed3, 0x001ed3, 0x00006f),
    (0x001ed4, 0x001ed4, 0x00004f),
    (0x001ed5, 0x001ed5, 0x00006f),
    (0x001ed6, 0x001ed6, 0x00004f),
    (0x001ed7, 0x001ed7, 0x00006f),
    (0x001ed8, 0x001ed8, 0x00004f),
    (0x001ed9, 0x001ed9, 0x00006f),
    (0x001eda, 0x001eda, 0x00004f),
    (0x001edb, 0x001edb, 0x00006f),
    (0x001edc, 0x001edc, 0x00004f),
    (0x001edd, 0x001edd, 0x00006f),
    (0x001ede, 0x001ede, 0x00004f),
    (0x001edf, 0x001edf, 0x00006f),
    (0x001ee0, 0x001ee0, 0x00004f),
    (0x001ee1, 0x001ee1, 0x00006f),
    (0x001ee2, 0x001ee2, 0x00004f),
    (0x001ee3, 0x001ee3, 0x00006f),
    (0x001ee4, 0x001ee4, 0x000055),
    (0x001ee5, 0x001ee5, 0x000075),
    (0x001ee6, 0x001ee6, 0x000055),
    (0x001ee7, 0x001ee7, 0x000075),
    (0x001ee8, 0x001ee8, 0x000055),
    (0x001ee9, 0x001ee9, 0x000075),
    (0x001eea, 0x001eea, 0x000055),
    (0x001eeb, 0x001eeb, 0x000075),
    (0x001eec, 0x001eec, 0x000055),
    (0x001eed, 0x001eed, 0x000075),
    (0x001eee, 0x001eee, 0x000055),
    (0x001eef, 0x001eef, 0x000075),
    (0x001ef0, 0x001ef0, 0x000055),
    (0x001ef1, 0x001ef1, 0x000075),
    (0x001ef2, 0x001ef2, 0x000059),
    (0x001ef3, 0x001ef3, 0x000079),
    (0x001ef4, 0x001ef4, 0x000059),
    (0x001ef5, 0x001ef5, 0x000079),
    (0x001ef6, 0x001ef6, 0x000059),
    (0x001ef7, 0x001ef7, 0x000079),
    (0x001ef8, 0x001ef8, 0x000059),
    (0x001ef9, 0x001ef9, 0x000079),
    (0x001f00, 0x001f07, 0x0003b1),
    (0x001f08, 0x001f0f, 0x000391),
    (0x001f10, 0x001f15, 0x0003b5),
    (0x001f18, 0x001f1d, 0x000395),
    (0x001f20, 0x001f27, 0x0003b7),
    (0x001f28, 0x001f2f, 0x000397),
    (0x001f30, 0x001f37, 0x0003b9),
    (0x001f38, 0x001f3f, 0x000399),
    (0x001f40, 0x001f45, 0x0003bf),
    (0x001f48, 0x001f4d, 0x00039f),
    (0x001f50, 0x001f57, 0x0003c5),
    (0x001f59, 0x001f59, 0x0003a5),
    (0x001f5b, 0x001f5b, 0x0003a5),
    (0x001f5d, 0x001f5d, 0x0003a5),
    (0x001f5f, 0x001f5f, 0x0003a5),
    (0x001f60, 0x001f67, 0x0003c9),
    (0x001f68, 0x001f6f, 0x0003a9),
    (0x001f70, 0x001f71, 0x0003b1),
    (0x001f72, 0x001f73, 0x0003b5),
    (0x001f74, 0x001f75, 0x0003b7),
    (0x001f76, 0x001f77, 0x0003b9),
    (0x001f78, 0x001f79, 0x0003bf),
    (0x001f7a, 0x001f7b, 0x0003c5),
    (0x001f7c, 0x001f7d, 0x0003c9),
    (0x001f80, 0x001f87, 0x0003b1),
    (0x001f88, 0x001f8f, 0x000391),
    (0x001f90, 0x001f97, 0x0003b7),
    (0x001f98, 0x001f9f, 0x000397),
    (0x001fa0, 0x001fa7, 0x0003c9),
    (0x001fa8, 0x001faf, 0x0003a9),
    (0x001fb0, 0x001fb4, 0x0003b1),
    (0x001fb6, 0x001fb7, 0x0003b1),
    (0x001fb8, 0x001fbc, 0x000391),
    (0x001fbe, 0x001fbe, 0x0003b9),
    (0x001fc1, 0x001fc1, 0x0000a8),
    (0x001fc2, 0x001fc4, 0x0003b7),
    (0x001fc6, 0x001fc7, 0x0003b7),
    (0x001fc8, 0x001fc9, 0x000395),
    (0x001fca, 0x001fcc, 0x000397),
    (0x001fcd, 0x001fcf, 0x001fbf),
    (0x001fd0, 0x001fd3, 0x0003b9),
    (0x001fd6, 0x001fd7, 0x0003b9),
    (0x001fd8, 0x001fdb, 0x000399),
    (0x001fdd, 0x001fdf, 0x001ffe),
    (0x001fe0, 0x001fe3, 0x0003c5),
    (0x001fe4, 0x001fe5, 0x0003c1),
    (0x001fe6, 0x001fe7, 0x0003c5),
    (0x001fe8, 0x001feb, 0x0003a5),
    (0x001fec, 0x001fec, 0x0003a1),
    (0x001fed, 0x001fee, 0x0000a8),
    (0x001fef, 0x001fef, 0x000060),
    (0x001ff2, 0x001ff4, 0x0003c9),
    (0x001ff6, 0x001ff7, 0x0003c9),
    (0x001ff8, 0x001ff9, 0x00039f),
    (0x001ffa, 0x001ffc, 0x0003a9),
    (0x001ffd, 0x001ffd, 0x0000b4),
    (0x002000, 0x002000, 0x002002),
    (0x002001, 0x002001, 0x002003),
    (0x002126, 0x002126, 0x0003a9),
    (0x00212a, 0x00212a, 0x00004b),
    (0x00212b, 0x00212b, 0x000041),
    (0x00219a, 0x00219a, 0x002190),
    (0x00219b, 0x00219b, 0x002192),
    (0x0021ae, 0x0021ae, 0x002194),
    (0x0021cd, 0x0021cd, 0x0021d0),
    (0x0021ce, 0x0021ce, 0x0021d4),
    (0x0021cf, 0x0021cf, 0x0021d2),
    (0x002204, 0x002204, 0x002203),
    (0x002209, 0x002209, 0x002208),
    (0x00220c, 0x00220c, 0x00220b),
    (0x002224, 0x002224, 0x002223),
    (0x002226, 0x002226, 0x002225),
    (0x002241, 0x002241, 0x00223c),
    (0x002244, 0x002244, 0x002243),
    (0x002247, 0x002247, 0x002245),
    (0x002249, 0x002249, 0x002248),
    (0x002260, 0x002260, 0x00003d),
    (0x002262, 0x002262, 0x002261),
    (0x00226d, 0x00226d, 0x00224d),
    (0x00226e, 0x00226e, 0x00003c),
    (0x00226f, 0x00226f, 0x00003e),
    (0x002270, 0x002270, 0x002264),
    (0x002271, 0x002271, 0x002265),
    (0x002274, 0x002274, 0x002272),
    (0x002275, 0x002275, 0x002273),
    (0x002278, 0x002278, 0x002276),
    (0x002279, 0x002279, 0x002277),
    (0x002280, 0x002280, 0x00227a),
    (0x002281, 0x002281, 0x00227b),
    (0x002284, 0x002284, 0x002282),
    (0x002285, 0x002285, 0x002283),
    (0x002288, 0x002288, 0x002286),
    (0x002289, 0x002289, 0x002287),
    (0x0022ac, 0x0022ac, 0x0022a2),
    (0x0022ad, 0x0022ad, 0x0022a8),
    (0x0022ae, 0x0022ae, 0x0022a9),
    (0x0022af, 0x0022af, 0x0022ab),
    (0x0022e0, 0x0022e0, 0x00227c),
    (0x0022e1, 0x0022e1, 0x00227d),
    (0x0022e2, 0x0022e2, 0x002291),
    (0x0022e3, 0x0022e3, 0x002292),
    (0x0022ea, 0x0022ea, 0x0022b2),
    (0x0022eb, 0x0022eb, 0x0022b3),
    (0x0022ec, 0x0022ec, 0x0022b4),
    (0x0022ed, 0x0022ed, 0x0022b5),
    (0x002329, 0x002329, 0x003008),
    (0x00232a, 0x00232a, 0x003009),
    (0x002adc, 0x002adc, 0x002add),
    (0x00304c, 0x00304c, 0x00304b),
    (0x00304e, 0x00304e, 0x00304d),
    (0x003050, 0x003050, 0x00304f),
    (0x003052, 0x003052, 0x003051),
    (0x003054, 0x003054, 0x003053),
    (0x003056, 0x003056, 0x003055),
    (0x003058, 0x003058, 0x003057),
    (0x00305a, 0x00305a, 0x003059),
    (0x00305c, 0x00305c, 0x00305b),
    (0x00305e, 0x00305e, 0x00305d),
    (0x003060, 0x003060, 0x00305f),
    (0x003062, 0x003062, 0x003061),
    (0x003065, 0x003065, 0x003064),
    (0x003067, 0x003067, 0x003066),
    (0x003069, 0x003069, 0x003068),
    (0x003070, 0x003071, 0x00306f),
    (0x003073, 0x003074, 0x003072),
    (0x003076, 0x003077, 0x003075),
    (0x003079, 0x00307a, 0x003078),
    (0x00307c, 0x00307d, 0x00307b),
    (0x003094, 0x003094, 0x003046),
    (0x00309e, 0x00309e, 0x00309d),
    (0x0030ac, 0x0030ac, 0x0030ab),
    (0x0030ae, 0x0030ae, 0x0030ad),
    (0x0030b0, 0x0030b0, 0x0030af),
    (0x0030b2, 0x0030b2, 0x0030b1),
    (0x0030b4, 0x0030b4, 0x0030b3),
    (0x0030b6, 0x0030b6, 0x0030b5),
    (0x0030b8, 0x0030b8, 0x0030b7),
    (0x0030ba, 0x0030ba, 0x0030b9),
    (0x0030bc, 0x0030bc, 0x0030bb),
    (0x0030be, 0x0030be, 0x0030bd),
    (0x0030c0, 0x0030c0, 0x0030bf),
    (0x0030c2, 0x0030c2, 0x0030c1),
    (0x0030c5, 0x0030c5, 0x0030c4),
    (0x0030c7, 0x0030c7, 0x0030c6),
    (0x0030c9, 0x0030c9, 0x0030c8),
    (0x0030d0, 0x0030d1, 0x0030cf),
    (0x0030d3, 0x0030d4, 0x0030d2),
    (0x0030d6, 0x0030d7, 0x0030d5),
    (0x0030d9, 0x0030da, 0x0030d8),
    (0x0030dc, 0x0030dd, 0x0030db),
    (0x0030f4, 0x0030f4, 0x0030a6),
    (0x0030f7, 0x0030f7, 0x0030ef),
    (0x0030f8, 0x0030f8, 0x0030f0),
    (0x0030f9, 0x0030f9, 0x0030f1),
    (0x0030fa, 0x0030fa, 0x0030f2),
    (0x0030fe, 0x0030fe, 0x0030fd),
    (0x00ac00, 0x00ae4b, 0x001100),
    (0x00ae4c, 0x00b097, 0x001101),
    (0x00b098, 0x00b2e3, 0x001102),
    (0x00b2e4, 0x00b52f, 0x001103),
    (0x00b530, 0x00b77b, 0x001104),
    (0x00b77c, 0x00b9c7, 0x001105),
    (0x00b9c8, 0x00bc13, 0x001106),
    (0x00bc14, 0x00be5f, 0x001107),
    (0x00be60, 0x00c0ab, 0x001108),
    (0x00c0ac, 0x00c2f7, 0x001109),
    (0x00c2f8, 0x00c543, 0x00110a),
    (0x00c544, 0x00c78f, 0x00110b),
    (0x00c790, 0x00c9db, 0x00110c),
    (0x00c9dc, 0x00cc27, 0x00110d),
    (0x00cc28, 0x00ce73, 0x00110e),
    (0x00ce74, 0x00d0bf, 0x00110f),
    (0x00d0c0, 0x00d30b, 0x001110),
    (0x00d30c, 0x00d557, 0x001111),
    (0x00d558, 0x00d7a3, 0x001112),
    (0x00f900, 0x00f900, 0x008c48),
    (0x00f901, 0x00f901, 0x0066f4),
    (0x00f902, 0x00f902, 0x008eca),
    (0x00f903, 0x00f903, 0x008cc8),
    (0x00f904, 0x00f904, 0x006ed1),
    (0x00f905, 0x00f905, 0x004e32),
    (0x00f906, 0x00f906, 0x0053e5),
    (0x00f907, 0x00f908, 0x009f9c),
    (0x00f909, 0x00f909, 0x005951),
    (0x00f90a, 0x00f90a, 0x0091d1),
    (0x00f90b, 0x00f90b, 0x005587),
    (0x00f90c, 0x00f90c, 0x005948),
    (0x00f90d, 0x00f90d, 0x0061f6),
    (0x00f90e, 0x00f90e, 0x007669),
    (0x00f90f, 0x00f90f, 0x007f85),
    (0x00f910, 0x00f910, 0x00863f),
    (0x00f911, 0x00f911, 0x0087ba),
    (0x00f912, 0x00f912, 0x0088f8),
    (0x00f913, 0x00f913, 0x00908f),
    (0x00f914, 0x00f914, 0x006a02),
    (0x00f915, 0x00f915, 0x006d1b),
    (0x00f916, 0x00f916, 0x0070d9),
    (0x00f917, 0x00f917, 0x0073de),
    (0x00f918, 0x00f918, 0x00843d),
    (0x00f919, 0x00f919, 0x00916a),
    (0x00f91a, 0x00f91a, 0x0099f1),
    (0x00f91b, 0x00f91b, 0x004e82),
    (0x00f91c, 0x00f91c, 0x005375),
    (0x00f91d, 0x00f91d, 0x006b04),
    (0x00f91e, 0x00f91e, 0x00721b),
    (0x00f91f, 0x00f91f, 0x00862d),
    (0x00f920, 0x00f920, 0x009e1e),
    (0x00f921, 0x00f921, 0x005d50),
    (0x00f922, 0x00f922, 0x006feb),
    (0x00f923, 0x00f923, 0x0085cd),
    (0x00f924, 0x00f924, 0x008964),
    (0x00f925, 0x00f925, 0x0062c9),
    (0x00f926, 0x00f926, 0x0081d8),
    (0x00f927, 0x00f927, 0x00881f),
    (0x00f928, 0x00f928, 0x005eca),
    (0x00f929, 0x00f929, 0x006717),
    (0x00f92a, 0x00f92a, 0x006d6a),
    (0x00f92b, 0x00f92b, 0x0072fc),
    (0x00f92c, 0x00f92c, 0x0090ce),
    (0x00f92d, 0x00f92d, 0x004f86),
    (0x00f92e, 0x00f92e, 0x0051b7),
    (0x00f92f, 0x00f92f, 0x0052de),
    (0x00f930, 0x00f930, 0x0064c4),
    (0x00f931, 0x00f931, 0x006ad3),
    (0x00f932, 0x00f932, 0x007210),
    (0x00f933, 0x00f933, 0x0076e7),
    (0x00f934, 0x00f934, 0x008001),
    (0x00f935, 0x00f935, 0x008606),
    (0x00f936, 0x00f936, 0x00865c),
    (0x00f937, 0x00f937, 0x008def),
    (0x00f938, 0x00f938, 0x009732),
    (0x00f939, 0x00f939, 0x009b6f),
    (0x00f93a, 0x00f93a, 0x009dfa),
    (0x00f93b, 0x00f93b, 0x00788c),
    (0x00f93c, 0x00f93c, 0x00797f),
    (0x00f93d, 0x00f93d, 0x007da0),
    (0x00f93e, 0x00f93e, 0x0083c9),
    (0x00f93f, 0x00f93f, 0x009304),
    (0x00f940, 0x00f940, 0x009e7f),
    (0x00f941, 0x00f941, 0x008ad6),
    (0x00f942, 0x00f942, 0x0058df),
    (0x00f943, 0x00f943, 0x005f04),
    (0x00f944, 0x00f944, 0x007c60),
    (0x00f945, 0x00f945, 0x00807e),
    (0x00f946, 0x00f946, 0x007262),
    (0x00f947, 0x00f947, 0x0078ca),
    (0x00f948, 0x00f948, 0x008cc2),
    (0x00f949, 0x00f949, 0x0096f7),
    (0x00f94a, 0x00f94a, 0x0058d8),
    (0x00f94b, 0x00f94b, 0x005c62),
    (0x00f94c, 0x00f94c, 0x006a13),
    (0x00f94d, 0x00f94d, 0x006dda),
    (0x00f94e, 0x00f94e, 0x006f0f),
    (0x00f94f, 0x00f94f, 0x007d2f),
    (0x00f950, 0x00f950, 0x007e37),
    (0x00f951, 0x00f951, 0x00964b),
    (0x00f952, 0x00f952, 0x0052d2),
    (0x00f953, 0x00f953, 0x00808b),
    (0x00f954, 0x00f954, 0x0051dc),
    (0x00f955, 0x00f955, 0x0051cc),
    (0x00f956, 0x00f956, 0x007a1c),
    (0x00f957, 0x00f957, 0x007dbe),
    (0x00f958, 0x00f958, 0x0083f1),
    (0x00f959, 0x00f959, 0x009675),
    (0x00f95a, 0x00f95a, 0x008b80),
    (0x00f95b, 0x00f95b, 0x0062cf),
    (0x00f95c, 0x00f95c, 0x006a02),
    (0x00f95d, 0x00f95d, 0x008afe),
    (0x00f95e, 0x00f95e, 0x004e39),
    (0x00f95f, 0x00f95f, 0x005be7),
    (0x00f960, 0x00f960, 0x006012),
    (0x00f961, 0x00f961, 0x007387),
    (0x00f962, 0x00f962, 0x007570),
    (0x00f963, 0x00f963, 0x005317),
    (0x00f964, 0x00f964, 0x0078fb),
    (0x00f965, 0x00f965, 0x004fbf),
    (0x00f966, 0x00f966, 0x005fa9),
    (0x00f967, 0x00f967, 0x004e0d),
    (0x00f968, 0x00f968, 0x006ccc),
    (0x00f969, 0x00f969, 0x006578),
    (0x00f96a, 0x00f96a, 0x007d22),
    (0x00f96b, 0x00f96b, 0x0053c3),
    (0x00f96c, 0x00f96c, 0x00585e),
    (0x00f96d, 0x00f96d, 0x007701),
    (0x00f96e, 0x00f96e, 0x008449),
    (0x00f96f, 0x00f96f, 0x008aaa),
    (0x00f970, 0x00f970, 0x006bba),
    (0x00f971, 0x00f971, 0x008fb0),
    (0x00f972, 0x00f972, 0x006c88),
    (0x00f973, 0x00f973, 0x0062fe),
    (0x00f974, 0x00f974, 0x0082e5),
    (0x00f975, 0x00f975, 0x0063a0),
    (0x00f976, 0x00f976, 0x007565),
    (0x00f977, 0x00f977, 0x004eae),
    (0x00f978, 0x00f978, 0x005169),
    (0x00f979, 0x00f979, 0x0051c9),
    (0x00f97a, 0x00f97a, 0x006881),
    (0x00f97b, 0x00f97b, 0x007ce7),
    (0x00f97c, 0x00f97c, 0x00826f),
    (0x00f97d, 0x00f97d, 0x008ad2),
    (0x00f97e, 0x00f97e, 0x0091cf),
    (0x00f97f, 0x00f97f, 0x0052f5),
    (0x00f980, 0x00f980, 0x005442),
    (0x00f981, 0x00f981, 0x005973),
    (0x00f982, 0x00f982, 0x005eec),
    (0x00f983, 0x00f983, 0x0065c5),
    (0x00f984, 0x00f984, 0x006ffe),
    (0x00f985, 0x00f985, 0x00792a),
    (0x00f986, 0x00f986, 0x0095ad),
    (0x00f987, 0x00f987, 0x009a6a),
    (0x00f988, 0x00f988, 0x009e97),
    (0x00f989, 0x00f989, 0x009ece),
    (0x00f98a, 0x00f98a, 0x00529b),
    (0x00f98b, 0x00f98b, 0x0066c6),
    (0x00f98c, 0x00f98c, 0x006b77),
    (0x00f98d, 0x00f98d, 0x008f62),
    (0x00f98e, 0x00f98e, 0x005e74),
    (0x00f98f, 0x00f98f, 0x006190),
    (0x00f990, 0x00f990, 0x006200),
    (0x00f991, 0x00f991, 0x00649a),
    (0x00f992, 0x00f992, 0x006f23),
    (0x00f993, 0x00f993, 0x007149),
    (0x00f994, 0x00f994, 0x007489),
    (0x00f995, 0x00f995, 0x0079ca),
    (0x00f996, 0x00f996, 0x007df4),
    (0x00f997, 0x00f997, 0x00806f),
    (0x00f998, 0x00f998, 0x008f26),
    (0x00f999, 0x00f999, 0x0084ee),
    (0x00f99a, 0x00f99a, 0x009023),
    (0x00f99b, 0x00f99b, 0x00934a),
    (0x00f99c, 0x00f99c, 0x005217),
    (0x00f99d, 0x00f99d, 0x0052a3),
    (0x00f99e, 0x00f99e, 0x0054bd),
    (0x00f99f, 0x00f99f, 0x0070c8),
    (0x00f9a0, 0x00f9a0, 0x0088c2),
    (0x00f9a1, 0x00f9a1, 0x008aaa),
    (0x00f9a2, 0x00f9a2, 0x005ec9),
    (0x00f9a3, 0x00f9a3, 0x005ff5),
    (0x00f9a4, 0x00f9a4, 0x00637b),
    (0x00f9a5, 0x00f9a5, 0x006bae),
    (0x00f9a6, 0x00f9a6, 0x007c3e),
    (0x00f9a7, 0x00f9a7, 0x007375),
    (0x00f9a8, 0x00f9a8, 0x004ee4),
    (0x00f9a9, 0x00f9a9, 0x0056f9),
    (0x00f9aa, 0x00f9aa, 0x005be7),
    (0x00f9ab, 0x00f9ab, 0x005dba),
    (0x00f9ac, 0x00f9ac, 0x00601c),
    (0x00f9ad, 0x00f9ad, 0x0073b2),
    (0x00f9ae, 0x00f9ae, 0x007469),
    (0x00f9af, 0x00f9af, 0x007f9a),
    (0x00f9b0, 0x00f9b0, 0x008046),
    (0x00f9b1, 0x00f9b1, 0x009234),
    (0x00f9b2, 0x00f9b2, 0x0096f6),
    (0x00f9b3, 0x00f9b3, 0x009748),
    (0x00f9b4, 0x00f9b4, 0x009818),
    (0x00f9b5, 0x00f9b5, 0x004f8b),
    (0x00f9b6, 0x00f9b6, 0x0079ae),
    (0x00f9b7, 0x00f9b7, 0x0091b4),
    (0x00f9b8, 0x00f9b8, 0x0096b8),
    (0x00f9b9, 0x00f9b9, 0x0060e1),
    (0x00f9ba, 0x00f9ba, 0x004e86),
    (0x00f9bb, 0x00f9bb, 0x0050da),
    (0x00f9bc, 0x00f9bc, 0x005bee),
    (0x00f9bd, 0x00f9bd, 0x005c3f),
    (0x00f9be, 0x00f9be, 0x006599),
    (0x00f9bf, 0x00f9bf, 0x006a02),
    (0x00f9c0, 0x00f9c0, 0x0071ce),
    (0x00f9c1, 0x00f9c1, 0x007642),
    (0x00f9c2, 0x00f9c2, 0x0084fc),
    (0x00f9c3, 0x00f9c3, 0x00907c),
    (0x00f9c4, 0x00f9c4, 0x009f8d),
    (0x00f9c5, 0x00f9c5, 0x006688),
    (0x00f9c6, 0x00f9c6, 0x00962e),
    (0x00f9c7, 0x00f9c7, 0x005289),
    (0x00f9c8, 0x00f9c8, 0x00677b),
    (0x00f9c9, 0x00f9c9, 0x0067f3),
    (0x00f9ca, 0x00f9ca, 0x006d41),
    (0x00f9cb, 0x00f9cb, 0x006e9c),
    (0x00f9cc, 0x00f9cc, 0x007409),
    (0x00f9cd, 0x00f9cd, 0x007559),
    (0x00f9ce, 0x00f9ce, 0x00786b),
    (0x00f9cf, 0x00f9cf, 0x007d10),
    (0x00f9d0, 0x00f9d0, 0x00985e),
    (0x00f9d1, 0x00f9d1, 0x00516d),
    (0x00f9d2, 0x00f9d2, 0x00622e),
    (0x00f9d3, 0x00f9d3, 0x009678),
    (0x00f9d4, 0x00f9d4, 0x00502b),
    (0x00f9d5, 0x00f9d5, 0x005d19),
    (0x00f9d6, 0x00f9d6, 0x006dea),
    (0x00f9d7, 0x00f9d7, 0x008f2a),
    (0x00f9d8, 0x00f9d8, 0x005f8b),
    (0x00f9d9, 0x00f9d9, 0x006144),
    (0x00f9da, 0x00f9da, 0x006817),
    (0x00f9db, 0x00f9db, 0x007387),
    (0x00f9dc, 0x00f9dc, 0x009686),
    (0x00f9dd, 0x00f9dd, 0x005229),
    (0x00f9de, 0x00f9de, 0x00540f),
    (0x00f9df, 0x00f9df, 0x005c65),
    (0x00f9e0, 0x00f9e0, 0x006613),
    (0x00f9e1, 0x00f9e1, 0x00674e),
    (0x00f9e2, 0x00f9e2, 0x0068a8),
    (0x00f9e3, 0x00f9e3, 0x006ce5),
    (0x00f9e4, 0x00f9e4, 0x007406),
    (0x00f9e5, 0x00f9e5, 0x0075e2),
    (0x00f9e6, 0x00f9e6, 0x007f79),
    (0x00f9e7, 0x00f9e7, 0x0088cf),
    (0x00f9e8, 0x00f9e8, 0x0088e1),
    (0x00f9e9, 0x00f9e9, 0x0091cc),
    (0x00f9ea, 0x00f9ea, 0x0096e2),
    (0x00f9eb, 0x00f9eb, 0x00533f),
    (0x00f9ec, 0x00f9ec, 0x006eba),
    (0x00f9ed, 0x00f9ed, 0x00541d),
    (0x00f9ee, 0x00f9ee, 0x0071d0),
    (0x00f9ef, 0x00f9ef, 0x007498),
    (0x00f9f0, 0x00f9f0, 0x0085fa),
    (0x00f9f1, 0x00f9f1, 0x0096a3),
    (0x00f9f2, 0x00f9f2, 0x009c57),
    (0x00f9f3, 0x00f9f3, 0x009e9f),
    (0x00f9f4, 0x00f9f4, 0x006797),
    (0x00f9f5, 0x00f9f5, 0x006dcb),
    (0x00f9f6, 0x00f9f6, 0x0081e8),
    (0x00f9f7, 0x00f9f7, 0x007acb),
    (0x00f9f8, 0x00f9f8, 0x007b20),
    (0x00f9f9, 0x00f9f9, 0x007c92),
    (0x00f9fa, 0x00f9fa, 0x0072c0),
    (0x00f9fb, 0x00f9fb, 0x007099),
    (0x00f9fc, 0x00f9fc, 0x008b58),
    (0x00f9fd, 0x00f9fd, 0x004ec0),
    (0x00f9fe, 0x00f9fe, 0x008336),
    (0x00f9ff, 0x00f9ff, 0x00523a),
    (0x00fa00, 0x00fa00, 0x005207),
    (0x00fa01, 0x00fa01, 0x005ea6),
    (0x00fa02, 0x00fa02, 0x0062d3),
    (0x00fa03, 0x00fa03, 0x007cd6),
    (0x00fa04, 0x00fa04, 0x005b85),
    (0x00fa05, 0x00fa05, 0x006d1e),
    (0x00fa06, 0x00fa06, 0x0066b4),
    (0x00fa07, 0x00fa07, 0x008f3b),
    (0x00fa08, 0x00fa08, 0x00884c),
    (0x00fa09, 0x00fa09, 0x00964d),
    (0x00fa0a, 0x00fa0a, 0x00898b),
    (0x00fa0b, 0x00fa0b, 0x005ed3),
    (0x00fa0c, 0x00fa0c, 0x005140),
    (0x00fa0d, 0x00fa0d, 0x0055c0),
    (0x00fa10, 0x00fa10, 0x00585a),
    (0x00fa12, 0x00fa12, 0x006674),
    (0x00fa15, 0x00fa15, 0x0051de),
    (0x00fa16, 0x00fa16, 0x00732a),
    (0x00fa17, 0x00fa17, 0x0076ca),
    (0x00fa18, 0x00fa18, 0x00793c),
    (0x00fa19, 0x00fa19, 0x00795e),
    (0x00fa1a, 0x00fa1a, 0x007965),
    (0x00fa1b, 0x00fa1b, 0x00798f),
    (0x00fa1c, 0x00fa1c, 0x009756),
    (0x00fa1d, 0x00fa1d, 0x007cbe),
    (0x00fa1e, 0x00fa1e, 0x007fbd),
    (0x00fa20, 0x00fa20, 0x008612),
    (0x00fa22, 0x00fa22, 0x008af8),
    (0x00fa25, 0x00fa25, 0x009038),
    (0x00fa26, 0x00fa26, 0x0090fd),
    (0x00fa2a, 0x00fa2a, 0x0098ef),
    (0x00fa2b, 0x00fa2b, 0x0098fc),
    (0x00fa2c, 0x00fa2c, 0x009928),
    (0x00fa2d, 0x00fa2d, 0x009db4),
    (0x00fa2e, 0x00fa2e, 0x0090de),
    (0x00fa2f, 0x00fa2f, 0x0096b7),
    (0x00fa30, 0x00fa30, 0x004fae),
    (0x00fa31, 0x00fa31, 0x0050e7),
    (0x00fa32, 0x00fa32, 0x00514d),
    (0x00fa33, 0x00fa33, 0x0052c9),
    (0x00fa34, 0x00fa34, 0x0052e4),
    (0x00fa35, 0x00fa35, 0x005351),
    (0x00fa36, 0x00fa36, 0x00559d),
    (0x00fa37, 0x00fa37, 0x005606),
    (0x00fa38, 0x00fa38, 0x005668),
    (0x00fa39, 0x00fa39, 0x005840),
    (0x00fa3a, 0x00fa3a, 0x0058a8),
    (0x00fa3b, 0x00fa3b, 0x005c64),
    (0x00fa3c, 0x00fa3c, 0x005c6e),
    (0x00fa3d, 0x00fa3d, 0x006094),
    (0x00fa3e, 0x00fa3e, 0x006168),
    (0x00fa3f, 0x00fa3f, 0x00618e),
    (0x00fa40, 0x00fa40, 0x0061f2),
    (0x00fa41, 0x00fa41, 0x00654f),
    (0x00fa42, 0x00fa42, 0x0065e2),
    (0x00fa43, 0x00fa43, 0x006691),
    (0x00fa44, 0x00fa44, 0x006885),
    (0x00fa45, 0x00fa45, 0x006d77),
    (0x00fa46, 0x00fa46, 0x006e1a),
    (0x00fa47, 0x00fa47, 0x006f22),
    (0x00fa48, 0x00fa48, 0x00716e),
    (0x00fa49, 0x00fa49, 0x00722b),
    (0x00fa4a, 0x00fa4a, 0x007422),
    (0x00fa4b, 0x00fa4b, 0x007891),
    (0x00fa4c, 0x00fa4c, 0x00793e),
    (0x00fa4d, 0x00fa4d, 0x007949),
    (0x00fa4e, 0x00fa4e, 0x007948),
    (0x00fa4f, 0x00fa4f, 0x007950),
    (0x00fa50, 0x00fa50, 0x007956),
    (0x00fa51, 0x00fa51, 0x00795d),
    (0x00fa52, 0x00fa52, 0x00798d),
    (0x00fa53, 0x00fa53, 0x00798e),
    (0x00fa54, 0x00fa54, 0x007a40),
    (0x00fa55, 0x00fa55, 0x007a81),
    (0x00fa56, 0x00fa56, 0x007bc0),
    (0x00fa57, 0x00fa57, 0x007df4),
    (0x00fa58, 0x00fa58, 0x007e09),
    (0x00fa59, 0x00fa59, 0x007e41),
    (0x00fa5a, 0x00fa5a, 0x007f72),
    (0x00fa5b, 0x00fa5b, 0x008005),
    (0x00fa5c, 0x00fa5c, 0x0081ed),
    (0x00fa5d, 0x00fa5e, 0x008279),
    (0x00fa5f, 0x00fa5f, 0x008457),
    (0x00fa60, 0x00fa60, 0x008910),
    (0x00fa61, 0x00fa61, 0x008996),
    (0x00fa62, 0x00fa62, 0x008b01),
    (0x00fa63, 0x00fa63, 0x008b39),
    (0x00fa64, 0x00fa64, 0x008cd3),
    (0x00fa65, 0x00fa65, 0x008d08),
    (0x00fa66, 0x00fa66, 0x008fb6),
    (0x00fa67, 0x00fa67, 0x009038),
    (0x00fa68, 0x00fa68, 0x0096e3),
    (0x00fa69, 0x00fa69, 0x0097ff),
    (0x00fa6a, 0x00fa6a, 0x00983b),
    (0x00fa6b, 0x00fa6b, 0x006075),
    (0x00fa6c, 0x00fa6c, 0x0242ee),
    (0x00fa6d, 0x00fa6d, 0x008218),
    (0x00fa70, 0x00fa70, 0x004e26),
    (0x00fa71, 0x00fa71, 0x0051b5),
    (0x00fa72, 0x00fa72, 0x005168),
    (0x00fa73, 0x00fa73, 0x004f80),
    (0x00fa74, 0x00fa74, 0x005145),
    (0x00fa75, 0x00fa75, 0x005180),
    (0x00fa76, 0x00fa76, 0x0052c7),
    (0x00fa77, 0x00fa77, 0x0052fa),
    (0x00fa78, 0x00fa78, 0x00559d),
    (0x00fa79, 0x00fa79, 0x005555),
    (0x00fa7a, 0x00fa7a, 0x005599),
    (0x00fa7b, 0x00fa7b, 0x0055e2),
    (0x00fa7c, 0x00fa7c, 0x00585a),
    (0x00fa7d, 0x00fa7d, 0x0058b3),
    (0x00fa7e, 0x00fa7e, 0x005944),
    (0x00fa7f, 0x00fa7f, 0x005954),
    (0x00fa80, 0x00fa80, 0x005a62),
    (0x00fa81, 0x00fa81, 0x005b28),
    (0x00fa82, 0x00fa82, 0x005ed2),
    (0x00fa83, 0x00fa83, 0x005ed9),
    (0x00fa84, 0x00fa84, 0x005f69),
    (0x00fa85, 0x00fa85, 0x005fad),
    (0x00fa86, 0x00fa86, 0x0060d8),
    (0x00fa87, 0x00fa87, 0x00614e),
    (0x00fa88, 0x00fa88, 0x006108),
    (0x00fa89, 0x00fa89, 0x00618e),
    (0x00fa8a, 0x00fa8a, 0x006160),
    (0x00fa8b, 0x00fa8b, 0x0061f2),
    (0x00fa8c, 0x00fa8c, 0x006234),
    (0x00fa8d, 0x00fa8d, 0x0063c4),
    (0x00fa8e, 0x00fa8e, 0x00641c),
    (0x00fa8f, 0x00fa8f, 0x006452),
    (0x00fa90, 0x00fa90, 0x006556),
    (0x00fa91, 0x00fa91, 0x006674),
    (0x00fa92, 0x00fa92, 0x006717),
    (0x00fa93, 0x00fa93, 0x00671b),
    (0x00fa94, 0x00fa94, 0x006756),
    (0x00fa95, 0x00fa95, 0x006b79),
    (0x00fa96, 0x00fa96, 0x006bba),
    (0x00fa97, 0x00fa97, 0x006d41),
    (0x00fa98, 0x00fa98, 0x006edb),
    (0x00fa99, 0x00fa99, 0x006ecb),
    (0x00fa9a, 0x00fa9a, 0x006f22),
    (0x00fa9b, 0x00fa9b, 0x00701e),
    (0x00fa9c, 0x00fa9c, 0x00716e),
    (0x00fa9d, 0x00fa9d, 0x0077a7),
    (0x00fa9e, 0x00fa9e, 0x007235),
    (0x00fa9f, 0x00fa9f, 0x0072af),
    (0x00faa0, 0x00faa0, 0x00732a),
    (0x00faa1, 0x00faa1, 0x007471),
    (0x00faa2, 0x00faa2, 0x007506),
    (0x00faa3, 0x00faa3, 0x00753b),
    (0x00faa4, 0x00faa4, 0x00761d),
    (0x00faa5, 0x00faa5, 0x00761f),
    (0x00faa6, 0x00faa6, 0x0076ca),
    (0x00faa7, 0x00faa7, 0x0076db),
    (0x00faa8, 0x00faa8, 0x0076f4),
    (0x00faa9, 0x00faa9, 0x00774a),
    (0x00faaa, 0x00faaa, 0x007740),
    (0x00faab, 0x00faab, 0x0078cc),
    (0x00faac, 0x00faac, 0x007ab1),
    (0x00faad, 0x00faad, 0x007bc0),
    (0x00faae, 0x00faae, 0x007c7b),
    (0x00faaf, 0x00faaf, 0x007d5b),
    (0x00fab0, 0x00fab0, 0x007df4),
    (0x00fab1, 0x00fab1, 0x007f3e),
    (0x00fab2, 0x00fab2, 0x008005),
    (0x00fab3, 0x00fab3, 0x008352),
    (0x00fab4, 0x00fab4, 0x0083ef),
    (0x00fab5, 0x00fab5, 0x008779),
    (0x00fab6, 0x00fab6, 0x008941),
    (0x00fab7, 0x00fab7, 0x008986),
    (0x00fab8, 0x00fab8, 0x008996),
    (0x00fab9, 0x00fab9, 0x008abf),
    (0x00faba, 0x00faba, 0x008af8),
    (0x00fabb, 0x00fabb, 0x008acb),
    (0x00fabc, 0x00fabc, 0x008b01),
    (0x00fabd, 0x00fabd, 0x008afe),
    (0x00fabe, 0x00fabe, 0x008aed),
    (0x00fabf, 0x00fabf, 0x008b39),
    (0x00fac0, 0x00fac0, 0x008b8a),
    (0x00fac1, 0x00fac1, 0x008d08),
    (0x00fac2, 0x00fac2, 0x008f38),
    (0x00fac3, 0x00fac3, 0x009072),
    (0x00fac4, 0x00fac4, 0x009199),
    (0x00fac5, 0x00fac5, 0x009276),
    (0x00fac6, 0x00fac6, 0x00967c),
    (0x00fac7, 0x00fac7, 0x0096e3),
    (0x00fac8, 0x00fac8, 0x009756),
    (0x00fac9, 0x00fac9, 0x0097db),
    (0x00faca, 0x00faca, 0x0097ff),
    (0x00facb, 0x00facb, 0x00980b),
    (0x00facc, 0x00facc, 0x00983b),
    (0x00facd, 0x00facd, 0x009b12),
    (0x00face, 0x00face, 0x009f9c),
    (0x00facf, 0x00facf, 0x02284a),
    (0x00fad0, 0x00fad0, 0x022844),
    (0x00fad1, 0x00fad1, 0x0233d5),
    (0x00fad2, 0x00fad2, 0x003b9d),
    (0x00fad3, 0x00fad3, 0x004018),
    (0x00fad4, 0x00fad4, 0x004039),
    (0x00fad5, 0x00fad5, 0x025249),
    (0x00fad6, 0x00fad6, 0x025cd0),
    (0x00fad7, 0x00fad7, 0x027ed3),
    (0x00fad8, 0x00fad8, 0x009f43),
    (0x00fad9, 0x00fad9, 0x009f8e),
    (0x00fb1d, 0x00fb1d, 0x0005d9),
    (0x00fb1f, 0x00fb1f, 0x0005f2),
    (0x00fb2a, 0x00fb2d, 0x0005e9),
    (0x00fb2e, 0x00fb30, 0x0005d0),
    (0x00fb31, 0x00fb31, 0x0005d1),
    (0x00fb32, 0x00fb32, 0x0005d2),
    (0x00fb33, 0x00fb33, 0x0005d3),
    (0x00fb34, 0x00fb34, 0x0005d4),
    (0x00fb35, 0x00fb35, 0x0005d5),
    (0x00fb36, 0x00fb36, 0x0005d6),
    (0x00fb38, 0x00fb38, 0x0005d8),
    (0x00fb39, 0x00fb39, 0x0005d9),
    (0x00fb3a, 0x00fb3a, 0x0005da),
    (0x00fb3b, 0x00fb3b, 0x0005db),
    (0x00fb3c, 0x00fb3c, 0x0005dc),
    (0x00fb3e, 0x00fb3e, 0x0005de),
    (0x00fb40, 0x00fb40, 0x0005e0),
    (0x00fb41, 0x00fb41, 0x0005e1),
    (0x00fb43, 0x00fb43, 0x0005e3),
    (0x00fb44, 0x00fb44, 0x0005e4),
    (0x00fb46, 0x00fb46, 0x0005e6),
    (0x00fb47, 0x00fb47, 0x0005e7),
    (0x00fb48, 0x00fb48, 0x0005e8),
    (0x00fb49, 0x00fb49, 0x0005e9),
    (0x00fb4a, 0x00fb4a, 0x0005ea),
    (0x00fb4b, 0x00fb4b, 0x0005d5),
    (0x00fb4c, 0x00fb4c, 0x0005d1),
    (0x00fb4d, 0x00fb4d, 0x0005db),
    (0x00fb4e, 0x00fb4e, 0x0005e4),
    (0x01109a, 0x01109a, 0x011099),
    (0x01109c, 0x01109c, 0x01109b),
    (0x0110ab, 0x0110ab, 0x0110a5),
    (0x01112e, 0x01112e, 0x011131),
    (0x01112f, 0x01112f, 0x011132),
    (0x01134b, 0x01134c, 0x011347),
    (0x0114bb, 0x0114bc, 0x0114b9),
    (0x0114be, 0x0114be, 0x0114b9),
    (0x0115ba, 0x0115ba, 0x0115b8),
    (0x0115bb, 0x0115bb, 0x0115b9),
    (0x011938, 0x011938, 0x011935),
    (0x01d15e, 0x01d15e, 0x01d157),
    (0x01d15f, 0x01d164, 0x01d158),
    (0x01d1bb, 0x01d1bb, 0x01d1b9),
    (0x01d1bc, 0x01d1bc, 0x01d1ba),
    (0x01d1bd, 0x01d1bd, 0x01d1b9),
    (0x01d1be, 0x01d1be, 0x01d1ba),
    (0x01d1bf, 0x01d1bf, 0x01d1b9),
    (0x01d1c0, 0x01d1c0, 0x01d1ba),
    (0x02f800, 0x02f800, 0x004e3d),
    (0x02f801, 0x02f801, 0x004e38),
    (0x02f802, 0x02f802, 0x004e41),
    (0x02f803, 0x02f803, 0x020122),
    (0x02f804, 0x02f804, 0x004f60),
    (0x02f805, 0x02f805, 0x004fae),
    (0x02f806, 0x02f806, 0x004fbb),
    (0x02f807, 0x02f807, 0x005002),
    (0x02f808, 0x02f808, 0x00507a),
    (0x02f809, 0x02f809, 0x005099),
    (0x02f80a, 0x02f80a, 0x0050e7),
    (0x02f80b, 0x02f80b, 0x0050cf),
    (0x02f80c, 0x02f80c, 0x00349e),
    (0x02f80d, 0x02f80d, 0x02063a),
    (0x02f80e, 0x02f80e, 0x00514d),
    (0x02f80f, 0x02f80f, 0x005154),
    (0x02f810, 0x02f810, 0x005164),
    (0x02f811, 0x02f811, 0x005177),
    (0x02f812, 0x02f812, 0x02051c),
    (0x02f813, 0x02f813, 0x0034b9),
    (0x02f814, 0x02f814, 0x005167),
    (0x02f815, 0x02f815, 0x00518d),
    (0x02f816, 0x02f816, 0x02054b),
    (0x02f817, 0x02f817, 0x005197),
    (0x02f818, 0x02f818, 0x0051a4),
    (0x02f819, 0x02f819, 0x004ecc),
    (0x02f81a, 0x02f81a, 0x0051ac),
    (0x02f81b, 0x02f81b, 0x0051b5),
    (0x02f81c, 0x02f81c, 0x0291df),
    (0x02f81d, 0x02f81d, 0x0051f5),
    (0x02f81e, 0x02f81e, 0x005203),
    (0x02f81f, 0x02f81f, 0x0034df),
    (0x02f820, 0x02f820, 0x00523b),
    (0x02f821, 0x02f821, 0x005246),
    (0x02f822, 0x02f822, 0x005272),
    (0x02f823, 0x02f823, 0x005277),
    (0x02f824, 0x02f824, 0x003515),
    (0x02f825, 0x02f825, 0x0052c7),
    (0x02f826, 0x02f826, 0x0052c9),
    (0x02f827, 0x02f827, 0x0052e4),
    (0x02f828, 0x02f828, 0x0052fa),
    (0x02f829, 0x02f829, 0x005305),
    (0x02f82a, 0x02f82a, 0x005306),
    (0x02f82b, 0x02f82b, 0x005317),
    (0x02f82c, 0x02f82c, 0x005349),
    (0x02f82d, 0x02f82d, 0x005351),
    (0x02f82e, 0x02f82e, 0x00535a),
    (0x02f82f, 0x02f82f, 0x005373),
    (0x02f830, 0x02f830, 0x00537d),
    (0x02f831, 0x02f833, 0x00537f),
    (0x02f834, 0x02f834, 0x020a2c),
    (0x02f835, 0x02f835, 0x007070),
    (0x02f836, 0x02f836, 0x0053ca),
    (0x02f837, 0x02f837, 0x0053df),
    (0x02f838, 0x02f838, 0x020b63),
    (0x02f839, 0x02f839, 0x0053eb),
    (0x02f83a, 0x02f83a, 0x0053f1),
    (0x02f83b, 0x02f83b, 0x005406),
    (0x02f83c, 0x02f83c, 0x00549e),
    (0x02f83d, 0x02f83d, 0x005438),
    (0x02f83e, 0x02f83e, 0x005448),
    (0x02f83f, 0x02f83f, 0x005468),
    (0x02f840, 0x02f840, 0x0054a2),
    (0x02f841, 0x02f841, 0x0054f6),
    (0x02f842, 0x02f842, 0x005510),
    (0x02f843, 0x02f843, 0x005553),
    (0x02f844, 0x02f844, 0x005563),
    (0x02f845, 0x02f846, 0x005584),
    (0x02f847, 0x02f847, 0x005599),
    (0x02f848, 0x02f848, 0x0055ab),
    (0x02f849, 0x02f849, 0x0055b3),
    (0x02f84a, 0x02f84a, 0x0055c2),
    (0x02f84b, 0x02f84b, 0x005716),
    (0x02f84c, 0x02f84c, 0x005606),
    (0x02f84d, 0x02f84d, 0x005717),
    (0x02f84e, 0x02f84e, 0x005651),
    (0x02f84f, 0x02f84f, 0x005674),
    (0x02f850, 0x02f850, 0x005207),
    (0x02f851, 0x02f851, 0x0058ee),
    (0x02f852, 0x02f852, 0x0057ce),
    (0x02f853, 0x02f853, 0x0057f4),
    (0x02f854, 0x02f854, 0x00580d),
    (0x02f855, 0x02f855, 0x00578b),
    (0x02f856, 0x02f856, 0x005832),
    (0x02f857, 0x02f857, 0x005831),
    (0x02f858, 0x02f858, 0x0058ac),
    (0x02f859, 0x02f859, 0x0214e4),
    (0x02f85a, 0x02f85a, 0x0058f2),
    (0x02f85b, 0x02f85b, 0x0058f7),
    (0x02f85c, 0x02f85c, 0x005906),
    (0x02f85d, 0x02f85d, 0x00591a),
    (0x02f85e, 0x02f85e, 0x005922),
    (0x02f85f, 0x02f85f, 0x005962),
    (0x02f860, 0x02f860, 0x0216a8),
    (0x02f861, 0x02f861, 0x0216ea),
    (0x02f862, 0x02f862, 0x0059ec),
    (0x02f863, 0x02f863, 0x005a1b),
    (0x02f864, 0x02f864, 0x005a27),
    (0x02f865, 0x02f865, 0x0059d8),
    (0x02f866, 0x02f866, 0x005a66),
    (0x02f867, 0x02f867, 0x0036ee),
    (0x02f868, 0x02f868, 0x0036fc),
    (0x02f869, 0x02f869, 0x005b08),
    (0x02f86a, 0x02f86b, 0x005b3e),
    (0x02f86c, 0x02f86c, 0x0219c8),
    (0x02f86d, 0x02f86d, 0x005bc3),
    (0x02f86e, 0x02f86e, 0x005bd8),
    (0x02f86f, 0x02f86f, 0x005be7),
    (0x02f870, 0x02f870, 0x005bf3),
    (0x02f871, 0x02f871, 0x021b18),
    (0x02f872, 0x02f872, 0x005bff),
    (0x02f873, 0x02f873, 0x005c06),
    (0x02f874, 0x02f874, 0x005f53),
    (0x02f875, 0x02f875, 0x005c22),
    (0x02f876, 0x02f876, 0x003781),
    (0x02f877, 0x02f877, 0x005c60),
    (0x02f878, 0x02f878, 0x005c6e),
    (0x02f879, 0x02f879, 0x005cc0),
    (0x02f87a, 0x02f87a, 0x005c8d),
    (0x02f87b, 0x02f87b, 0x021de4),
    (0x02f87c, 0x02f87c, 0x005d43),
    (0x02f87d, 0x02f87d, 0x021de6),
    (0x02f87e, 0x02f87e, 0x005d6e),
    (0x02f87f, 0x02f87f, 0x005d6b),
    (0x02f880, 0x02f880, 0x005d7c),
    (0x02f881, 0x02f881, 0x005de1),
    (0x02f882, 0x02f882, 0x005de2),
    (0x02f883, 0x02f883, 0x00382f),
    (0x02f884, 0x02f884, 0x005dfd),
    (0x02f885, 0x02f885, 0x005e28),
    (0x02f886, 0x02f886, 0x005e3d),
    (0x02f887, 0x02f887, 0x005e69),
    (0x02f888, 0x02f888, 0x003862),
    (0x02f889, 0x02f889, 0x022183),
    (0x02f88a, 0x02f88a, 0x00387c),
    (0x02f88b, 0x02f88b, 0x005eb0),
    (0x02f88c, 0x02f88c, 0x005eb3),
    (0x02f88d, 0x02f88d, 0x005eb6),
    (0x02f88e, 0x02f88e, 0x005eca),
    (0x02f88f, 0x02f88f, 0x02a392),
    (0x02f890, 0x02f890, 0x005efe),
    (0x02f891, 0x02f892, 0x022331),
    (0x02f893, 0x02f893, 0x008201),
    (0x02f894, 0x02f895, 0x005f22),
    (0x02f896, 0x02f896, 0x0038c7),
    (0x02f897, 0x02f897, 0x0232b8),
    (0x02f898, 0x02f898, 0x0261da),
    (0x02f899, 0x02f899, 0x005f62),
    (0x02f89a, 0x02f89a, 0x005f6b),
    (0x02f89b, 0x02f89b, 0x0038e3),
    (0x02f89c, 0x02f89c, 0x005f9a),
    (0x02f89d, 0x02f89d, 0x005fcd),
    (0x02f89e, 0x02f89e, 0x005fd7),
    (0x02f89f, 0x02f89f, 0x005ff9),
    (0x02f8a0, 0x02f8a0, 0x006081),
    (0x02f8a1, 0x02f8a1, 0x00393a),
    (0x02f8a2, 0x02f8a2, 0x00391c),
    (0x02f8a3, 0x02f8a3, 0x006094),
    (0x02f8a4, 0x02f8a4, 0x0226d4),
    (0x02f8a5, 0x02f8a5, 0x0060c7),
    (0x02f8a6, 0x02f8a6, 0x006148),
    (0x02f8a7, 0x02f8a7, 0x00614c),
    (0x02f8a8, 0x02f8a8, 0x00614e),
    (0x02f8a9, 0x02f8a9, 0x00614c),
    (0x02f8aa, 0x02f8aa, 0x00617a),
    (0x02f8ab, 0x02f8ab, 0x00618e),
    (0x02f8ac, 0x02f8ac, 0x0061b2),
    (0x02f8ad, 0x02f8ad, 0x0061a4),
    (0x02f8ae, 0x02f8ae, 0x0061af),
    (0x02f8af, 0x02f8af, 0x0061de),
    (0x02f8b0, 0x02f8b0, 0x0061f2),
    (0x02f8b1, 0x02f8b1, 0x0061f6),
    (0x02f8b2, 0x02f8b2, 0x006210),
    (0x02f8b3, 0x02f8b3, 0x00621b),
    (0x02f8b4, 0x02f8b4, 0x00625d),
    (0x02f8b5, 0x02f8b5, 0x0062b1),
    (0x02f8b6, 0x02f8b6, 0x0062d4),
    (0x02f8b7, 0x02f8b7, 0x006350),
    (0x02f8b8, 0x02f8b8, 0x022b0c),
    (0x02f8b9, 0x02f8b9, 0x00633d),
    (0x02f8ba, 0x02f8ba, 0x0062fc),
    (0x02f8bb, 0x02f8bb, 0x006368),
    (0x02f8bc, 0x02f8bc, 0x006383),
    (0x02f8bd, 0x02f8bd, 0x0063e4),
    (0x02f8be, 0x02f8be, 0x022bf1),
    (0x02f8bf, 0x02f8bf, 0x006422),
    (0x02f8c0, 0x02f8c0, 0x0063c5),
    (0x02f8c1, 0x02f8c1, 0x0063a9),
    (0x02f8c2, 0x02f8c2, 0x003a2e),
    (0x02f8c3, 0x02f8c3, 0x006469),
    (0x02f8c4, 0x02f8c4, 0x00647e),
    (0x02f8c5, 0x02f8c5, 0x00649d),
    (0x02f8c6, 0x02f8c6, 0x006477),
    (0x02f8c7, 0x02f8c7, 0x003a6c),
    (0x02f8c8, 0x02f8c8, 0x00654f),
    (0x02f8c9, 0x02f8c9, 0x00656c),
    (0x02f8ca, 0x02f8ca, 0x02300a),
    (0x02f8cb, 0x02f8cb, 0x0065e3),
    (0x02f8cc, 0x02f8cc, 0x0066f8),
    (0x02f8cd, 0x02f8cd, 0x006649),
    (0x02f8ce, 0x02f8ce, 0x003b19),
    (0x02f8cf, 0x02f8cf, 0x006691),
    (0x02f8d0, 0x02f8d0, 0x003b08),
    (0x02f8d1, 0x02f8d1, 0x003ae4),
    (0x02f8d2, 0x02f8d2, 0x005192),
    (0x02f8d3, 0x02f8d3, 0x005195),
    (0x02f8d4, 0x02f8d4, 0x006700),
    (0x02f8d5, 0x02f8d5, 0x00669c),
    (0x02f8d6, 0x02f8d6, 0x0080ad),
    (0x02f8d7, 0x02f8d7, 0x0043d9),
    (0x02f8d8, 0x02f8d8, 0x006717),
    (0x02f8d9, 0x02f8d9, 0x00671b),
    (0x02f8da, 0x02f8da, 0x006721),
    (0x02f8db, 0x02f8db, 0x00675e),
    (0x02f8dc, 0x02f8dc, 0x006753),
    (0x02f8dd, 0x02f8dd, 0x0233c3),
    (0x02f8de, 0x02f8de, 0x003b49),
    (0x02f8df, 0x02f8df, 0x0067fa),
    (0x02f8e0, 0x02f8e0, 0x006785),
    (0x02f8e1, 0x02f8e1, 0x006852),
    (0x02f8e2, 0x02f8e2, 0x006885),
    (0x02f8e3, 0x02f8e3, 0x02346d),
    (0x02f8e4, 0x02f8e4, 0x00688e),
    (0x02f8e5, 0x02f8e5, 0x00681f),
    (0x02f8e6, 0x02f8e6, 0x006914),
    (0x02f8e7, 0x02f8e7, 0x003b9d),
    (0x02f8e8, 0x02f8e8, 0x006942),
    (0x02f8e9, 0x02f8e9, 0x0069a3),
    (0x02f8ea, 0x02f8ea, 0x0069ea),
    (0x02f8eb, 0x02f8eb, 0x006aa8),
    (0x02f8ec, 0x02f8ec, 0x0236a3),
    (0x02f8ed, 0x02f8ed, 0x006adb),
    (0x02f8ee, 0x02f8ee, 0x003c18),
    (0x02f8ef, 0x02f8ef, 0x006b21),
    (0x02f8f0, 0x02f8f0, 0x0238a7),
    (0x02f8f1, 0x02f8f1, 0x006b54),
    (0x02f8f2, 0x02f8f2, 0x003c4e),
    (0x02f8f3, 0x02f8f3, 0x006b72),
    (0x02f8f4, 0x02f8f4, 0x006b9f),
    (0x02f8f5, 0x02f8f5, 0x006bba),
    (0x02f8f6, 0x02f8f6, 0x006bbb),
    (0x02f8f7, 0x02f8f7, 0x023a8d),
    (0x02f8f8, 0x02f8f8, 0x021d0b),
    (0x02f8f9, 0x02f8f9, 0x023afa),
    (0x02f8fa, 0x02f8fa, 0x006c4e),
    (0x02f8fb, 0x02f8fb, 0x023cbc),
    (0x02f8fc, 0x02f8fc, 0x006cbf),
    (0x02f8fd, 0x02f8fd, 0x006ccd),
    (0x02f8fe, 0x02f8fe, 0x006c67),
    (0x02f8ff, 0x02f8ff, 0x006d16),
    (0x02f900, 0x02f900, 0x006d3e),
    (0x02f901, 0x02f901, 0x006d77),
    (0x02f902, 0x02f902, 0x006d41),
    (0x02f903, 0x02f903, 0x006d69),
    (0x02f904, 0x02f904, 0x006d78),
    (0x02f905, 0x02f905, 0x006d85),
    (0x02f906, 0x02f906, 0x023d1e),
    (0x02f907, 0x02f907, 0x006d34),
    (0x02f908, 0x02f908, 0x006e2f),
    (0x02f909, 0x02f909, 0x006e6e),
    (0x02f90a, 0x02f90a, 0x003d33),
    (0x02f90b, 0x02f90b, 0x006ecb),
    (0x02f90c, 0x02f90c, 0x006ec7),
    (0x02f90d, 0x02f90d, 0x023ed1),
    (0x02f90e, 0x02f90e, 0x006df9),
    (0x02f90f, 0x02f90f, 0x006f6e),
    (0x02f910, 0x02f910, 0x023f5e),
    (0x02f911, 0x02f911, 0x023f8e),
    (0x02f912, 0x02f912, 0x006fc6),
    (0x02f913, 0x02f913, 0x007039),
    (0x02f914, 0x02f914, 0x00701e),
    (0x02f915, 0x02f915, 0x00701b),
    (0x02f916, 0x02f916, 0x003d96),
    (0x02f917, 0x02f917, 0x00704a),
    (0x02f918, 0x02f918, 0x00707d),
    (0x02f919, 0x02f919, 0x007077),
    (0x02f91a, 0x02f91a, 0x0070ad),
    (0x02f91b, 0x02f91b, 0x020525),
    (0x02f91c, 0x02f91c, 0x007145),
    (0x02f91d, 0x02f91d, 0x024263),
    (0x02f91e, 0x02f91e, 0x00719c),
    (0x02f91f, 0x02f91f, 0x0243ab),
    (0x02f920, 0x02f920, 0x007228),
    (0x02f921, 0x02f921, 0x007235),
    (0x02f922, 0x02f922, 0x007250),
    (0x02f923, 0x02f923, 0x024608),
    (0x02f924, 0x02f924, 0x007280),
    (0x02f925, 0x02f925, 0x007295),
    (0x02f926, 0x02f926, 0x024735),
    (0x02f927, 0x02f927, 0x024814),
    (0x02f928, 0x02f928, 0x00737a),
    (0x02f929, 0x02f929, 0x00738b),
    (0x02f92a, 0x02f92a, 0x003eac),
    (0x02f92b, 0x02f92b, 0x0073a5),
    (0x02f92c, 0x02f92d, 0x003eb8),
    (0x02f92e, 0x02f92e, 0x007447),
    (0x02f92f, 0x02f92f, 0x00745c),
    (0x02f930, 0x02f930, 0x007471),
    (0x02f931, 0x02f931, 0x007485),
    (0x02f932, 0x02f932, 0x0074ca),
    (0x02f933, 0x02f933, 0x003f1b),
    (0x02f934, 0x02f934, 0x007524),
    (0x02f935, 0x02f935, 0x024c36),
    (0x02f936, 0x02f936, 0x00753e),
    (0x02f937, 0x02f937, 0x024c92),
    (0x02f938, 0x02f938, 0x007570),
    (0x02f939, 0x02f939, 0x02219f),
    (0x02f93a, 0x02f93a, 0x007610),
    (0x02f93b, 0x02f93b, 0x024fa1),
    (0x02f93c, 0x02f93c, 0x024fb8),
    (0x02f93d, 0x02f93d, 0x025044),
    (0x02f93e, 0x02f93e, 0x003ffc),
    (0x02f93f, 0x02f93f, 0x004008),
    (0x02f940, 0x02f940, 0x0076f4),
    (0x02f941, 0x02f941, 0x0250f3),
    (0x02f942, 0x02f942, 0x0250f2),
    (0x02f943, 0x02f943, 0x025119),
    (0x02f944, 0x02f944, 0x025133),
    (0x02f945, 0x02f945, 0x00771e),
    (0x02f946, 0x02f947, 0x00771f),
    (0x02f948, 0x02f948, 0x00774a),
    (0x02f949, 0x02f949, 0x004039),
    (0x02f94a, 0x02f94a, 0x00778b),
    (0x02f94b, 0x02f94b, 0x004046),
    (0x02f94c, 0x02f94c, 0x004096),
    (0x02f94d, 0x02f94d, 0x02541d),
    (0x02f94e, 0x02f94e, 0x00784e),
    (0x02f94f, 0x02f94f, 0x00788c),
    (0x02f950, 0x02f950, 0x0078cc),
    (0x02f951, 0x02f951, 0x0040e3),
    (0x02f952, 0x02f952, 0x025626),
    (0x02f953, 0x02f953, 0x007956),
    (0x02f954, 0x02f954, 0x02569a),
    (0x02f955, 0x02f955, 0x0256c5),
    (0x02f956, 0x02f956, 0x00798f),
    (0x02f957, 0x02f957, 0x0079eb),
    (0x02f958, 0x02f958, 0x00412f),
    (0x02f959, 0x02f959, 0x007a40),
    (0x02f95a, 0x02f95a, 0x007a4a),
    (0x02f95b, 0x02f95b, 0x007a4f),
    (0x02f95c, 0x02f95c, 0x02597c),
    (0x02f95d, 0x02f95e, 0x025aa7),
    (0x02f95f, 0x02f95f, 0x007aee),
    (0x02f960, 0x02f960, 0x004202),
    (0x02f961, 0x02f961, 0x025bab),
    (0x02f962, 0x02f962, 0x007bc6),
    (0x02f963, 0x02f963, 0x007bc9),
    (0x02f964, 0x02f964, 0x004227),
    (0x02f965, 0x02f965, 0x025c80),
    (0x02f966, 0x02f966, 0x007cd2),
    (0x02f967, 0x02f967, 0x0042a0),
    (0x02f968, 0x02f968, 0x007ce8),
    (0x02f969, 0x02f969, 0x007ce3),
    (0x02f96a, 0x02f96a, 0x007d00),
    (0x02f96b, 0x02f96b, 0x025f86),
    (0x02f96c, 0x02f96c, 0x007d63),
    (0x02f96d, 0x02f96d, 0x004301),
    (0x02f96e, 0x02f96e, 0x007dc7),
    (0x02f96f, 0x02f96f, 0x007e02),
    (0x02f970, 0x02f970, 0x007e45),
    (0x02f971, 0x02f971, 0x004334),
    (0x02f972, 0x02f972, 0x026228),
    (0x02f973, 0x02f973, 0x026247),
    (0x02f974, 0x02f974, 0x004359),
    (0x02f975, 0x02f975, 0x0262d9),
    (0x02f976, 0x02f976, 0x007f7a),
    (0x02f977, 0x02f977, 0x02633e),
    (0x02f978, 0x02f978, 0x007f95),
    (0x02f979, 0x02f979, 0x007ffa),
    (0x02f97a, 0x02f97a, 0x008005),
    (0x02f97b, 0x02f97b, 0x0264da),
    (0x02f97c, 0x02f97c, 0x026523),
    (0x02f97d, 0x02f97d, 0x008060),
    (0x02f97e, 0x02f97e, 0x0265a8),
    (0x02f97f, 0x02f97f, 0x008070),
    (0x02f980, 0x02f980, 0x02335f),
    (0x02f981, 0x02f981, 0x0043d5),
    (0x02f982, 0x02f982, 0x0080b2),
    (0x02f983, 0x02f983, 0x008103),
    (0x02f984, 0x02f984, 0x00440b),
    (0x02f985, 0x02f985, 0x00813e),
    (0x02f986, 0x02f986, 0x005ab5),
    (0x02f987, 0x02f987, 0x0267a7),
    (0x02f988, 0x02f988, 0x0267b5),
    (0x02f989, 0x02f989, 0x023393),
    (0x02f98a, 0x02f98a, 0x02339c),
    (0x02f98b, 0x02f98b, 0x008201),
    (0x02f98c, 0x02f98c, 0x008204),
    (0x02f98d, 0x02f98d, 0x008f9e),
    (0x02f98e, 0x02f98e, 0x00446b),
    (0x02f98f, 0x02f98f, 0x008291),
    (0x02f990, 0x02f990, 0x00828b),
    (0x02f991, 0x02f991, 0x00829d),
    (0x02f992, 0x02f992, 0x0052b3),
    (0x02f993, 0x02f993, 0x0082b1),
    (0x02f994, 0x02f994, 0x0082b3),
    (0x02f995, 0x02f995, 0x0082bd),
    (0x02f996, 0x02f996, 0x0082e6),
    (0x02f997, 0x02f997, 0x026b3c),
    (0x02f998, 0x02f998, 0x0082e5),
    (0x02f999, 0x02f999, 0x00831d),
    (0x02f99a, 0x02f99a, 0x008363),
    (0x02f99b, 0x02f99b, 0x0083ad),
    (0x02f99c, 0x02f99c, 0x008323),
    (0x02f99d, 0x02f99d, 0x0083bd),
    (0x02f99e, 0x02f99e, 0x0083e7),
    (0x02f99f, 0x02f99f, 0x008457),
    (0x02f9a0, 0x02f9a0, 0x008353),
    (0x02f9a1, 0x02f9a1, 0x0083ca),
    (0x02f9a2, 0x02f9a2, 0x0083cc),
    (0x02f9a3, 0x02f9a3, 0x0083dc),
    (0x02f9a4, 0x02f9a4, 0x026c36),
    (0x02f9a5, 0x02f9a5, 0x026d6b),
    (0x02f9a6, 0x02f9a6, 0x026cd5),
    (0x02f9a7, 0x02f9a7, 0x00452b),
    (0x02f9a8, 0x02f9a8, 0x0084f1),
    (0x02f9a9, 0x02f9a9, 0x0084f3),
    (0x02f9aa, 0x02f9aa, 0x008516),
    (0x02f9ab, 0x02f9ab, 0x0273ca),
    (0x02f9ac, 0x02f9ac, 0x008564),
    (0x02f9ad, 0x02f9ad, 0x026f2c),
    (0x02f9ae, 0x02f9ae, 0x00455d),
    (0x02f9af, 0x02f9af, 0x004561),
    (0x02f9b0, 0x02f9b0, 0x026fb1),
    (0x02f9b1, 0x02f9b1, 0x0270d2),
    (0x02f9b2, 0x02f9b2, 0x00456b),
    (0x02f9b3, 0x02f9b3, 0x008650),
    (0x02f9b4, 0x02f9b4, 0x00865c),
    (0x02f9b5, 0x02f9b5, 0x008667),
    (0x02f9b6, 0x02f9b6, 0x008669),
    (0x02f9b7, 0x02f9b7, 0x0086a9),
    (0x02f9b8, 0x02f9b8, 0x008688),
    (0x02f9b9, 0x02f9b9, 0x00870e),
    (0x02f9ba, 0x02f9ba, 0x0086e2),
    (0x02f9bb, 0x02f9bb, 0x008779),
    (0x02f9bc, 0x02f9bc, 0x008728),
    (0x02f9bd, 0x02f9bd, 0x00876b),
    (0x02f9be, 0x02f9be, 0x008786),
    (0x02f9bf, 0x02f9bf, 0x0045d7),
    (0x02f9c0, 0x02f9c0, 0x0087e1),
    (0x02f9c1, 0x02f9c1, 0x008801),
    (0x02f9c2, 0x02f9c2, 0x0045f9),
    (0x02f9c3, 0x02f9c3, 0x008860),
    (0x02f9c4, 0x02f9c4, 0x008863),
    (0x02f9c5, 0x02f9c5, 0x027667),
    (0x02f9c6, 0x02f9c6, 0x0088d7),
    (0x02f9c7, 0x02f9c7, 0x0088de),
    (0x02f9c8, 0x02f9c8, 0x004635),
    (0x02f9c9, 0x02f9c9, 0x0088fa),
    (0x02f9ca, 0x02f9ca, 0x0034bb),
    (0x02f9cb, 0x02f9cb, 0x0278ae),
    (0x02f9cc, 0x02f9cc, 0x027966),
    (0x02f9cd, 0x02f9cd, 0x0046be),
    (0x02f9ce, 0x02f9ce, 0x0046c7),
    (0x02f9cf, 0x02f9cf, 0x008aa0),
    (0x02f9d0, 0x02f9d0, 0x008aed),
    (0x02f9d1, 0x02f9d1, 0x008b8a),
    (0x02f9d2, 0x02f9d2, 0x008c55),
    (0x02f9d3, 0x02f9d3, 0x027ca8),
    (0x02f9d4, 0x02f9d4, 0x008cab),
    (0x02f9d5, 0x02f9d5, 0x008cc1),
    (0x02f9d6, 0x02f9d6, 0x008d1b),
    (0x02f9d7, 0x02f9d7, 0x008d77),
    (0x02f9d8, 0x02f9d8, 0x027f2f),
    (0x02f9d9, 0x02f9d9, 0x020804),
    (0x02f9da, 0x02f9da, 0x008dcb),
    (0x02f9db, 0x02f9db, 0x008dbc),
    (0x02f9dc, 0x02f9dc, 0x008df0),
    (0x02f9dd, 0x02f9dd, 0x0208de),
    (0x02f9de, 0x02f9de, 0x008ed4),
    (0x02f9df, 0x02f9df, 0x008f38),
    (0x02f9e0, 0x02f9e0, 0x0285d2),
    (0x02f9e1, 0x02f9e1, 0x0285ed),
    (0x02f9e2, 0x02f9e2, 0x009094),
    (0x02f9e3, 0x02f9e3, 0x0090f1),
    (0x02f9e4, 0x02f9e4, 0x009111),
    (0x02f9e5, 0x02f9e5, 0x02872e),
    (0x02f9e6, 0x02f9e6, 0x00911b),
    (0x02f9e7, 0x02f9e7, 0x009238),
    (0x02f9e8, 0x02f9e8, 0x0092d7),
    (0x02f9e9, 0x02f9e9, 0x0092d8),
    (0x02f9ea, 0x02f9ea, 0x00927c),
    (0x02f9eb, 0x02f9eb, 0x0093f9),
    (0x02f9ec, 0x02f9ec, 0x009415),
    (0x02f9ed, 0x02f9ed, 0x028bfa),
    (0x02f9ee, 0x02f9ee, 0x00958b),
    (0x02f9ef, 0x02f9ef, 0x004995),
    (0x02f9f0, 0x02f9f0, 0x0095b7),
    (0x02f9f1, 0x02f9f1, 0x028d77),
    (0x02f9f2, 0x02f9f2, 0x0049e6),
    (0x02f9f3, 0x02f9f3, 0x0096c3),
    (0x02f9f4, 0x02f9f4, 0x005db2),
    (0x02f9f5, 0x02f9f5, 0x009723),
    (0x02f9f6, 0x02f9f6, 0x029145),
    (0x02f9f7, 0x02f9f7, 0x02921a),
    (0x02f9f8, 0x02f9f8, 0x004a6e),
    (0x02f9f9, 0x02f9f9, 0x004a76),
    (0x02f9fa, 0x02f9fa, 0x0097e0),
    (0x02f9fb, 0x02f9fb, 0x02940a),
    (0x02f9fc, 0x02f9fc, 0x004ab2),
    (0x02f9fd, 0x02f9fd, 0x029496),
    (0x02f9fe, 0x02f9ff, 0x00980b),
    (0x02fa00, 0x02fa00, 0x009829),
    (0x02fa01, 0x02fa01, 0x0295b6),
    (0x02fa02, 0x02fa02, 0x0098e2),
    (0x02fa03, 0x02fa03, 0x004b33),
    (0x02fa04, 0x02fa04, 0x009929),
    (0x02fa05, 0x02fa05, 0x0099a7),
    (0x02fa06, 0x02fa06, 0x0099c2),
    (0x02fa07, 0x02fa07, 0x0099fe),
    (0x02fa08, 0x02fa08, 0x004bce),
    (0x02fa09, 0x02fa09, 0x029b30),
    (0x02fa0a, 0x02fa0a, 0x009b12),
    (0x02fa0b, 0x02fa0b, 0x009c40),
    (0x02fa0c, 0x02fa0c, 0x009cfd),
    (0x02fa0d, 0x02fa0d, 0x004cce),
    (0x02fa0e, 0x02fa0e, 0x004ced),
    (0x02fa0f, 0x02fa0f, 0x009d67),
    (0x02fa10, 0x02fa10, 0x02a0ce),
    (0x02fa11, 0x02fa11, 0x004cf8),
    (0x02fa12, 0x02fa12, 0x02a105),
    (0x02fa13, 0x02fa13, 0x02a20e),
    (0x02fa14, 0x02fa14, 0x02a291),
    (0x02fa15, 0x02fa15, 0x009ebb),
    (0x02fa16, 0x02fa16, 0x004d56),
    (0x02fa17, 0x02fa17, 0x009ef9),
    (0x02fa18, 0x02fa18, 0x009efe),
    (0x02fa19, 0x02fa19, 0x009f05),
    (0x02fa1a, 0x02fa1a, 0x009f0f),
    (0x02fa1b, 0x02fa1b, 0x009f16),
    (0x02fa1c, 0x02fa1c, 0x009f3b),
    (0x02fa1d, 0x02fa1d, 0x02a600),
];
